approve,flag,title_ar,title_translit,author_en,author_ar,category_slug,size_mb,year,source_url
,possible-dupe,الأدب المفرد (ج 7 و 8 و 9 الأخير) ن2 - البخاري,aladb almfrd j 7 w 8 w 9 alakhyr n2 albkhary,Imam al-Bukhari,محمد بن إسماعيل البخاري,hadith-studies,23.7,,https://archive.org/details/7892_20191007
,possible-dupe,الجامع المسند الصحيح المختصر من أمور (حديث) رسول الله وسننه وأيامه (ج 25 و 26 من تجزئة 30) ن6 - البخاري,aljama almsnd alshyh almkhtsr mn amwr hdyth rswl allh wsnnh wayamh j 25 w 26 mn tjzyh 30 n6 albkhary,Imam al-Bukhari,محمد بن إسماعيل البخاري,hadith-studies,205.3,,https://archive.org/details/2526306
,possible-dupe,الجامع المسند الصحيح المختصر من أمور (حديث) رسول الله وسننه وأيامه ن9 - البخاري,aljama almsnd alshyh almkhtsr mn amwr hdyth rswl allh wsnnh wayamh n9 albkhary,Imam al-Bukhari,محمد بن إسماعيل البخاري,hadith-studies,251.7,,https://archive.org/details/9_20200311_20200311_1602
,possible-dupe,Book الأدب المفرد [1262531] --- محمد بن إسماعيل البخاري (مؤلف),book aladb almfrd 1262531 mhmd bn asmaayl albkhary mwlf,Imam al-Bukhari,محمد بن إسماعيل البخاري,hadith-studies,7.8,,https://archive.org/details/AAskZad-1262531
,possible-dupe,"Tayseer-ul-Bari Sharah Sahi Bukhari تیسیر الباری - شرح صحیح بخاری ,Tarjuma & Sharah ترجمہ اور شرح : Allama Waheed-uz-Zaman - علامہ وحید الزماں",tayseer ul bari sharah sahi bukhari t s r albar shrh sh h bkhar tarjuma sharah trjm awr shrh allama waheed uz zaman alam wh d alzma,Imam al-Bukhari,محمد بن إسماعيل البخاري,hadith-studies,38.7,2021,https://archive.org/details/tayseer-taiseer-ul-bari-sharah-sahi-bukhari-allama-waheed-uz-zaman
,possible-dupe,الجامع المسند الصحيح المختصر من أمور (حديث) رسول الله وسننه وأيامه (ناقص) ن5 - البخاري,aljama almsnd alshyh almkhtsr mn amwr hdyth rswl allh wsnnh wayamh naqs n5 albkhary,Imam al-Bukhari,محمد بن إسماعيل البخاري,hadith-studies,310,,https://archive.org/details/5_20191007_20191007_1635
,possible-dupe,مقدمة_فى_الصحافة_الافريقية_18799_عبد_الرحمن،_عواطف,mqdmh fy alshafh alafryqyh 18799 abd alrhmn awatf,Imam al-Bukhari,محمد بن إسماعيل البخاري,hadith-studies,50.6,,https://archive.org/details/BBib-Alex-00358
,possible-dupe,الجامع المسند الصحيح المختصر من أمور (حديث) رسول الله وسننه وأيامه (من مج 2 إلى مج 8) ن4 - البخاري,aljama almsnd alshyh almkhtsr mn amwr hdyth rswl allh wsnnh wayamh mn mj 2 aly mj 8 n4 albkhary,Imam al-Bukhari,محمد بن إسماعيل البخاري,hadith-studies,427.6,2019,https://archive.org/details/284_20190821
x,ok,[PDF] صحيح البخاري العربية (Sahih al-Bukhari Arabic),pdf shyh albkhary alarbyh sahih al bukhari arabic,Imam al-Bukhari,محمد بن إسماعيل البخاري,hadith-studies,13.8,,https://archive.org/details/sahih-al-bukhari-arabic-full
x,ok,كتاب صحيح البخاري,ktab shyh albkhary,Imam al-Bukhari,محمد بن إسماعيل البخاري,hadith-studies,43.2,2017,https://archive.org/details/SahihBoukhari_201704
x,ok,الجامع المسند الصحيح المختصر من أمور (حديث) رسول الله وسننه وأيامه ن2 - البخاري,aljama almsnd alshyh almkhtsr mn amwr hdyth rswl allh wsnnh wayamh n2 albkhary,Imam al-Bukhari,محمد بن إسماعيل البخاري,hadith-studies,663.3,,https://archive.org/details/2_20190820_20190820_1603
x,ok,الجامع المسند الصحيح المختصر من أمور (حديث) رسول الله وسننه وأيامه (مج 3) ن8 - البخاري,aljama almsnd alshyh almkhtsr mn amwr hdyth rswl allh wsnnh wayamh mj 3 n8 albkhary,Imam al-Bukhari,محمد بن إسماعيل البخاري,hadith-studies,323.7,,https://archive.org/details/38_20191130
x,ok,الجامع المسند الصحيح المختصر من أمور (حديث) رسول الله وسننه وأيامه ن3 - البخاري,aljama almsnd alshyh almkhtsr mn amwr hdyth rswl allh wsnnh wayamh n3 albkhary,Imam al-Bukhari,محمد بن إسماعيل البخاري,hadith-studies,184.5,,https://archive.org/details/3_20190820_20190820_2141
x,ok,التاريخ الكبير,altarykh alkbyr,Imam al-Bukhari,محمد بن إسماعيل البخاري,hadith-studies,29.1,1440,https://archive.org/details/978-603-02-8609-6
x,ok,sahih,sahih,Imam al-Bukhari,محمد بن إسماعيل البخاري,hadith-studies,148.1,,https://archive.org/details/sahih_202505
x,ok,waq99617,waq99617,Siddiq Hasan Khan,صديق حسن خان,aqeedah,5.5,,https://archive.org/details/waq99617
,possible-dupe,223751_محاسن_الإسلام_و_شرائع_الإسلام,223751 mhasn alaslam w shraya alaslam,Ibn Taymiyyah,ابن تيمية,islamic-economics,35.2,1938,https://archive.org/details/AAlexandrina-223751
,possible-dupe,كتاب التمييز,ktab altmyyz,Imam Muslim,مسلم بن الحجاج,hadith-studies,10.9,2021,https://archive.org/details/kitab-al-tamyz-imam-muslim
,possible-dupe,129180_الجزء_الثالث_من_الكتاب_الجليل_العظيم_الجامع_صحيح_مسلم,129180 aljz althalth mn alktab aljlyl alazym aljama shyh mslm,Imam Muslim,مسلم بن الحجاج,hadith-studies,74.4,1357,https://archive.org/details/AAlexandrina-129180
,possible-dupe,140874 - الجامع الصحيح,140874 aljama alshyh,Imam Muslim,مسلم بن الحجاج,hadith-studies,8.7,1911,https://archive.org/details/AAlexandrina-140874
,possible-dupe,146335 - [الجزء الثانى من صحيح مسلم,146335 aljz althany mn shyh mslm,Imam Muslim,مسلم بن الحجاج,hadith-studies,67.8,1290,https://archive.org/details/AAlexandrina-146335
,possible-dupe,140879 - الجامع الصحيح,140879 aljama alshyh,Imam Muslim,مسلم بن الحجاج,hadith-studies,9.7,1911,https://archive.org/details/AAlexandrina-140879
,possible-dupe,140881 - الجامع الصحيح,140881 aljama alshyh,Imam Muslim,مسلم بن الحجاج,hadith-studies,7.6,1911,https://archive.org/details/AAlexandrina-140881
,possible-dupe,044186 - صحيح مسلم,044186 shyh mslm,Imam Muslim,مسلم بن الحجاج,hadith-studies,80.5,1334,https://archive.org/details/AAlexandrina-044186
,possible-dupe,140865 - الجامع الصحيح,140865 aljama alshyh,Imam Muslim,مسلم بن الحجاج,hadith-studies,8.4,1911,https://archive.org/details/AAlexandrina-140865
x,ok,140870 - الجامع الصحيح,140870 aljama alshyh,Imam Muslim,مسلم بن الحجاج,hadith-studies,10,1911,https://archive.org/details/AAlexandrina-140870
x,ok,Sahi Muslim / صحیح مسلم,sahi muslim sh h mslm,Imam Muslim,مسلم بن الحجاج,hadith-studies,3.6,,https://archive.org/details/sahi-muslim-jild-1
x,ok,FP72889,fp72889,Imam Muslim,مسلم بن الحجاج,hadith-studies,38.5,,https://archive.org/details/FP72889
x,ok,140866 - الجامع الصحيح,140866 aljama alshyh,Imam Muslim,مسلم بن الحجاج,hadith-studies,7,1911,https://archive.org/details/AAlexandrina-140866
x,ok,نسائج الديباج بأفراد الإمام مسلم بن الحجاج - عبد الكريم الحجوري PDF,nsayj aldybaj bafrad alamam mslm bn alhjaj abd alkrym alhjwry pdf,Imam Muslim,مسلم بن الحجاج,hajj-and-umrah,17.1,,https://archive.org/details/a1207n
x,ok,140882 - الجامع الصحيح,140882 aljama alshyh,Imam Muslim,مسلم بن الحجاج,hadith-studies,10.3,1911,https://archive.org/details/AAlexandrina-140882
x,ok,223599 - صحيح مسلم,223599 shyh mslm,Imam Muslim,مسلم بن الحجاج,hadith-studies,85.2,1930,https://archive.org/details/AAlexandrina-223599
x,ok,كتاب_عيون_الاخبار_04917_ابن_قتيبة_الدينورى،_ابو_محمد_عبد_الله_بن,ktab aywn alakhbar 04917 abn qtybh aldynwry abw mhmd abd allh bn,Ibn Qutaybah al-Dinawari,ابن قتيبة الدينوري,knowledge,15.2,,https://archive.org/details/BBib-Alex-04917
x,ok,"عيون الأخبار, ط. العلمية",aywn alakhbar t alalmyh,Ibn Qutaybah al-Dinawari,ابن قتيبة الدينوري,knowledge,7.8,1986,https://archive.org/details/UAkhbar
x,ok,FP14945,fp14945,Ibn Qutaybah al-Dinawari,ابن قتيبة الدينوري,knowledge,11.4,,https://archive.org/details/fp14945_202406
x,ok,المعارف_16909_ابن_قتيبة_الدينورى،_ابو_محمد_عبد_الله_بن_مسلم،_عكا,almaarf 16909 abn qtybh aldynwry abw mhmd abd allh bn mslm aka,Ibn Qutaybah al-Dinawari,ابن قتيبة الدينوري,knowledge,23.1,,https://archive.org/details/BBib-Alex-16909
,possible-dupe,مختصر صحيح مسلم للمنذري - ت الألباني ، ط. المعارف pdf,mkhtsr shyh mslm llmndhry t alalbany t almaarf pdf,Muhammad Nasir al-Din al-Albani,محمد ناصر الدين الألباني,hadith-studies,14.4,,https://archive.org/details/a935n
x,ok,"فضل_العرب_و_التنبيه_على_علومها_12974_ابن_قتيبة_الدينورى,_ابومحمد",fdl alarb w altnbyh aly alwmha 12974 abn qtybh aldynwry abwmhmd,Ibn Qutaybah al-Dinawari,ابن قتيبة الدينوري,knowledge,7.6,,https://archive.org/details/BBib-Alex-12974
,review,معجم فقه شرح صحيح مسلم للإمام النووي - محمد بن عثمان الجبرتي PDF,majm fqh shrh shyh mslm llamam alnwwy mhmd bn athman aljbrty pdf,al-Nawawi,النووي,islamic-jurisprudence,8.4,,https://archive.org/details/rvgy6
x,ok,تأويل مشكل القرآن,tawyl mshkl alqran,Ibn Qutaybah al-Dinawari,ابن قتيبة الدينوري,quran-studies,8.4,,https://archive.org/details/taauel
,possible-dupe,فیض القدیر شرح الجامع الصغیر ۔ جلال الدین سیوطی، شرح المناوی الجامع الصغیر من احادیث البشیر النذیر، عربی .حق,f d alqd r shrh aljama alsgh r jlal ald n s wt shrh almnaw aljama alsgh r mn ahad th albsh r alndh r arb hq,Imam Ahmad ibn Hanbal,أحمد بن حنبل,deviated-sects-and-bidah,86.1,2026,https://archive.org/details/20260406_20260406_0715
,possible-dupe,نور الظلام شرح منظومة عقيدة العوام ۔ الشیخ محمد نووی الشافعی ۔ عربی ۔ حق,nwr alzlam shrh mnzwmh aqydh alawam alsh kh mhmd nww alshafa arb hq,Imam Ahmad ibn Hanbal,أحمد بن حنبل,aqeedah,8.2,2026,https://archive.org/details/20260407_20260407_0655
,possible-dupe,للحافظ اسماعيل، بن عمرالدمشقي،المعروف بابن كثير، ابن کثیر 700ھ 774 هـ، آزاد دائرۃ المعارف، ویکیپیڈیا۔ حق,llhafz asmaayl bn amraldmshqy almarwf babn kthyr abn th r 700 774 h azad dayr almaarf w a hq,Imam Ahmad ibn Hanbal,أحمد بن حنبل,hadith-studies,1.3,2026,https://archive.org/details/700-774
,possible-dupe,بدر الظلام علی مسند الامام، شرح مسند الامام الاعظم ابوحنیفہ، نصیب اللہ منیر ۔ پشتو ۔ حق,bdr alzlam al msnd alamam shrh msnd alamam alaazm abwhn f ns b all mn r shtw hq,Imam Ahmad ibn Hanbal,أحمد بن حنبل,deviated-sects-and-bidah,13.4,2026,https://archive.org/details/20260329_20260329_0619
,review,النكت على شرح النووي على صحيح مسلم - د. هاني فقيه PDF,alnkt aly shrh alnwwy aly shyh mslm d hany fqyh pdf,al-Nawawi,النووي,hadith-studies,1.3,,https://archive.org/details/zofs3
x,ok,عيون الأخبار ط. المكتب الإسلامي,aywn alakhbar t almktb alaslamy,Ibn Qutaybah al-Dinawari,ابن قتيبة الدينوري,knowledge,9.4,2008,https://archive.org/details/UyoonAkhbar
x,ok,كتاب_الجراثيم_16498_ابن_قتيبة_الدينورى،_ابو_محمد_عبد_الله_بن_مسلم،,ktab aljrathym 16498 abn qtybh aldynwry abw mhmd abd allh bn mslm,Ibn Qutaybah al-Dinawari,ابن قتيبة الدينوري,knowledge,9,,https://archive.org/details/BBib-Alex-16498
x,ok,"الشعر_و_الشعراء_02907_ابن_قتيبة_الدينورى,_ابومحمد_عبدالله_بن_مسلم،",alshar w alshara 02907 abn qtybh aldynwry abwmhmd abdallh bn mslm,Ibn Qutaybah al-Dinawari,ابن قتيبة الدينوري,knowledge,14.9,,https://archive.org/details/BBib-Alex-02907
x,ok,الإختلاف_فى_اللفظ_و_الرد_على_الجهمية_و_المشبهة_03141_أبي_محمد_عبد,alakhtlaf fy allfz w alrd aly aljhmyh w almshbhh 03141 aby mhmd abd,Ibn Qutaybah al-Dinawari,ابن قتيبة الدينوري,knowledge,2.3,1984,https://archive.org/details/BBib-Alex-03141
x,ok,"الشعر_و_الشعراء_02906_ابن_قتيبة_الدينورى,_ابومحمد_عبدالله_بن_مسلم،",alshar w alshara 02906 abn qtybh aldynwry abwmhmd abdallh bn mslm,Ibn Qutaybah al-Dinawari,ابن قتيبة الدينوري,knowledge,11,,https://archive.org/details/BBib-Alex-02906
x,ok,كتاب_الجراثيم_02_16499_ابن_قتيبة_الدينورى،_ابو_محمد_عبد_الله_بن,ktab aljrathym 02 16499 abn qtybh aldynwry abw mhmd abd allh bn,Ibn Qutaybah al-Dinawari,ابن قتيبة الدينوري,knowledge,8.2,,https://archive.org/details/BBib-Alex-16499
x,ok,FP60181,fp60181,Ibn Qutaybah al-Dinawari,ابن قتيبة الدينوري,knowledge,9.4,,https://archive.org/details/FP60181
,possible-dupe,waq8460,waq8460,Abu Dawud al-Sijistani,أبو داود السجستاني,hadith-studies,8.2,,https://archive.org/details/waq8460
,possible-dupe,waq80519,waq80519,Abu Dawud al-Sijistani,أبو داود السجستاني,hadith-studies,25.7,,https://archive.org/details/waq80519
,possible-dupe,waqamssad,waqamssad,Abu Dawud al-Sijistani,أبو داود السجستاني,hadith-studies,40.5,,https://archive.org/details/waqamssad
,possible-dupe,39781,39781,Abu Dawud al-Sijistani,أبو داود السجستاني,hadith-studies,6.8,,https://archive.org/details/waq39781
,possible-dupe,128918_سنن_ابى_داود_من_كتاب_الطهارات_والديات,128918 snn aby dawd mn ktab altharat waldyat,Abu Dawud al-Sijistani,أبو داود السجستاني,hadith-studies,81.9,2026,https://archive.org/details/AAlexandrina-128918
,possible-dupe,210526 - كتاب المراسيل,210526 ktab almrasyl,Abu Dawud al-Sijistani,أبو داود السجستاني,hadith-studies,8.7,1900,https://archive.org/details/AAlexandrina-210526
,possible-dupe,104754_صحيح_سنن_المصطفى_صلى_الله_عليه_وسلم,104754 shyh snn almstfy sly allh alyh wslm,Abu Dawud al-Sijistani,أبو داود السجستاني,hadith-studies,114.1,1280,https://archive.org/details/AAlexandrina-104754
,possible-dupe,162027_سنن_ابى_داود_مع_حاشية_التعليق_المحمود,162027 snn aby dawd ma hashyh altalyq almhmwd,Abu Dawud al-Sijistani,أبو داود السجستاني,hadith-studies,55.6,1345,https://archive.org/details/AAlexandrina-162027
x,ok,051959_صحيح_سنن_المصطفى_صلى_الله_عليه_وسلم,051959 shyh snn almstfy sly allh alyh wslm,Abu Dawud al-Sijistani,أبو داود السجستاني,hadith-studies,108,1280,https://archive.org/details/AAlexandrina-051959
x,ok,FP98580,fp98580,Abu Dawud al-Sijistani,أبو داود السجستاني,hadith-studies,20.2,,https://archive.org/details/FP98580
x,ok,سنن أبي داود ومراسيله ورسالته وتسمية الشيوخ,snn aby dawd wmrasylh wrsalth wtsmyh alshywkh,Abu Dawud al-Sijistani,أبو داود السجستاني,hadith-studies,262.6,,https://archive.org/details/sunanabidawud
x,ok,430730_سنن_ابى_داود_جمع_جوامع_الاحاديث_والاسانيد_ومكن_مسانيد,430730 snn aby dawd jma jwama alahadyth walasanyd wmkn msanyd,Abu Dawud al-Sijistani,أبو داود السجستاني,hadith-studies,43.5,,https://archive.org/details/AAlexandrina-430730
x,ok,waq105201,waq105201,Abu Dawud al-Sijistani,أبو داود السجستاني,hadith-studies,12.8,,https://archive.org/details/waq105201
x,ok,[PDF] سنن أبي داود العربية (Sunan Abu Dawood Arabic),pdf snn aby dawd alarbyh sunan abu dawood arabic,Abu Dawud al-Sijistani,أبو داود السجستاني,hadith-studies,95.4,,https://archive.org/details/sunan-abu-dawood-arabic
x,ok,149864 - كتاب المصاحف,149864 ktab almsahf,Abu Dawud al-Sijistani,أبو داود السجستاني,quran-studies,48.2,1936,https://archive.org/details/AAlexandrina-149864
,possible-dupe,الشمائل المحمدية,alshmayl almhmdyh,al-Tirmidhi,محمد بن عيسى الترمذي,hadith-studies,10.4,,https://archive.org/details/Library.mmn_201510
,possible-dupe,FP4822,fp4822,al-Tirmidhi,محمد بن عيسى الترمذي,hadith-studies,12.1,,https://archive.org/details/waq4822
,possible-dupe,تاريخ سند = تاريخ معصومي للشاملة,tarykh snd tarykh maswmy llshamlh,al-Tirmidhi,محمد بن عيسى الترمذي,islamic-history,6.5,2019,https://archive.org/details/tarikh_sindh_tareekh-e-masumi
,possible-dupe,الصحيح لمسلم شرحه الكامل للنووي قديمي كتب خانه,alshyh lmslm shrhh alkaml llnwwy qdymy ktb khanh,al-Tirmidhi,محمد بن عيسى الترمذي,hadith-studies,45.5,2020,https://archive.org/details/1_20200217_20200217_0812
,possible-dupe,الرد على المعطلة للحكيم الترمذي,alrd aly almatlh llhkym altrmdhy,al-Tirmidhi,محمد بن عيسى الترمذي,deviated-sects-and-bidah,9.3,,https://archive.org/details/20260618_20260618_1145
,possible-dupe,جامع الترمذي,jama altrmdhy,al-Tirmidhi,محمد بن عيسى الترمذي,hadith-studies,82.4,,https://archive.org/details/20250105_20250105_1935
,possible-dupe,waq70110,waq70110,al-Tirmidhi,محمد بن عيسى الترمذي,hadith-studies,24.2,,https://archive.org/details/waq70110
,possible-dupe,شرح شمائل النبي صلى الله عليه وسلم للترمذي البدر الزلفي,shrh shmayl alnby sly allh alyh wslm lltrmdhy albdr alzlfy,al-Tirmidhi,محمد بن عيسى الترمذي,islamic-history,8.2,2020,https://archive.org/details/20200213_20200213_0534
x,ok,FP95436,fp95436,al-Tirmidhi,محمد بن عيسى الترمذي,hadith-studies,10.4,,https://archive.org/details/FP95436
x,ok,الصلاة ومقاصدها الحكيم الترمذي,alslah wmqasdha alhkym altrmdhy,al-Tirmidhi,محمد بن عيسى الترمذي,islamic-jurisprudence,6.3,,https://archive.org/details/20240602_20240602_0819
x,ok,Book كتاب الرياضة وأدب النفس [1281014] --- أبي عبدالله محمد بن علي بن الحسن الحكيم الترمذي (مؤلف),book ktab alryadh wadb alnfs 1281014 aby abdallh mhmd bn aly bn alhsn alhkym altrmdhy mwlf,al-Tirmidhi,محمد بن عيسى الترمذي,hadith-studies,1.3,,https://archive.org/details/AAskZad-1281014
x,ok,رسالة بدو شان # أبي عبد الله الحكيم الترمذي,rsalh bdw shan aby abd allh alhkym altrmdhy,al-Tirmidhi,محمد بن عيسى الترمذي,hadith-studies,3.2,,https://archive.org/details/20251212_20251212_0031
x,ok,فوائد من سنن الإمام الحافظ الترمذي - هلال الزهراني PDF,fwayd mn snn alamam alhafz altrmdhy hlal alzhrany pdf,al-Tirmidhi,محمد بن عيسى الترمذي,hadith-studies,3.1,,https://archive.org/details/jjdc5
x,ok,الشمائل المحمدية والخصائل المصطفوية، الترمذي,alshmayl almhmdyh walkhsayl almstfwyh altrmdhy,al-Tirmidhi,محمد بن عيسى الترمذي,hadith-studies,7.1,2021,https://archive.org/details/20211108_20211108_1642
x,ok,152005_حاشية_العالم_الهمام_والعلامة_الامام_الشيخ_ابراهيم_ال_ية_على,152005 hashyh alaalm alhmam walalamh alamam alshykh abrahym al yh aly,al-Tirmidhi,محمد بن عيسى الترمذي,islamic-history,22.6,1311,https://archive.org/details/AAlexandrina-152005
,possible-dupe,الدرر المنضدة من عقائد السلف المسندة,aldrr almnddh mn aqayd alslf almsndh,Ibn Jarir al-Tabari,محمد بن جرير الطبري,aqeedah,1.5,,https://archive.org/details/20220811_20220811_0819
,possible-dupe,‎⁨فضائل القرآن للإمام النسائي مؤسسة الكتب الثقافية⁩,fdayl alqran llamam alnsayy mwssh alktb althqafyh,al-Nasa'i,أحمد بن شعيب النسائي,hadith-studies,3.8,1985,https://archive.org/details/FadaelAlQuraan
,possible-dupe,خصائص أمير المؤمنين علي بن أبي طالب للإمام النسائي,khsays amyr almwmnyn aly bn aby talb llamam alnsayy,al-Nasa'i,أحمد بن شعيب النسائي,hadith-studies,11.5,,https://archive.org/details/KhasaesAmiralMomenin-Nasaei
,possible-dupe,السنن الصغرى (المجتبى) ن1 - النسائي,alsnn alsghry almjtby n1 alnsayy,al-Nasa'i,أحمد بن شعيب النسائي,hadith-studies,228.4,,https://archive.org/details/1_20191015_20191015_1740
,possible-dupe,مجموعة رسائل في علوم الحديث للإمام النسائي وللخطيب البغدادي,mjmwah rsayl fy alwm alhdyth llamam alnsayy wllkhtyb albghdady,al-Khatib al-Baghdadi,الخطيب البغدادي,knowledge,11.7,1094,https://archive.org/details/Nasaiwabagdadi
,possible-dupe,224871 - سنن النسائى,224871 snn alnsayy,al-Nasa'i,أحمد بن شعيب النسائي,hadith-studies,87.4,2009,https://archive.org/details/AAlexandrina-224871
,possible-dupe,Book الخصائص في مناقب علي بن أبي طالب رضي الله عنه [1154617] --- أبو عبد الرحمن أحمد بن شعيب بن علي بن سنان بن بحر بن دينار النسائي,book alkhsays fy mnaqb aly bn aby talb rdy allh anh 1154617 abw abd alrhmn ahmd bn shayb bn aly bn snan bn bhr bn dynar alnsayy,al-Nasa'i,أحمد بن شعيب النسائي,hadith-studies,3.6,,https://archive.org/details/AAskZad-1154617
,possible-dupe,waq51186,waq51186,al-Nasa'i,أحمد بن شعيب النسائي,hadith-studies,12.4,,https://archive.org/details/waq51186
,possible-dupe,120549 - سنن النسائى,120549 snn alnsayy,al-Nasa'i,أحمد بن شعيب النسائي,hadith-studies,34.7,1900,https://archive.org/details/AAlexandrina-120549
x,ok,151208_الخصايص_صح_الخصائص_فى_مناقب_على_بن_ابى_طال_له_عنه,151208 alkhsays sh alkhsays fy mnaqb aly bn aby tal lh anh,al-Nasa'i,أحمد بن شعيب النسائي,hadith-studies,9.2,1886,https://archive.org/details/AAlexandrina-151208
x,ok,WAQ93839,waq93839,al-Nasa'i,أحمد بن شعيب النسائي,hadith-studies,35.3,,https://archive.org/details/WAQ93839
x,ok,13474,13474,al-Nasa'i,أحمد بن شعيب النسائي,hadith-studies,1.6,,https://archive.org/details/waq13474
x,ok,27726,27726,al-Nasa'i,أحمد بن شعيب النسائي,hadith-studies,1.8,,https://archive.org/details/waq27726
x,ok,السنن (المعروف بالمجتبى) - النسائي ، ت عصام موسى هادي PDF,alsnn almarwf balmjtby alnsayy t asam mwsy hady pdf,al-Nasa'i,أحمد بن شعيب النسائي,hadith-studies,54.8,,https://archive.org/details/a2346n
x,ok,144994 - سنن النسائي مجلد- (3 و4),144994 snn alnsayy mjld 3 w4,al-Nasa'i,أحمد بن شعيب النسائي,hadith-studies,40.6,1930,https://archive.org/details/AAlexandrina-144994
x,ok,027794_الخصايص_صح_الخصائص_فى_مناقب_على_بن_ابى_طالب_رضى_الله_عنه,027794 alkhsays sh alkhsays fy mnaqb aly bn aby talb rdy allh anh,al-Nasa'i,أحمد بن شعيب النسائي,hadith-studies,15.6,1886,https://archive.org/details/AAlexandrina-027794
x,ok,144993 - سنن النسائي مجلد- (1 و2),144993 snn alnsayy mjld 1 w2,al-Nasa'i,أحمد بن شعيب النسائي,hadith-studies,40,1930,https://archive.org/details/AAlexandrina-144993
,possible-dupe,waq94727,waq94727,Ibn Majah,ابن ماجه,hadith-studies,19.6,,https://archive.org/details/waq94727
,possible-dupe,FP144417,fp144417,Ibn Majah,ابن ماجه,hadith-studies,12.3,,https://archive.org/details/fp144417_202502
,possible-dupe,Sunan al-Mustafa.[v.1],sunan al mustafa v 1,Ibn Majah,ابن ماجه,hadith-studies,451.5,1930,https://archive.org/details/32882019390726-sunanalmustafav
,possible-dupe,waq105915,waq105915,Ibn Majah,ابن ماجه,hadith-studies,46.8,,https://archive.org/details/waq105915
,possible-dupe,waq98841,waq98841,Ibn Majah,ابن ماجه,hadith-studies,10.7,,https://archive.org/details/waq98841
,possible-dupe,WAQ94613,waq94613,Ibn Majah,ابن ماجه,hadith-studies,25.4,,https://archive.org/details/WAQ94613
,possible-dupe,Daf Ahnaf Ke Nazdi Jayaz Ya na Jayaz,daf ahnaf ke nazdi jayaz ya na jayaz,Ibn Majah,ابن ماجه,hajj-and-umrah,15.2,,https://archive.org/details/daf-ahlesunnat-ki-nazar-men
,possible-dupe,163607 - سنن ابن ماجة,163607 snn abn majh,Ibn Majah,ابن ماجه,hadith-studies,55.1,1800,https://archive.org/details/AAlexandrina-163607
x,ok,Sunan al-Mustafa.[v.2],sunan al mustafa v 2,Ibn Majah,ابن ماجه,hadith-studies,407.2,1930,https://archive.org/details/32882019394298-sunanalmustafav
x,ok,waqehssim,waqehssim,Ibn Majah,ابن ماجه,hadith-studies,40.7,,https://archive.org/details/waqehssim
x,ok,429704_سنن_ابن_ماجه_جمع_جوامع_الاحاديث_والاسانيد_ومكن_مسانيد,429704 snn abn majh jma jwama alahadyth walasanyd wmkn msanyd,Ibn Majah,ابن ماجه,hadith-studies,57.4,,https://archive.org/details/AAlexandrina-429704
x,ok,126100 - سنن ابن ماجة,126100 snn abn majh,Ibn Majah,ابن ماجه,hadith-studies,61.6,1800,https://archive.org/details/AAlexandrina-126100
x,ok,السنن (سنن إبن ماجة) - الإمام أبو عبد الله محمد بن يزيد ابن ماجة القزويني (ط: دار تأصيل),alsnn snn abn majh alamam abw abd allh mhmd bn yzyd abn majh alqzwyny t dar tasyl,Ibn Majah,ابن ماجه,hadith-studies,12.9,2014,https://archive.org/details/3.-2542-4069
,possible-dupe,أصول السنة لإمام أهل السنة أحمد بن حنبل pdf,aswl alsnh lamam ahl alsnh ahmd bn hnbl pdf,Imam Ahmad ibn Hanbal,أحمد بن حنبل,hadith-studies,2.3,,https://archive.org/details/haqp9
,possible-dupe,كتاب السنة,ktab alsnh,Imam Ahmad ibn Hanbal,أحمد بن حنبل,aqeedah,7.8,,https://archive.org/details/arabic-book-1772646707-305acd
,possible-dupe,almanat-usulalsana,almanat usulalsana,Imam Ahmad ibn Hanbal,أحمد بن حنبل,aqeedah,3.4,2025,https://archive.org/details/almanat-usulalsana
,possible-dupe,أصول السنة للإمام أحمد بن حنبل,aswl alsnh llamam ahmd bn hnbl,Imam Ahmad ibn Hanbal,أحمد بن حنبل,hadith-studies,11.9,,https://archive.org/details/20260427_20260427_1905
x,ok,فضائل الصحابة لأحمد بن حنبل,fdayl alshabh lahmd bn hnbl,Imam Ahmad ibn Hanbal,أحمد بن حنبل,knowledge,10.1,2026,https://archive.org/details/1_20260225_20260225_1521
x,ok,Book تقريب العقيدة الصحيحة في ضوء رسالة (أصول السنة) للإمام المبجل أحمد بن حنبل [1262532] --- أحمد بن حنبل (مؤلف)_سعد يوسف محمود أبو,book tqryb alaqydh alshyhh fy dw rsalh aswl alsnh llamam almbjl ahmd bn hnbl 1262532 ahmd bn hnbl mwlf sad ywsf mhmwd abw,Imam Ahmad ibn Hanbal,أحمد بن حنبل,aqeedah,1.3,,https://archive.org/details/AAskZad-1262532
x,ok,سيرة الإمام أحمد بن حنبل، رواية ابنه صالح - تحقيق أ. د. فؤاد عبدالمنعم أحمد,syrh alamam ahmd bn hnbl rwayh abnh salh thqyq a d fwad abdalmnam ahmd,Imam Ahmad ibn Hanbal,أحمد بن حنبل,islamic-history,2.6,,https://archive.org/details/20201015_20201015_0234
x,ok,كتاب فضائل الصحابة,ktab fdayl alshabh,Imam Ahmad ibn Hanbal,أحمد بن حنبل,hadith-studies,17.6,,https://archive.org/details/Nader.Al-Imam.Al-Mahdi
x,ok,ثلاثيات مسند أحمد,thlathyat msnd ahmd,Imam Ahmad ibn Hanbal,أحمد بن حنبل,hadith-studies,4,,https://archive.org/details/20210731_20210731_1233
x,ok,كتاب الزهد للإمام أحمد بن حنبل,ktab alzhd llamam ahmd bn hnbl,Imam Ahmad ibn Hanbal,أحمد بن حنبل,spiritual-healing,54.5,,https://archive.org/details/20260306_20260306_0921
x,ok,كتاب السنة - عبدالله بن أحمد بن حنبل,ktab alsnh abdallh bn ahmd bn hnbl,Imam Ahmad ibn Hanbal,أحمد بن حنبل,hadith-studies,16.5,,https://archive.org/details/20230905_20230905_0947
,possible-dupe,السنة لعبدالله بن أحمد,alsnh labdallh bn ahmd,Abdullah ibn Ahmad ibn Hanbal,عبد الله بن أحمد بن حنبل,aqeedah,16.4,,https://archive.org/details/20240818_20240818_0111
,possible-dupe,مقدمة_فى_الصحافة_الافريقية_18799_عبد_الرحمن،_عواطف,mqdmh fy alshafh alafryqyh 18799 abd alrhmn awatf,Ibn Hajar al-Asqalani,ابن حجر العسقلاني,hadith-studies,12.4,1985,https://archive.org/details/BBib-Alex-00321
,possible-dupe,194245_شرح_محمد_الزرقانى_على_صحيح_الموطأ_لمالك_بن_انس,194245 shrh mhmd alzrqany aly shyh almwta lmalk bn ans,Imam Malik ibn Anas,مالك بن أنس,islamic-jurisprudence,66.3,1892,https://archive.org/details/AAlexandrina-194245
,possible-dupe,224178 - المدونة الكبرى,224178 almdwnh alkbry,Imam Malik ibn Anas,مالك بن أنس,islamic-jurisprudence,34.4,1905,https://archive.org/details/AAlexandrina-224178
,possible-dupe,154598 - المدونة الكبرى,154598 almdwnh alkbry,Imam Malik ibn Anas,مالك بن أنس,islamic-jurisprudence,115.6,1900,https://archive.org/details/AAlexandrina-154598
,possible-dupe,141199 - الموطأ,141199 almwta,Imam Malik ibn Anas,مالك بن أنس,islamic-jurisprudence,11,1969,https://archive.org/details/AAlexandrina-141199
,possible-dupe,117228_رسالة_امام_اهل_المدينة_ابى_عبد_الله_بن_انس_الى_امير_المؤ,117228 rsalh amam ahl almdynh aby abd allh bn ans aly amyr almw,Imam Malik ibn Anas,مالك بن أنس,islamic-jurisprudence,3.5,1311,https://archive.org/details/AAlexandrina-117228
,possible-dupe,الموطأ برواية أبي مصعب الزهري مقارنة برواية يحيى بن يحيى الليثي دار التأصيل,almwta brwayh aby msab alzhry mqarnh brwayh yhyy bn yhyy allythy dar altasyl,Imam Malik ibn Anas,مالك بن أنس,hadith-studies,11,2019,https://archive.org/details/2_20191217_20191217_1355
,possible-dupe,الموطأ - مالك بن أنس، مطبعة الدولة تونس 1863؛ طباعة حجرية,almwta malk bn ans mtbah aldwlh twns 1863 tbaah hjryh,Imam Malik ibn Anas,مالك بن أنس,islamic-jurisprudence,144.1,,https://archive.org/details/1863407.
,possible-dupe,الموطأ برواية يحي بن يحي الليثي وعليه زيادات رواية أبي مصعب الزهري المدني ورواية محمد بن الحسن الشيباني,almwta brwayh yhy bn yhy allythy walyh zyadat rwayh aby msab alzhry almdny wrwayh mhmd bn alhsn alshybany,Imam Malik ibn Anas,مالك بن أنس,hadith-studies,21.3,2019,https://archive.org/details/20191216_20191216_0953
x,ok,اسماء شيوخ الامام مالك بن أنس 2,asma shywkh alamam malk bn ans 2,Imam Malik ibn Anas,مالك بن أنس,hadith-studies,4.7,2024,https://archive.org/details/2_20241126_20241126_1619
x,ok,194248_شرح_محمد_الزرقانى_على_صحيح_الموطأ_لمالك_بن_انس,194248 shrh mhmd alzrqany aly shyh almwta lmalk bn ans,Imam Malik ibn Anas,مالك بن أنس,islamic-jurisprudence,105.7,1892,https://archive.org/details/AAlexandrina-194248
x,ok,موطأ مالك,mwta malk,Imam Malik ibn Anas,مالك بن أنس,hadith-studies,9.6,,https://archive.org/details/FP98768
x,ok,139078 - موطأ الامام مالك,139078 mwta alamam malk,Imam Malik ibn Anas,مالك بن أنس,islamic-jurisprudence,39.3,1967,https://archive.org/details/AAlexandrina-139078
x,ok,224191 - المدونة الكبرى,224191 almdwnh alkbry,Imam Malik ibn Anas,مالك بن أنس,islamic-jurisprudence,34,1905,https://archive.org/details/AAlexandrina-224191
x,ok,142834_رسالة_امام_اهل_المدينةابى_عبد_الله_مالك_بن_انس_الى_حيى_بن,142834 rsalh amam ahl almdynhaby abd allh malk bn ans aly hyy bn,Imam Malik ibn Anas,مالك بن أنس,islamic-jurisprudence,4.9,1893,https://archive.org/details/AAlexandrina-142834
x,ok,الموطأ (برواية محمد بن الحسن الشيباني) ن1 - الإمام مالك بن أنس,almwta brwayh mhmd bn alhsn alshybany n1 alamam malk bn ans,Imam Malik ibn Anas,مالك بن أنس,hadith-studies,41.5,,https://archive.org/details/1_20191004_20191004_1958
,possible-dupe,waq13470,waq13470,al-Darimi,عبد الله بن عبد الرحمن الدارمي,hadith-studies,10.5,,https://archive.org/details/waq13470
,possible-dupe,تاريخ عثمان بن سعيد الدّارمي ، في تجريح الرواة وتعديلهم,tarykh athman bn sayd aldarmy fy tjryh alrwah wtadylhm,Uthman ibn Sa'id al-Darimi,عثمان بن سعيد الدارمي,hadith-studies,3.5,,https://archive.org/details/20260611_20260611_0358
,possible-dupe,142920_رد_الامام_الدارمى_عثمان_بن_سعيد_على_بشر_المريسى_العنيد,142920 rd alamam aldarmy athman bn sayd aly bshr almrysy alanyd,al-Darimi,عبد الله بن عبد الرحمن الدارمي,hadith-studies,27.5,1939,https://archive.org/details/AAlexandrina-142920
,possible-dupe,شرح مقدمة الإمام الدارمي - أ.د. بندر العبدلي PDF,shrh mqdmh alamam aldarmy a d bndr alabdly pdf,al-Darimi,عبد الله بن عبد الرحمن الدارمي,hadith-studies,1.7,,https://archive.org/details/vfre3
,possible-dupe,كتاب الرد على الجهمية للإمام الدارمي تحقيق الشيخ عادل آل حمدان,ktab alrd aly aljhmyh llamam aldarmy thqyq alshykh aadl al hmdan,Uthman ibn Sa'id al-Darimi,عثمان بن سعيد الدارمي,deviated-sects-and-bidah,34.5,,https://archive.org/details/20260219_20260219_0400
,possible-dupe,ديوان مسكين الدارمي,dywan mskyn aldarmy,al-Darimi,عبد الله بن عبد الرحمن الدارمي,hadith-studies,5.3,2000,https://archive.org/details/diwan-dharmi
,possible-dupe,تقريب الثقات لابن حبان,tqryb althqat labn hban,al-Darimi,عبد الله بن عبد الرحمن الدارمي,hadith-studies,26.8,2020,https://archive.org/details/20200306_20200306_0452
,possible-dupe,ألاحسان في تقريب صحيح ابن حبان ط بيت الافكار الدولية,alahsan fy tqryb shyh abn hban t byt alafkar aldwlyh,al-Darimi,عبد الله بن عبد الرحمن الدارمي,hadith-studies,53.5,2019,https://archive.org/details/20191211_20191211_1222
,possible-dupe,Sunnan Darmi/ سنن دارمی,sunnan darmi snn darm,al-Darimi,عبد الله بن عبد الرحمن الدارمي,hadith-studies,15,2019,https://archive.org/details/SunnanDarmi
,possible-dupe,059033 - مقدمة سنن الدارمى,059033 mqdmh snn aldarmy,al-Darimi,عبد الله بن عبد الرحمن الدارمي,hadith-studies,95,1293,https://archive.org/details/AAlexandrina-059033
,possible-dupe,التعليق على الرد على الجهمية للدارمي الشيخ عبدالله الغنيمان,altalyq aly alrd aly aljhmyh lldarmy alshykh abdallh alghnyman,Uthman ibn Sa'id al-Darimi,عثمان بن سعيد الدارمي,aqeedah,10,,https://archive.org/details/Ar_rad_ala_al_jahmiyyah_al_darimi
x,ok,141964 - مقدمة سنن الدارمى,141964 mqdmh snn aldarmy,al-Darimi,عبد الله بن عبد الرحمن الدارمي,hadith-studies,94.2,1293,https://archive.org/details/AAlexandrina-141964
x,ok,الإحسان في تقريب صحيح ابن حبان دار التأصيل,alahsan fy tqryb shyh abn hban dar altasyl,al-Darimi,عبد الله بن عبد الرحمن الدارمي,hadith-studies,14.5,2019,https://archive.org/details/1_20191217_20191217_1533
x,ok,147127 - مقدمة سنن الدارمى,147127 mqdmh snn aldarmy,al-Darimi,عبد الله بن عبد الرحمن الدارمي,hadith-studies,88.4,1293,https://archive.org/details/AAlexandrina-147127
x,ok,Sunnan Darmi Sharif Vol 2/المسند الجامع (سنن الدارمي),sunnan darmi sharif vol 2 almsnd aljama snn aldarmy,al-Darimi,عبد الله بن عبد الرحمن الدارمي,hadith-studies,21.9,2019,https://archive.org/details/SunnanDarmiSharifVol2
x,ok,waqrdbmrdbm,waqrdbmrdbm,al-Darimi,عبد الله بن عبد الرحمن الدارمي,hadith-studies,4,,https://archive.org/details/waqrdbmrdbm
x,ok,الجامع في السنن ن1 - الدارمي,aljama fy alsnn n1 aldarmy,al-Darimi,عبد الله بن عبد الرحمن الدارمي,hadith-studies,59.7,,https://archive.org/details/1_20190915_20190915
,possible-dupe,رد الامام الدارمي عثمان بن سعيد على بشر المريسي العنيد - طبعة نادرة و قديمة و ملونة,rd alamam aldarmy athman bn sayd aly bshr almrysy alanyd tbah nadrh w qdymh w mlwnh,Uthman ibn Sa'id al-Darimi,عثمان بن سعيد الدارمي,aqeedah,105.9,1940,https://archive.org/details/1358-1940
x,ok,نقض الدارمي على المريسي تحقيق الشيخ عادل آل حمدان ملون,nqd aldarmy aly almrysy thqyq alshykh aadl al hmdan mlwn,al-Darimi,عبد الله بن عبد الرحمن الدارمي,aqeedah,43.5,,https://archive.org/details/20260219_20260219_2300
,possible-dupe,كتاب التوحيد لابن خزيمة ط ابن رجب,ktab altwhyd labn khzymh t abn rjb,Ibn Khuzaymah,ابن خزيمة,deviated-sects-and-bidah,24.3,,https://archive.org/details/20260316_20260316_1849
,possible-dupe,كتاب التوحيد لابن خزيمة,ktab altwhyd labn khzymh,Ibn Khuzaymah,ابن خزيمة,aqeedah,279.3,,https://archive.org/details/20240110_20240110_1058
,possible-dupe,61667,61667,Ibn Khuzaymah,ابن خزيمة,aqeedah,20.8,,https://archive.org/details/waq61667
,possible-dupe,FP151362,fp151362,Ibn Khuzaymah,ابن خزيمة,aqeedah,14.3,,https://archive.org/details/FP151362
,possible-dupe,121794_كتاب_التوحيد_واثبات_صفات_الرب_عز_وجل_التى_وصف_بها_نفسه,121794 ktab altwhyd wathbat sfat alrb az wjl alty wsf bha nfsh,Ibn Khuzaymah,ابن خزيمة,aqeedah,37.5,1354,https://archive.org/details/AAlexandrina-121794
,possible-dupe,كتاب التوحيد لابن خزيمة دار المعاني للنشر والتوزيع,ktab altwhyd labn khzymh dar almaany llnshr waltwzya,Ibn Khuzaymah,ابن خزيمة,aqeedah,20.9,2025,https://archive.org/details/20250802_20250802_1302
,possible-dupe,69577,69577,Ibn Khuzaymah,ابن خزيمة,aqeedah,6.5,,https://archive.org/details/waq69577
,possible-dupe,113261,113261,Ibn Khuzaymah,ابن خزيمة,aqeedah,12.2,,https://archive.org/details/WAQ113261_201403
x,ok,كتاب التوحيد,ktab altwhyd,Ibn Khuzaymah,ابن خزيمة,aqeedah,18.2,1444,https://archive.org/details/978-6-14-761-9921
x,ok,صحيح ابن خزيمة دار التأصيل,shyh abn khzymh dar altasyl,Ibn Khuzaymah,ابن خزيمة,aqeedah,13.6,2019,https://archive.org/details/2_20191217_20191217_1444
,possible-dupe,السنة لابن أبي عاصم,alsnh labn aby aasm,Ibn Abi 'Asim,ابن أبي عاصم,aqeedah,18,,https://archive.org/details/20240818_20240818_0157
,possible-dupe,098977 - كتاب الديات,098977 ktab aldyat,Ibn Abi 'Asim,ابن أبي عاصم,islamic-jurisprudence,9.8,1323,https://archive.org/details/AAlexandrina-098977
,possible-dupe,المذكر والتذكير والذكر - ابن أبي عاصم ، ت د. خالد الردادي PDF,almdhkr waltdhkyr waldhkr abn aby aasm t d khald alrdady pdf,Ibn Abi 'Asim,ابن أبي عاصم,aqeedah,2.9,,https://archive.org/details/diok8
,possible-dupe,144981_كتاب_الزهد_كتاب_فيه_ذكر_الدنيا_والزهد_فيها_والصمت_وح_العزلة,144981 ktab alzhd ktab fyh dhkr aldnya walzhd fyha walsmt wh alazlh,Ibn Abi 'Asim,ابن أبي عاصم,hadith-studies,12.7,1983,https://archive.org/details/AAlexandrina-144981
,possible-dupe,waq50076,waq50076,al-Ajurri,الآجري,aqeedah,2,,https://archive.org/details/waq50076
,possible-dupe,شرح فضل الإسلام للشيخ صالح آل الشيخ,shrh fdl alaslam llshykh salh al alshykh,al-Ajurri,الآجري,aqeedah,10.1,2014,https://archive.org/details/shar7-fadhl-al-islam-salih-al-sheikh
,possible-dupe,الأربعون حديثا (ناقص الأول) ن1 - أبو بكر الآجري البغدادي,alarbawn hdytha naqs alawl n1 abw bkr alajry albghdady,al-Ajurri,الآجري,aqeedah,18.5,,https://archive.org/details/1_20200409_20200409_1226
,possible-dupe,أدب النفوس,adb alnfws,al-Ajurri,الآجري,spiritual-healing,3.7,,https://archive.org/details/adab-al-nufus-7
,possible-dupe,أخلاق العالم والمتعلم عند أبي بكر الآجري (ماجستير) - عبد الرؤوف عبد الرحمن PDF,akhlaq alaalm walmtalm and aby bkr alajry majstyr abd alrwwf abd alrhmn pdf,al-Ajurri,الآجري,islamic-etiquette,5.2,,https://archive.org/details/a2287n
,possible-dupe,waq94521,waq94521,al-Ajurri,الآجري,aqeedah,8.6,,https://archive.org/details/waq94521
,possible-dupe,waq38308,waq38308,al-Ajurri,الآجري,aqeedah,4.8,,https://archive.org/details/waq38308
,possible-dupe,كتاب الشريعة,ktab alshryah,al-Ajurri,الآجري,aqeedah,31,,https://archive.org/details/Shareaa_Ajurri
x,ok,FP173038,fp173038,al-Ajurri,الآجري,aqeedah,27.4,,https://archive.org/details/FP173038
x,ok,‏‏أخلاق العلماء,akhlaq alalma,al-Ajurri,الآجري,islamic-etiquette,6.9,2022,https://archive.org/details/20260106_20260106_0816
x,ok,الذريعة إلى بيان مقاصد كتاب الشريعة,aldhryah aly byan mqasd ktab alshryah,al-Ajurri,الآجري,islamic-jurisprudence,113,2020,https://archive.org/details/3_20200229_20200229_0635
x,ok,الجواب عن مسألة السماع,aljwab an msalh alsmaa,al-Ajurri,الآجري,islamic-jurisprudence,0.8,,https://archive.org/details/al-ajurri-al-jawab-an-masalat-al-sima
x,ok,FP32450,fp32450,al-Ajurri,الآجري,aqeedah,2.2,,https://archive.org/details/FP32450
x,ok,كتاب الشريعة للآجري,ktab alshryah llajry,al-Ajurri,الآجري,deviated-sects-and-bidah,15.1,,https://archive.org/details/3_20260306_20260306_2119
x,ok,waq40472,waq40472,al-Ajurri,الآجري,aqeedah,1.8,,https://archive.org/details/waq40472
,possible-dupe,كاشف الغمة في شرح أصول اعتقاد أهل السنة,kashf alghmh fy shrh aswl aatqad ahl alsnh,al-Lalika'i,اللالكائي,aqeedah,8.4,2020,https://archive.org/details/20200130_20200130_1040
,possible-dupe,شرح أصول اعتقاد أهل السنة والجماعة للالكائي,shrh aswl aatqad ahl alsnh waljmaah llalkayy,al-Lalika'i,اللالكائي,hadith-studies,26,2026,https://archive.org/details/1_20260219_20260219_2053
,possible-dupe,شرح أصول اعتقاد أهل السنة والجماعة للالكائي ت أحمد حسن حمدان قابل للبحث و النسخ,shrh aswl aatqad ahl alsnh waljmaah llalkayy t ahmd hsn hmdan qabl llbhth w alnskh,al-Lalika'i,اللالكائي,hadith-studies,83.9,,https://archive.org/details/20220510_20220510_0912
,dupe-internal,شرح أصول اعتقاد أهل السنة والجماعة للالكائي,shrh aswl aatqad ahl alsnh waljmaah llalkayy,al-Lalika'i,اللالكائي,aqeedah,25.2,,https://archive.org/details/1_20240818_20240818_0235
,possible-dupe,كرامات الأولياء اللالكائي و الخلال,kramat alawlya allalkayy w alkhlal,al-Lalika'i,اللالكائي,aqeedah,6.3,2020,https://archive.org/details/20200206_20200206_1130
,possible-dupe,شرح السنة للإمام البربهاري,shrh alsnh llamam albrbhary,al-Barbahari,البربهاري,deviated-sects-and-bidah,5,,https://archive.org/details/20260216_20260216_1929
,possible-dupe,شرح السنة - البربهاري ، ت خالد الردادي PDF,shrh alsnh albrbhary t khald alrdady pdf,al-Barbahari,البربهاري,hadith-studies,4.5,,https://archive.org/details/a1491n
,possible-dupe,إبطال الحِيَل,abtal alhyl,Ibn Battah al-Ukbari,ابن بطة العكبري,hadith-studies,1.6,,https://archive.org/details/Heyal_Okbury
,possible-dupe,الإبانة الصغرى لابن بطة,alabanh alsghry labn bth,Ibn Battah al-Ukbari,ابن بطة العكبري,aqeedah,5.1,,https://archive.org/details/20240818_20240818_0108
x,ok,الشرح والإبانة على أصول السنة والديانة ومجانبة الفرق المذمومة,alshrh walabanh aly aswl alsnh waldyanh wmjanbh alfrq almdhmwmh,Ibn Battah al-Ukbari,ابن بطة العكبري,aqeedah,5.1,,https://archive.org/details/20230119_20230119_2059
,dupe-internal,الإبانة الكبرى لابن بطة,alabanh alkbry labn bth,Ibn Battah al-Ukbari,ابن بطة العكبري,aqeedah,14.5,,https://archive.org/details/20240818_20240818_0222
,possible-dupe,كتاب الإبانة الصغرى للشيخ ابن بطة,ktab alabanh alsghry llshykh abn bth,Ibn Battah al-Ukbari,ابن بطة العكبري,aqeedah,10.8,,https://archive.org/details/20260329_20260329_0858
,possible-dupe,ابطال_الحيل_08338_ابن_بطة،_ابو_عبد_الله_عبيد_الله_بن_محمد_بن_محمد,abtal alhyl 08338 abn bth abw abd allh abyd allh bn mhmd bn mhmd,Ibn Battah al-Ukbari,ابن بطة العكبري,aqeedah,4.7,,https://archive.org/details/BBib-Alex-08338
,possible-dupe,الإبانة الصغري لابن بطة العكبري ط دار الحجاز,alabanh alsghry labn bth alakbry t dar alhjaz,Ibn Battah al-Ukbari,ابن بطة العكبري,deviated-sects-and-bidah,15.4,,https://archive.org/details/20260317_896
,possible-dupe,الإبانة الكبري لابن بطة,alabanh alkbry labn bth,Ibn Battah al-Ukbari,ابن بطة العكبري,deviated-sects-and-bidah,14.8,2026,https://archive.org/details/1_20260303_20260303_1322
x,ok,الإبانة الصغري لابن بطة دار اللؤلؤة,alabanh alsghry labn bth dar allwlwh,Ibn Battah al-Ukbari,ابن بطة العكبري,deviated-sects-and-bidah,10.7,2026,https://archive.org/details/20260212_20260212_1246
,possible-dupe,الإيمان لابن منده,alayman labn mndh,Ibn Mandah,ابن منده,aqeedah,17.4,,https://archive.org/details/20240818_20240818_1759
,possible-dupe,097538 - شرح صحيح مسلم,097538 shrh shyh mslm,Ibn Mandah,ابن منده,deviated-sects-and-bidah,9,2026,https://archive.org/details/AAlexandrina-097538
,possible-dupe,مسند ابن منده,msnd abn mndh,Ibn Mandah,ابن منده,aqeedah,0.7,,https://archive.org/details/Musnad_ibn_mandah
,possible-dupe,الرد على الجهمية لابن منده,alrd aly aljhmyh labn mndh,Ibn Mandah,ابن منده,deviated-sects-and-bidah,4.5,2026,https://archive.org/details/20260212_20260212_1949
,possible-dupe,جزء_فيه_من_عاش_مئة_و_عشرين_سنة_من_الصحابة_07631_ابن_منده،_ابو_زكريا,jz fyh mn aash myh w ashryn snh mn alshabh 07631 abn mndh abw zkrya,Ibn Mandah,ابن منده,aqeedah,2.4,,https://archive.org/details/BBib-Alex-07631
,possible-dupe,كتاب التوحيد لابن منده,ktab altwhyd labn mndh,Ibn Mandah,ابن منده,deviated-sects-and-bidah,17.7,2026,https://archive.org/details/20260215_20260215_1528
,possible-dupe,شرح معاني الآثار للطحاوي بتحقيق البهرائجي دار ابن حزم,shrh maany alathar llthawy bthqyq albhrayjy dar abn hzm,al-Tahawi,الطحاوي,hadith-studies,7.6,,https://archive.org/details/2_20260620_20260620_2017
,possible-dupe,تحفة الأخيار (بترتيب شرح مشكل الأثار) ( 1),thfh alakhyar btrtyb shrh mshkl alathar 1,al-Tahawi,الطحاوي,aqeedah,7.3,,https://archive.org/details/1_20200904_20200904_2214
,possible-dupe,065428 - كتاب مشكل الاثار,065428 ktab mshkl alathar,al-Tahawi,الطحاوي,hadith-studies,102.3,1333,https://archive.org/details/AAlexandrina-065428
,possible-dupe,148765_المجلد_الاول_من_شرح_معانى_الآثار,148765 almjld alawl mn shrh maany alathar,al-Tahawi,الطحاوي,hadith-studies,110.7,1300,https://archive.org/details/AAlexandrina-148765
,possible-dupe,167191 - مشكل الاثار,167191 mshkl alathar,al-Tahawi,الطحاوي,hadith-studies,18,1968,https://archive.org/details/AAlexandrina-167191
,possible-dupe,تحفة الأخيار (بترتيب شرح مشكل الأثار) ( 4),thfh alakhyar btrtyb shrh mshkl alathar 4,al-Tahawi,الطحاوي,aqeedah,7.7,,https://archive.org/details/4_20200904_20200904_2235
,possible-dupe,متن العقيدة الطحاوية,mtn alaqydh althawyh,al-Tahawi,الطحاوي,aqeedah,12,1995,https://archive.org/details/1995-alaqidah_altahawiya-altahawi
,possible-dupe,تحفة الأخيار (بترتيب شرح مشكل الأثار) ( 6),thfh alakhyar btrtyb shrh mshkl alathar 6,al-Tahawi,الطحاوي,aqeedah,8.1,,https://archive.org/details/6_20200904_20200904_2242
x,ok,شرح معاني الآثار,shrh maany alathar,al-Tahawi,الطحاوي,aqeedah,61.9,,https://archive.org/details/20200720_20200720_1322
x,ok,شرح العقيدة الطحاوية الألباني,shrh alaqydh althawyh alalbany,al-Tahawi,الطحاوي,aqeedah,11.2,2020,https://archive.org/details/20200222_20200222_0808
x,ok,مسند الإمام الطحاوي,msnd alamam althawy,al-Tahawi,الطحاوي,aqeedah,5.1,2011,https://archive.org/details/mthawi10
x,ok,شرح مختصر الطحاوي في الفقه الحنفي الجصاص,shrh mkhtsr althawy fy alfqh alhnfy aljsas,al-Tahawi,الطحاوي,islamic-jurisprudence,11.8,2020,https://archive.org/details/1_20200222_20200222
x,ok,تحفة الأخيار (بترتيب شرح مشكل الأثار) ( 3),thfh alakhyar btrtyb shrh mshkl alathar 3,al-Tahawi,الطحاوي,aqeedah,7.8,,https://archive.org/details/3_20200904_20200904_2231
x,ok,الشروط الكبير ابو جعفر الطحاوي ٢,alshrwt alkbyr abw jafr althawy 2,al-Tahawi,الطحاوي,aqeedah,152.2,,https://archive.org/details/20201008_20201008_1611
x,ok,شرح مشكل الأثار في الفقه الحنفي الطحاوي,shrh mshkl alathar fy alfqh alhnfy althawy,al-Tahawi,الطحاوي,islamic-jurisprudence,8.5,2020,https://archive.org/details/1_20200222_20200222_1024
,possible-dupe,الأرجوزة الميئية,alarjwzh almyyyh,Ibn Abi al-Izz al-Hanafi,ابن أبي العز الحنفي,aqeedah,3.4,,https://archive.org/details/20210319_20210319_1259
,possible-dupe,التهذيب لذهن اللبيب (ألغاز فقهية)pdf,althdhyb ldhhn allbyb alghaz fqhyh pdf,Ibn Abi al-Izz al-Hanafi,ابن أبي العز الحنفي,islamic-jurisprudence,7.6,,https://archive.org/details/pdf_20200918_20200918_0633
,possible-dupe,شرح العقيدة الطحاوية لابن أبي العز الحنفي,shrh alaqydh althawyh labn aby alaz alhnfy,Ibn Abi al-Izz al-Hanafi,ابن أبي العز الحنفي,deviated-sects-and-bidah,21.6,,https://archive.org/details/20260301_20260301_2334
,possible-dupe,تاريخ_الطبري_تاريخ_الأمم_والملوك_المجلد_04_05751_أبي_جعفر_محمد_بن,tarykh altbry tarykh alamm walmlwk almjld 04 05751 aby jafr mhmd bn,Ibn Jarir al-Tabari,محمد بن جرير الطبري,quran-studies,28.6,1994,https://archive.org/details/BBib-Alex-05751
,possible-dupe,تاريخ_الطبري_تاريخ_الرسل_والملوك_الجزء_09_05767_أبي_جعفر_محمد_بن,tarykh altbry tarykh alrsl walmlwk aljz 09 05767 aby jafr mhmd bn,Ibn Jarir al-Tabari,محمد بن جرير الطبري,quran-studies,23.4,,https://archive.org/details/BBib-Alex-05767
,possible-dupe,History Of Prophets And Kings By Al Tabari,history of prophets and kings by al tabari,Ibn Jarir al-Tabari,محمد بن جرير الطبري,islamic-history,13.8,,https://archive.org/details/history-of-prophets-and-kings-by-al-tabari
,possible-dupe,تاريخ_الطبري_تاريخ_الرسل_والملوك_الجزء_03_05761_أبي_جعفر_محمد_بن,tarykh altbry tarykh alrsl walmlwk aljz 03 05761 aby jafr mhmd bn,Ibn Jarir al-Tabari,محمد بن جرير الطبري,quran-studies,21.4,,https://archive.org/details/BBib-Alex-05761
,possible-dupe,تاريخ_الطبري_تاريخ_الرسل_و_الملوك_الجزء_04_05745_أبي_جعفر_محمد_بن,tarykh altbry tarykh alrsl w almlwk aljz 04 05745 aby jafr mhmd bn,Ibn Jarir al-Tabari,محمد بن جرير الطبري,quran-studies,19.7,,https://archive.org/details/BBib-Alex-05745
,possible-dupe,تاريخ_الطبري_تاريخ_الرسل_و_الملوك_الجزء_05_05746_أبي_جعفر_محمد_بن,tarykh altbry tarykh alrsl w almlwk aljz 05 05746 aby jafr mhmd bn,Ibn Jarir al-Tabari,محمد بن جرير الطبري,quran-studies,20.7,,https://archive.org/details/BBib-Alex-05746
,possible-dupe,تاريخ_الطبري_تاريخ_الرسل_والملوك_الجزء_06_05740_أبي_جعفر_محمد_بن,tarykh altbry tarykh alrsl walmlwk aljz 06 05740 aby jafr mhmd bn,Ibn Jarir al-Tabari,محمد بن جرير الطبري,quran-studies,18.1,,https://archive.org/details/BBib-Alex-05740
x,ok,تاريخ_الطبري_تاريخ_الأمم_والملوك_المجلد_02_05749_أبي_جعفر_محمد_بن,tarykh altbry tarykh alamm walmlwk almjld 02 05749 aby jafr mhmd bn,Ibn Jarir al-Tabari,محمد بن جرير الطبري,quran-studies,35,1994,https://archive.org/details/BBib-Alex-05749
x,ok,صريح السنة,sryh alsnh,Ibn Jarir al-Tabari,محمد بن جرير الطبري,aqeedah,0.8,,https://archive.org/details/Sareeh_Tabari
x,ok,جامع البيان عن تأويل آي القرآن,jama albyan an tawyl ay alqran,Ibn Jarir al-Tabari,محمد بن جرير الطبري,quran-studies,23.3,2022,https://archive.org/details/tafsir-al-tabari
x,ok,تهذيب الآثار (ناقص الأول فيه مسند عبد الرحمان بن عوف وطلحة والزبير) ن1 - إبن جرير الطبري,thdhyb alathar naqs alawl fyh msnd abd alrhman bn awf wtlhh walzbyr n1 abn jryr altbry,Ibn Jarir al-Tabari,محمد بن جرير الطبري,quran-studies,54.9,,https://archive.org/details/1_20191005_20191005_1543
x,ok,تاريخ_الطبري_تاريخ_الرسل_و_الملوك_05743_أبي_جعفر_محمد_بن_جرير_الطبري,tarykh altbry tarykh alrsl w almlwk 05743 aby jafr mhmd bn jryr altbry,Ibn Jarir al-Tabari,محمد بن جرير الطبري,quran-studies,17.8,,https://archive.org/details/BBib-Alex-05743
x,ok,تاريخ_الطبري_تاريخ_الرسل_و_الملوك_الجزء_07_05747_أبي_جعفر_محمد_بن,tarykh altbry tarykh alrsl w almlwk aljz 07 05747 aby jafr mhmd bn,Ibn Jarir al-Tabari,محمد بن جرير الطبري,quran-studies,20.8,,https://archive.org/details/BBib-Alex-05747
x,ok,تاريخ الأمم والملوك - الجزء الثالث الى الجزء الخامس,tarykh alamm walmlwk aljz althalth aly aljz alkhams,Ibn Jarir al-Tabari,محمد بن جرير الطبري,islamic-history,35.3,,https://archive.org/details/TarikhAlOmamWaAlMolok0305
,possible-dupe,معالم التنزيل تفسير البغوي ط دار ابن حزم المؤلف الحسين بن مسعود البغوي,maalm altnzyl tfsyr albghwy t dar abn hzm almwlf alhsyn bn msawd albghwy,al-Baghawi,البغوي,quran-studies,59.6,2002,https://archive.org/details/elshandawily14836
,possible-dupe,تهذيب تفسير البغوي معالم التنزيل,thdhyb tfsyr albghwy maalm altnzyl,al-Baghawi,البغوي,quran-studies,37.2,2020,https://archive.org/details/20200114_20200114_1523
,possible-dupe,تفسير البغوي معالم التنزيل للإمام البغوي ملف واحد مفهرس,tfsyr albghwy maalm altnzyl llamam albghwy mlf wahd mfhrs,al-Baghawi,البغوي,quran-studies,74.4,,https://archive.org/details/20260603_20260603_1741
,possible-dupe,تفسير البغوي دار طيبة,tfsyr albghwy dar tybh,al-Baghawi,البغوي,quran-studies,22.3,,https://archive.org/details/1_20260717_202607
,possible-dupe,شرح السنة للبغوي,shrh alsnh llbghwy,al-Baghawi,البغوي,hadith-studies,86.3,2019,https://archive.org/details/20191231_20191231_0930
,dupe-internal,معالم التنزيل Maʿālim al-tanzīl,maalm altnzyl ma lim al tanz l,al-Baghawi,البغوي,quran-studies,1195.8,,https://archive.org/details/MS.ARA.97
,possible-dupe,تفسير البغوي معالم التنزيل دار ابن حزم,tfsyr albghwy maalm altnzyl dar abn hzm,al-Baghawi,البغوي,quran-studies,61.1,2019,https://archive.org/details/20191231_20191231_1455
,possible-dupe,تفسير البغوي - المكتبة الشاملة,tfsyr albghwy almktbh alshamlh,al-Baghawi,البغوي,quran-studies,17.8,,https://archive.org/details/20210309_20210309_1616
x,ok,معالم التنزيل تفسير البغوي ط. دار طيبة,maalm altnzyl tfsyr albghwy t dar tybh,al-Baghawi,البغوي,quran-studies,11.6,,https://archive.org/details/elshandawily14835
,possible-dupe,معالم التنزيل Maʿālim al-tanzīl,maalm altnzyl ma lim al tanz l,al-Baghawi,البغوي,quran-studies,1385.8,1680,https://archive.org/details/MS.ARA.98
x,ok,مصابيح السنة البغوي,msabyh alsnh albghwy,al-Baghawi,البغوي,quran-studies,9.9,2019,https://archive.org/details/2_20191216
x,ok,060262 - معالم التنزيل,060262 maalm altnzyl,al-Baghawi,البغوي,quran-studies,81.6,1900,https://archive.org/details/AAlexandrina-060262
x,ok,معالم التنزيل تفسير البغوي دار طيبة,maalm altnzyl tfsyr albghwy dar tybh,al-Baghawi,البغوي,quran-studies,77.6,2019,https://archive.org/details/20191231_20191231_1450
x,ok,عقيدة البغوي,aqydh albghwy,al-Baghawi,البغوي,aqeedah,18.2,,https://archive.org/details/20260718_20260718_2214
,possible-dupe,waq105952,waq105952,Ibn Kathir,ابن كثير,quran-studies,68.3,,https://archive.org/details/waq105952
,possible-dupe,الفصول في سيرة الرسول صلى الله عليه وسلم - ابن كثير ، ت سيد رجب PDF,alfswl fy syrh alrswl sly allh alyh wslm abn kthyr t syd rjb pdf,Ibn Kathir,ابن كثير,islamic-history,6.5,,https://archive.org/details/a1332n
,possible-dupe,شرح أرجوزة ابن الحجاج على وفق المخمس خالي الوسط,shrh arjwzh abn alhjaj aly wfq almkhms khaly alwst,Ibn Kathir,ابن كثير,quran-studies,3.1,2022,https://archive.org/details/20220724_20220724_1522
,possible-dupe,كتب الإمام ابن كثير pdf,ktb alamam abn kthyr pdf,Ibn Kathir,ابن كثير,quran-studies,19.5,,https://archive.org/details/abnkthyr
,possible-dupe,تحفة_الطالب_بمعرفة_احاديث_مختصر_ابن_الحاجب_08226_ابن_كثير_القرشى،,thfh altalb bmarfh ahadyth mkhtsr abn alhajb 08226 abn kthyr alqrshy,Ibn Kathir,ابن كثير,quran-studies,14.3,,https://archive.org/details/BBib-Alex-08226
,possible-dupe,قصص_الأنبياء_01_00666_ابن_كثير_القرشى،_عماد_الدين_ابو_الفداء_اسماعيل,qss alanbya 01 00666 abn kthyr alqrshy amad aldyn abw alfda asmaayl,Ibn Kathir,ابن كثير,quran-studies,41.1,,https://archive.org/details/BBib-Alex-00666
,possible-dupe,تفسير ابن كثير,tfsyr abn kthyr,Ibn Kathir,ابن كثير,quran-studies,18.9,,https://archive.org/details/tqa1_20250414
,possible-dupe,البداية_و_النهاية_03967_ابن_كثير_القرشى،_عماد_الدين_ابو_الفداء_اسماعيل,albdayh w alnhayh 03967 abn kthyr alqrshy amad aldyn abw alfda asmaayl,Ibn Kathir,ابن كثير,quran-studies,35.2,,https://archive.org/details/BBib-Alex-03967
x,ok,قصص_الأنبياء_00664_ابن_كثير_القرشى،_عماد_الدين_ابو_الفداء_اسماعيل,qss alanbya 00664 abn kthyr alqrshy amad aldyn abw alfda asmaayl,Ibn Kathir,ابن كثير,quran-studies,22,,https://archive.org/details/BBib-Alex-00664
x,ok,البداية_و_النهاية_03970_ابن_كثير_القرشى،_عماد_الدين_ابو_الفداء_اسماعيل,albdayh w alnhayh 03970 abn kthyr alqrshy amad aldyn abw alfda asmaayl,Ibn Kathir,ابن كثير,quran-studies,37.7,,https://archive.org/details/BBib-Alex-03970
x,ok,074459 - البداية والنهاية,074459 albdayh walnhayh,Ibn Kathir,ابن كثير,islamic-history,81.3,1900,https://archive.org/details/AAlexandrina-074459
x,ok,151919_وصف_الدور_الثلاثة_من_تفسير_ابن_كثير,151919 wsf aldwr althlathh mn tfsyr abn kthyr,Ibn Kathir,ابن كثير,life-after-death,23.2,2000,https://archive.org/details/AAlexandrina-151919
x,ok,419372_الباعث_الحثيث_شرح_اختصار_علوم_الحديث,419372 albaath alhthyth shrh akhtsar alwm alhdyth,Ibn Kathir,ابن كثير,hadith-studies,23.1,,https://archive.org/details/AAlexandrina-419372
x,ok,البداية_و_النهاية_03965_ابن_كثير_القرشى،_عماد_الدين_ابو_الفداء_اسماعيل,albdayh w alnhayh 03965 abn kthyr alqrshy amad aldyn abw alfda asmaayl,Ibn Kathir,ابن كثير,quran-studies,34.3,,https://archive.org/details/BBib-Alex-03965
x,ok,تفسير القرآن العظيم تفسير ابن كثير ط. العلمية المحقق محمد حسين شمس الدين,tfsyr alqran alazym tfsyr abn kthyr t alalmyh almhqq mhmd hsyn shms aldyn,Ibn Kathir,ابن كثير,knowledge,12.8,,https://archive.org/details/elshandawily14824
,possible-dupe,عرش_الرحمن_10356_ابن_تيمية،_تقى_الدين_ابو_العباس_احمد_بن_عبد_الحليم,arsh alrhmn 10356 abn tymyh tqy aldyn abw alabas ahmd bn abd alhlym,Ibn Taymiyyah,ابن تيمية,aqeedah,3.3,,https://archive.org/details/BBib-Alex-10356
,possible-dupe,waq33262waq,waq33262waq,Ibn Taymiyyah,ابن تيمية,aqeedah,5.3,,https://archive.org/details/waq33262waq
,possible-dupe,50397,50397,Ibn Taymiyyah,ابن تيمية,aqeedah,1.4,,https://archive.org/details/waq50397
,possible-dupe,19997,19997,Ibn Taymiyyah,ابن تيمية,aqeedah,1.6,,https://archive.org/details/waq19997
,possible-dupe,أحكام الزواج مقدمة و فهرس,ahkam alzwaj mqdmh w fhrs,Ibn Taymiyyah,ابن تيمية,family-and-marriage,3.1,1988,https://archive.org/details/koutoub_20170201
,possible-dupe,الاعتصام_بالكتاب_و_السنة_13298_ابن_تيمية،_تقى_الدين_ابو_العباس_احمد,alaatsam balktab w alsnh 13298 abn tymyh tqy aldyn abw alabas ahmd,Ibn Taymiyyah,ابن تيمية,aqeedah,4.6,,https://archive.org/details/BBib-Alex-13298
,possible-dupe,تفسير سورة العلق - ابن تيمية,tfsyr swrh alalq abn tymyh,Ibn Taymiyyah,ابن تيمية,quran-studies,4.9,,https://archive.org/details/tafsir_sorat_al3ala9
x,ok,تفسير سورة النور - ابن تيمية,tfsyr swrh alnwr abn tymyh,Ibn Taymiyyah,ابن تيمية,quran-studies,5,,https://archive.org/details/tafsir_sorat_nour
x,ok,الرد على الشاذلي في حزبيه وما صنفه من آداب الطريق - ابن تيمية,alrd aly alshadhly fy hzbyh wma snfh mn adab altryq abn tymyh,Ibn Taymiyyah,ابن تيمية,deviated-sects-and-bidah,6.4,,https://archive.org/details/arrad_3ala_chadhli
x,ok,منسك شيخ الإسلام ابن تيمية,mnsk shykh alaslam abn tymyh,Ibn Taymiyyah,ابن تيمية,hajj-and-umrah,1.4,,https://archive.org/details/Mansak_TAIMIAH
x,ok,52769,52769,Ibn Taymiyyah,ابن تيمية,aqeedah,0.5,,https://archive.org/details/waq52769waq
x,ok,waq13116,waq13116,Ibn Taymiyyah,ابن تيمية,aqeedah,3.7,,https://archive.org/details/waq13116
x,ok,waq39364,waq39364,Ibn Taymiyyah,ابن تيمية,aqeedah,1.4,,https://archive.org/details/waq39364
x,ok,5533,5533,Ibn Taymiyyah,ابن تيمية,aqeedah,4.9,,https://archive.org/details/waq5533
,possible-dupe,التنبيهات اللطيفة فيما احتوت عليه العقيدة الواسطية من المباحث المنيفة,altnbyhat alltyfh fyma ahtwt alyh alaqydh alwastyh mn almbahth almnyfh,Abd al-Rahman al-Sa'di,عبد الرحمن بن ناصر السعدي,aqeedah,11,1999,https://archive.org/details/1_20230127_20230127_1822
,possible-dupe,الداء و الدواء,alda w aldwa,Ibn al-Qayyim,ابن قيم الجوزية,spiritual-healing,12,,https://archive.org/details/EDDUWEDDEWUIbnQajjimElDewzijjeh
,possible-dupe,waq112714waq,waq112714waq,Ibn al-Qayyim,ابن قيم الجوزية,spiritual-healing,8.7,,https://archive.org/details/waq112714waq
,possible-dupe,اصول_جامعة_نافعة_فى_بلاء_و_الابتلاء_17087_ابن_قيم_الجوزية،_شمس_الدين,aswl jamah nafah fy bla w alabtla 17087 abn qym aljwzyh shms aldyn,Ibn al-Qayyim,ابن قيم الجوزية,spiritual-healing,0.6,,https://archive.org/details/BBib-Alex-17087
,possible-dupe,بدائع الفوائد,bdaya alfwayd,Ibn al-Qayyim,ابن قيم الجوزية,spiritual-healing,9.6,,https://archive.org/details/BEDIULFEWID01IbnQajjmElDewzijjeh
,possible-dupe,كتاب بدائع الفوائد للمؤلف أبي عبدالله محمد بن أبي بكر بن أيوب ابن قيم الجوزية,ktab bdaya alfwayd llmwlf aby abdallh mhmd bn aby bkr bn aywb abn qym aljwzyh,Ibn al-Qayyim,ابن قيم الجوزية,spiritual-healing,35,,https://archive.org/details/ksa_088
,possible-dupe,كتاب المدهش ابن قيم الجوزية,ktab almdhsh abn qym aljwzyh,Ibn al-Qayyim,ابن قيم الجوزية,knowledge,8.4,2005,https://archive.org/details/elshandawily2323
,possible-dupe,كتاب التحقيق في أحاديث الخلاف 3 ابن قيم الجوزية,ktab althqyq fy ahadyth alkhlaf 3 abn qym aljwzyh,Ibn al-Qayyim,ابن قيم الجوزية,knowledge,6.6,,https://archive.org/details/elshandawily2332
,possible-dupe,FP162508,fp162508,Ibn al-Qayyim,ابن قيم الجوزية,spiritual-healing,5.3,,https://archive.org/details/fp162508_202501
x,ok,FP141001c,fp141001c,Ibn al-Qayyim,ابن قيم الجوزية,spiritual-healing,139.9,,https://archive.org/details/fp141001c_202501
x,ok,كتاب مناقب بغداد- ابن قيم الجوزية,ktab mnaqb bghdad abn qym aljwzyh,Ibn al-Qayyim,ابن قيم الجوزية,spiritual-healing,0.9,,https://archive.org/details/elshandawily2358
x,ok,waq16140,waq16140,Ibn al-Qayyim,ابن قيم الجوزية,spiritual-healing,11.9,,https://archive.org/details/waq16140
x,ok,مفتاح دار السعادة ومنشور ولاية العلم والإرادة,mftah dar alsaadh wmnshwr wlayh alalm walaradh,Ibn al-Qayyim,ابن قيم الجوزية,spiritual-healing,12,,https://archive.org/details/MIFTUDRISSEDEHWeMenrWiljetiLilmiWeLIrdeh01IbnQajjimElDewzijjeh
x,ok,(الكافية الشافية في الانتصار للفرقة الناجية - (متن و شرح القصيدة النونية,alkafyh alshafyh fy alantsar llfrqh alnajyh mtn w shrh alqsydh alnwnyh,Ibn al-Qayyim,ابن قيم الجوزية,deviated-sects-and-bidah,8.9,,https://archive.org/details/KFIJETUFIJJEHeruQadetienNnijjeh02IbnQajjimElDewzijjeh
,possible-dupe,المنار المنيف في الصحيح والضعيف,almnar almnyf fy alshyh waldayf,Ibn al-Qayyim,ابن قيم الجوزية,spiritual-healing,3.4,,https://archive.org/details/ELMENRULMUNFFiaWeafIbnQajjimElDewzijjeh
x,ok,كتاب أحكام النساء ابن قيم الجوزية,ktab ahkam alnsa abn qym aljwzyh,Ibn al-Qayyim,ابن قيم الجوزية,spiritual-healing,5.7,,https://archive.org/details/elshandawily2333
,possible-dupe,تفسير ابن رجب الحنبلي مفهرس,tfsyr abn rjb alhnbly mfhrs,Ibn Rajab al-Hanbali,ابن رجب الحنبلي,quran-studies,23.9,,https://archive.org/details/20250618_20250618_1236
,possible-dupe,FP63449,fp63449,Ibn Rajab al-Hanbali,ابن رجب الحنبلي,spiritual-healing,13.8,,https://archive.org/details/FP63449
,possible-dupe,كتاب بيان فضل علم السلف على علم الخلف لابن رجب الحنبلي - نسخة واضحة ومضبوطة,ktab byan fdl alm alslf aly alm alkhlf labn rjb alhnbly nskhh wadhh wmdbwth,Ibn Rajab al-Hanbali,ابن رجب الحنبلي,knowledge,1.7,,https://archive.org/details/3lm_salaf
,possible-dupe,WAQ32229,waq32229,Ibn Rajab al-Hanbali,ابن رجب الحنبلي,spiritual-healing,11.1,,https://archive.org/details/WAQ32229
,dupe-internal,تفسير ابن رجب الحنبلي مفهرس,tfsyr abn rjb alhnbly mfhrs,Ibn Rajab al-Hanbali,ابن رجب الحنبلي,quran-studies,23.9,,https://archive.org/details/20260615_20260615_1026
,possible-dupe,نور الاقتباس,nwr alaqtbas,Ibn Rajab al-Hanbali,ابن رجب الحنبلي,spiritual-healing,28.5,2012,https://archive.org/details/20241123_20241123_2305
,possible-dupe,بيان فضل علم السلف على علم الخلف,byan fdl alm alslf aly alm alkhlf,Ibn Rajab al-Hanbali,ابن رجب الحنبلي,knowledge,1.4,,https://archive.org/details/Salaf_Rajab
,possible-dupe,WAQ27307,waq27307,Ibn Rajab al-Hanbali,ابن رجب الحنبلي,spiritual-healing,10.1,,https://archive.org/details/WAQ27307
,possible-dupe,المحجة في سير الدلجة,almhjh fy syr aldljh,Ibn Rajab al-Hanbali,ابن رجب الحنبلي,spiritual-healing,3.1,,https://archive.org/details/Mahajah_Duljah
x,ok,شرح علل الترمذي لابن رجب الحنبلي,shrh all altrmdhy labn rjb alhnbly,Ibn Rajab al-Hanbali,ابن رجب الحنبلي,hadith-studies,36.4,,https://archive.org/details/1_20260610_20260610_2216
x,ok,ابن رجب الحنبلي شرح البخاري,abn rjb alhnbly shrh albkhary,Ibn Rajab al-Hanbali,ابن رجب الحنبلي,spiritual-healing,57.8,,https://archive.org/details/20250815_20250815_1133
x,ok,FP89453,fp89453,Ibn Rajab al-Hanbali,ابن رجب الحنبلي,spiritual-healing,14.7,,https://archive.org/details/FP89453
x,ok,جامع العلوم والحكم لابن رجب الحنبلي,jama alalwm walhkm labn rjb alhnbly,Ibn Rajab al-Hanbali,ابن رجب الحنبلي,hadith-studies,44.5,,https://archive.org/details/20260218_20260218_2142
x,ok,[PDF] The Legacy of the Prophet (نور الاقتباس),pdf the legacy of the prophet nwr alaqtbas,Ibn Rajab al-Hanbali,ابن رجب الحنبلي,spiritual-healing,7.7,,https://archive.org/details/prophet-muhammad-legacy-ibn-rajab
x,ok,كلمة الإخلاص وتحقيق معناها,klmh alakhlas wthqyq manaha,Ibn Rajab al-Hanbali,ابن رجب الحنبلي,aqeedah,1,,https://archive.org/details/Ikhlas_Rajab
,possible-dupe,سير أعلام النبلاء للإمام الذهبي رحمه الله,syr aalam alnbla llamam aldhhby rhmh allh,al-Dhahabi,الذهبي,biographies,131.9,,https://archive.org/details/www.talab1.com_201507
,possible-dupe,106914 - تجريد اسماء الصحابة,106914 tjryd asma alshabh,al-Dhahabi,الذهبي,biographies,38,1315,https://archive.org/details/AAlexandrina-106914
,possible-dupe,FP105731,fp105731,al-Dhahabi,الذهبي,biographies,24.4,,https://archive.org/details/fp105731_202502
,possible-dupe,تاريخ_الإسلام_و_وفيات_المشاهير_و_الأعلام_611_05632_شمي_الدين_محمد,tarykh alaslam w wfyat almshahyr w alaalam 611 05632 shmy aldyn mhmd,al-Dhahabi,الذهبي,biographies,19.1,1993,https://archive.org/details/BBib-Alex-05632
,possible-dupe,العبر_فى_خبر_من_غبر_الجزء_02_07137_الحافظ_الذهبي,alabr fy khbr mn ghbr aljz 02 07137 alhafz aldhhby,al-Dhahabi,الذهبي,biographies,13.3,1984,https://archive.org/details/BBib-Alex-07137
,possible-dupe,waq102931,waq102931,al-Dhahabi,الذهبي,biographies,1.2,,https://archive.org/details/waq102931
,possible-dupe,هاءات السكت,haat alskt,al-Dhahabi,الذهبي,biographies,0.2,2022,https://archive.org/details/20221118_20haat-ssakt
,possible-dupe,الضعفاء والمتروكين وخلق من المجهولين وثقات فيهم لين ن1 - الذهبي,aldafa walmtrwkyn wkhlq mn almjhwlyn wthqat fyhm lyn n1 aldhhby,al-Dhahabi,الذهبي,biographies,38.7,,https://archive.org/details/1_20190915_20190915_2019
x,ok,تحفة الأصاغر في ذكر ما يخفى من النظائر للعلامة الحاجي رحمه الله,thfh alasaghr fy dhkr ma ykhfy mn alnzayr llalamh alhajy rhmh allh,al-Dhahabi,الذهبي,biographies,1.6,2020,https://archive.org/details/tohfato-el-assaghir
x,ok,waq94234,waq94234,al-Dhahabi,الذهبي,biographies,1.1,,https://archive.org/details/waq94234
x,ok,waq105924,waq105924,al-Dhahabi,الذهبي,biographies,131.9,,https://archive.org/details/waq105924
x,ok,waq80581,waq80581,al-Dhahabi,الذهبي,biographies,2.2,,https://archive.org/details/waq80581
x,ok,waq66615,waq66615,al-Dhahabi,الذهبي,biographies,5.3,,https://archive.org/details/waq66615
x,ok,waq96355,waq96355,al-Dhahabi,الذهبي,biographies,8,,https://archive.org/details/waq96355
x,ok,waq96905,waq96905,al-Dhahabi,الذهبي,biographies,0.8,,https://archive.org/details/waq96905
,possible-dupe,الخطاب الذهبي للعلامة بكر أبو زيد,alkhtab aldhhby llalamh bkr abw zyd,Bakr Abu Zayd,بكر بن عبد الله أبو زيد,knowledge,5.2,2024,https://archive.org/details/20240914_20240914_1923
,possible-dupe,التعليق الجلي على وصية الإمام ابن قدامة المقدسي - بندر العبدلي pdf,altalyq aljly aly wsyh alamam abn qdamh almqdsy bndr alabdly pdf,Ibn Qudamah al-Maqdisi,ابن قدامة المقدسي,islamic-jurisprudence,5.1,,https://archive.org/details/t3lio
,possible-dupe,المغني_و_الشرح_الكبير_على_متن_المقنع_الجزء_06_08730_أبي_محمد_عبد,almghny w alshrh alkbyr aly mtn almqna aljz 06 08730 aby mhmd abd,Ibn Qudamah al-Maqdisi,ابن قدامة المقدسي,islamic-jurisprudence,25.6,1345,https://archive.org/details/BBib-Alex-08730
,possible-dupe,ذم التأويل,dhm altawyl,Ibn Qudamah al-Maqdisi,ابن قدامة المقدسي,aqeedah,1,,https://archive.org/details/Qudamah_Taawel
,possible-dupe,المغني_و_الشرح_الكبير_على_متن_المقنع_الجزء_05_08729_أبي_محمد_عبد,almghny w alshrh alkbyr aly mtn almqna aljz 05 08729 aby mhmd abd,Ibn Qudamah al-Maqdisi,ابن قدامة المقدسي,islamic-jurisprudence,23.5,1345,https://archive.org/details/BBib-Alex-08729
,possible-dupe,FPesrahaha,fpesrahaha,Ibn Qudamah al-Maqdisi,ابن قدامة المقدسي,islamic-jurisprudence,7.6,,https://archive.org/details/FPesrahaha
,possible-dupe,تحريم النظر في كتب الكلام,thrym alnzr fy ktb alklam,Ibn Qudamah al-Maqdisi,ابن قدامة المقدسي,aqeedah,2.5,,https://archive.org/details/Kalam_Qudamah
,possible-dupe,كتاب المناظرة في القرآن لابن قدامة محققا,ktab almnazrh fy alqran labn qdamh mhqqa,Ibn Qudamah al-Maqdisi,ابن قدامة المقدسي,aqeedah,2.8,,https://archive.org/details/20210207_20210207_2041
,possible-dupe,FP51185,fp51185,Ibn Qudamah al-Maqdisi,ابن قدامة المقدسي,islamic-jurisprudence,7.8,,https://archive.org/details/FP51185
x,ok,المغني_و_الشرح_الكبير_على_متن_المقنع_الجزء_14_08727_أبي_محمد_عبد,almghny w alshrh alkbyr aly mtn almqna aljz 14 08727 aby mhmd abd,Ibn Qudamah al-Maqdisi,ابن قدامة المقدسي,islamic-jurisprudence,21.3,1345,https://archive.org/details/BBib-Alex-08727
x,ok,لمعة الاعتقاد,lmah alaatqad,Ibn Qudamah al-Maqdisi,ابن قدامة المقدسي,aqeedah,4,,https://archive.org/details/LOMAT_QUDAMAH
x,ok,المغني_و_الشرح_الكبير_على_متن_المقنع_الجزء_02_08728_أبي_محمد_عبد,almghny w alshrh alkbyr aly mtn almqna aljz 02 08728 aby mhmd abd,Ibn Qudamah al-Maqdisi,ابن قدامة المقدسي,islamic-jurisprudence,31.9,1345,https://archive.org/details/BBib-Alex-08728
x,ok,الصراط المستقيم في إثبات الحرف القديم,alsrat almstqym fy athbat alhrf alqdym,Ibn Qudamah al-Maqdisi,ابن قدامة المقدسي,aqeedah,0.8,,https://archive.org/details/Harf_Qudamah
x,ok,المغني_و_الشرح_الكبير_على_متن_المقنع_الجزء_11_08725_أبي_محمد_عبد,almghny w alshrh alkbyr aly mtn almqna aljz 11 08725 aby mhmd abd,Ibn Qudamah al-Maqdisi,ابن قدامة المقدسي,islamic-jurisprudence,21.1,1345,https://archive.org/details/BBib-Alex-08725
x,ok,إثبات صفة العلو,athbat sfh alalw,Ibn Qudamah al-Maqdisi,ابن قدامة المقدسي,aqeedah,3.5,,https://archive.org/details/Ethbat_Qudamah
x,ok,151965_كتاب_المحرر_فى_الحديث_فى_بيان_الاحكام_الشرعية,151965 ktab almhrr fy alhdyth fy byan alahkam alshrayh,Ibn Qudamah al-Maqdisi,ابن قدامة المقدسي,hadith-studies,15,1900,https://archive.org/details/AAlexandrina-151965
,possible-dupe,Kitāb al-Istīʻāb fī asmāʼ al-madhkūrīn fī al-riwāyāt wa-sāʼir al-āthār wa-al-muṣannafāt mimman ṣaḥaba al-Nabī. كتاب الاستيعاب في أسماء المذكورين في الروايات وسائر الآثار والمصنفات ممن صحب النبي,kita b al isti a b fi asma al madhku ri n fi al riwa ya t wa sa ir al a tha r wa al mus annafa t mimman s ah aba al nabi ktab alastyaab fy asma almdhkwryn fy alrwayat wsayr alathar walmsnfat mmn shb alnby,Ibn Abd al-Barr,ابن عبد البر,hadith-studies,149.1,1674,https://archive.org/details/mscodex26_v2
,dupe-internal,جامع بيان العلم و فضلہ,jama byan alalm w fdl,Ibn Abd al-Barr,ابن عبد البر,knowledge,10.5,,https://archive.org/details/jbiwf1
,possible-dupe,ttmmattmma,ttmmattmma,Ibn Abd al-Barr,ابن عبد البر,knowledge,8.4,,https://archive.org/details/ttmmattmma
,possible-dupe,FP110771,fp110771,Ibn Abd al-Barr,ابن عبد البر,knowledge,10.5,,https://archive.org/details/FP110771
,possible-dupe,الاستذكار - ابن عبد البر ، ت أنور الباز وسليمان القاطوني ج 7 PDF,alastdhkar abn abd albr t anwr albaz wslyman alqatwny j 7 pdf,Ibn Abd al-Barr,ابن عبد البر,knowledge,13.4,,https://archive.org/details/a2019.7
,possible-dupe,163928 - الاصابة فى تمييز الصحابة,163928 alasabh fy tmyyz alshabh,Ibn Abd al-Barr,ابن عبد البر,knowledge,76.6,,https://archive.org/details/AAlexandrina-163928
,possible-dupe,كتاب الانصاف لابن ع البر الاندلسي,ktab alansaf labn a albr alandlsy,Ibn Abd al-Barr,ابن عبد البر,scholars,5.4,2025,https://archive.org/details/20250124_20250124_1555
,possible-dupe,جامع بيان العلم و فضلہ,jama byan alalm w fdl,Ibn Abd al-Barr,ابن عبد البر,knowledge,24,,https://archive.org/details/20250808_20250808_0829
x,ok,الاستذكار - ابن عبد البر ، ت أنور الباز وسليمان القاطوني ج 3 PDF,alastdhkar abn abd albr t anwr albaz wslyman alqatwny j 3 pdf,Ibn Abd al-Barr,ابن عبد البر,knowledge,15.8,,https://archive.org/details/a2019.3
x,ok,9543,9543,Ibn Abd al-Barr,ابن عبد البر,knowledge,7.4,,https://archive.org/details/waq9543
x,ok,التمهيد لما في الموطأ من المعاني والأسانيد,altmhyd lma fy almwta mn almaany walasanyd,Ibn Abd al-Barr,ابن عبد البر,hadith-studies,13.9,1070,https://archive.org/details/01172271
x,ok,ما نقله ابن عبد البر في ذم أبي حنيفة,ma nqlh abn abd albr fy dhm aby hnyfh,Ibn Abd al-Barr,ابن عبد البر,islamic-jurisprudence,3.1,,https://archive.org/details/20220208_20220208_1335
x,ok,142370 - الاستيعاب فى معرفة الاصحاب,142370 alastyaab fy marfh alashab,Ibn Abd al-Barr,ابن عبد البر,knowledge,53.7,1900,https://archive.org/details/AAlexandrina-142370
x,ok,2076,2076,Ibn Abd al-Barr,ابن عبد البر,knowledge,9.8,,https://archive.org/details/waq2076
x,ok,بهجة المجالس وأنس المجالس,bhjh almjals wans almjals,Ibn Abd al-Barr,ابن عبد البر,knowledge,12.3,,https://archive.org/details/00-66100_202510
,possible-dupe,162032_ارشاد_السائل_الى_دلائل_المسائل_وشرح_الصدور_فى_تحر_ا_يجوز,162032 arshad alsayl aly dlayl almsayl wshrh alsdwr fy thr a yjwz,al-Shawkani,الشوكاني,deviated-sects-and-bidah,3.3,1930,https://archive.org/details/AAlexandrina-162032
,possible-dupe,نيل الأوطار شرح منتقى الأخبار بيت الأفكار الدولية,nyl alawtar shrh mntqy alakhbar byt alafkar aldwlyh,al-Shawkani,الشوكاني,islamic-jurisprudence,56.1,2019,https://archive.org/details/20191213_20191213_1339
,possible-dupe,كتاب الجهاد والسير الإمام الشوكاني,ktab aljhad walsyr alamam alshwkany,al-Shawkani,الشوكاني,islamic-jurisprudence,3.6,2016,https://archive.org/details/forqan_mail_201605
,possible-dupe,بلوغ المنى في حكم الاستمناء,blwgh almny fy hkm alastmna,al-Shawkani,الشوكاني,islamic-jurisprudence,2.9,,https://archive.org/details/NasirAlHawdali
,possible-dupe,نيل الأوطار شرح منتقى الأخبار 1-8 (طبعة نادرة ملونة) الشوكاني,nyl alawtar shrh mntqy alakhbar 1 8 tbah nadrh mlwnh alshwkany,al-Shawkani,الشوكاني,islamic-jurisprudence,525.7,1300,https://archive.org/details/5-6_20210213
,possible-dupe,فتح القدير الجامع بين فني الرواية والدراية من علم التفسير المحقق يوسف الغوش,fth alqdyr aljama byn fny alrwayh waldrayh mn alm altfsyr almhqq ywsf alghwsh,al-Shawkani,الشوكاني,islamic-jurisprudence,63.7,,https://archive.org/details/elshandawily14838
,possible-dupe,127710_كتاب_مستطاب،_مسمى،_بالفوائد_المجموعة_فى_الاحاديث_الموضوعة,127710 ktab msttab msmy balfwayd almjmwah fy alahadyth almwdwah,al-Shawkani,الشوكاني,hadith-studies,29.6,1272,https://archive.org/details/AAlexandrina-127710
,possible-dupe,106570_ارشاد_الفحول_الى_تحقيق_الحق_من_علم_الاصول,106570 arshad alfhwl aly thqyq alhq mn alm alaswl,al-Shawkani,الشوكاني,islamic-jurisprudence,56.9,2025,https://archive.org/details/AAlexandrina-106570
x,ok,224235_البدر_الطالع_بمحاسن_من_بعد_القرن_التاسع,224235 albdr altala bmhasn mn bad alqrn altasa,al-Shawkani,الشوكاني,islamic-history,55,1929,https://archive.org/details/AAlexandrina-224235
x,ok,FP144291,fp144291,al-Shawkani,الشوكاني,islamic-jurisprudence,17.8,,https://archive.org/details/FP144291
x,ok,124014_الجزء_الاول_الثامن_من_نيل_الاوطار_من_اسرار_منتقى_الاخبار,124014 aljz alawl althamn mn nyl alawtar mn asrar mntqy alakhbar,al-Shawkani,الشوكاني,hadith-studies,45.6,1297,https://archive.org/details/AAlexandrina-124014
x,ok,075463_الجزء_الاول_الثامن_من_نيل_الاوطار_من_اسرار_منتقى_الاخبار,075463 aljz alawl althamn mn nyl alawtar mn asrar mntqy alakhbar,al-Shawkani,الشوكاني,hadith-studies,74.9,1297,https://archive.org/details/AAlexandrina-075463
x,ok,427215 - أدب الطلب و منتهى الأرب,427215 adb altlb w mnthy alarb,al-Shawkani,الشوكاني,islamic-jurisprudence,22.2,,https://archive.org/details/AAlexandrina-427215
x,ok,084863 - التحف فى مذاهب السلف,084863 althf fy mdhahb alslf,al-Shawkani,الشوكاني,islamic-jurisprudence,2.1,1310,https://archive.org/details/AAlexandrina-084863
x,ok,128364_الجزء_الاول_الثامن_من_نيل_الاوطار_من_اسرار_منتقى_الاخبار,128364 aljz alawl althamn mn nyl alawtar mn asrar mntqy alakhbar,al-Shawkani,الشوكاني,hadith-studies,44,1297,https://archive.org/details/AAlexandrina-128364
,possible-dupe,بلوغ الأرب وكنوز الذهب في معرفة المذهب,blwgh alarb wknwz aldhhb fy marfh almdhhb,al-San'ani,الصنعاني,islamic-jurisprudence,24.7,,https://archive.org/details/blogalarbwknozaldhb
,possible-dupe,تفسير عبد الرزاق الصنعاني,tfsyr abd alrzaq alsnaany,al-San'ani,الصنعاني,quran-studies,8.6,2020,https://archive.org/details/2_20200114_20200114_0650
,possible-dupe,سبل السلام الموصلة إلى بلوغ المرام بيت الأفكار الدولية,sbl alslam almwslh aly blwgh almram byt alafkar aldwlyh,al-San'ani,الصنعاني,islamic-jurisprudence,32.4,2019,https://archive.org/details/20191213_20191213_1341
,possible-dupe,سبل السلام الموصلة إلى بلوغ المرام,sbl alslam almwslh aly blwgh almram,al-San'ani,الصنعاني,hadith-studies,67.9,2020,https://archive.org/details/20200203_20200203_0626
,possible-dupe,أذكار الصلوات وما قبلها وما بعدها - أحمد محمد حسين الحجاجي الصنعاني اليمني,adhkar alslwat wma qblha wma badha ahmd mhmd hsyn alhjajy alsnaany alymny,al-San'ani,الصنعاني,islamic-jurisprudence,1.2,,https://archive.org/details/20230621_20230621_0928
,possible-dupe,توضيح الأفكار لمعاني تنقيح الأنظار- الأمير الصنعاني,twdyh alafkar lmaany tnqyh alanzar alamyr alsnaany,al-San'ani,الصنعاني,islamic-jurisprudence,8.1,1997,https://archive.org/details/1_20230822_20230822_0919
,possible-dupe,مؤسسة الفرقان || تقدم ::: ( العدد الرابع و الأربعون من سير أعلام الشهداء ),mwssh alfrqan tqdm aladd alraba w alarbawn mn syr aalam alshhda,al-San'ani,الصنعاني,islamic-jurisprudence,1.2,2010,https://archive.org/details/siar-aelam-44-001
,possible-dupe,إجابة السائل شرح بغية الآمل,ajabh alsayl shrh bghyh alaml,al-San'ani,الصنعاني,islamic-jurisprudence,7.5,,https://archive.org/details/Ejabat_Sanani
x,ok,نسمة السحر بذكر من تشيع وشعر الجزء الثالث,nsmh alshr bdhkr mn tshya wshar aljz althalth,al-San'ani,الصنعاني,islamic-jurisprudence,30.1,,https://archive.org/details/nasmatalsahar3
x,ok,القول المبين في دحض حجج الوهابيين الصنعاني الزيدي,alqwl almbyn fy dhd hjj alwhabyyn alsnaany alzydy,al-San'ani,الصنعاني,hajj-and-umrah,3,,https://archive.org/details/2036587490
x,ok,نسمة السحر بذكر من تشيع وشعر الجزء الأول,nsmh alshr bdhkr mn tshya wshar aljz alawl,al-San'ani,الصنعاني,islamic-jurisprudence,26.6,,https://archive.org/details/nasmatalsahar1
x,ok,استيفاء الأقوال بتحريم الإسبال على الرجال,astyfa alaqwal bthrym alasbal aly alrjal,al-San'ani,الصنعاني,islamic-jurisprudence,0.5,1992,https://archive.org/details/20221112_20221112_1217
x,ok,تطهير الاعتقاد من أدران الإلحاد,tthyr alaatqad mn adran alalhad,al-San'ani,الصنعاني,islamic-jurisprudence,1.5,,https://archive.org/details/taThir-ali3tiqad-san3ani
x,ok,التاج المذهب لأحكام المذهب شرح متن الأزهار في فقه الأئمة الأطهار 2,altaj almdhhb lahkam almdhhb shrh mtn alazhar fy fqh alaymh alathar 2,al-San'ani,الصنعاني,islamic-jurisprudence,14.5,,https://archive.org/details/altajalmathhab2
x,ok,Al Juz Al Mafqood Musannaf Abdul Razzaq Arabic الجزء المفقود من الجزء الأول من المصنف,al juz al mafqood musannaf abdul razzaq arabic aljz almfqwd mn aljz alawl mn almsnf,al-San'ani,الصنعاني,islamic-jurisprudence,4.3,2020,https://archive.org/details/aljuzalmafqoodmusannafabdulrazzaqarabic
,review,مخطوطة كتاب الأذكار للإمام النووي,mkhtwth ktab aladhkar llamam alnwwy,al-Nawawi,النووي,spiritual-healing,92.9,,https://archive.org/details/20251209_20251209_0402
,review,الأذكار ن1 - النووي,aladhkar n1 alnwwy,al-Nawawi,النووي,hadith-studies,389.9,,https://archive.org/details/1_20191121_20191121_1549
,review,التبيان في آداب حملة القرآن,altbyan fy adab hmlh alqran,al-Nawawi,النووي,knowledge,7.8,,https://archive.org/details/tama_1
,review,إثبات سلامة الحافظين النووي والعسقلاني من عقائد المتكلمين - عبد المحسن البدر PDF,athbat slamh alhafzyn alnwwy walasqlany mn aqayd almtklmyn abd almhsn albdr pdf,al-Nawawi,النووي,hadith-studies,0.6,,https://archive.org/details/mmuv3
,review,جزء فيه ذكر ما يجب اعتقاده في الحروف والأصوات النووي ت الدمياطي ط الأنصار كتاب اقرا Pdf,jz fyh dhkr ma yjb aatqadh fy alhrwf walaswat alnwwy t aldmyaty t alansar ktab aqra pdf,al-Nawawi,النووي,hadith-studies,1.6,,https://archive.org/details/pdf_20201010
,review,waq45090,waq45090,al-Nawawi,النووي,hadith-studies,0.6,,https://archive.org/details/waq45090
,review,شرح رياض الصالحين من كلام سيد المرسلين ط مكتبة البشري,shrh ryad alsalhyn mn klam syd almrslyn t mktbh albshry,al-Nawawi,النووي,hadith-studies,15.9,2019,https://archive.org/details/20191216_20191216_0634
,review,الإشارات إلى بيان الأسماء المبهمات ن1 - النووي,alasharat aly byan alasma almbhmat n1 alnwwy,al-Nawawi,النووي,hadith-studies,6,,https://archive.org/details/1_20200328_20200328_1638
,review,بستان العارفين وسبيل الزاهدين ن1 - النووي,bstan alaarfyn wsbyl alzahdyn n1 alnwwy,al-Nawawi,النووي,hadith-studies,7.8,,https://archive.org/details/1_20200328_20200328_1724
,review,الأربعون النووية - الإمام النووي,alarbawn alnwwyh alamam alnwwy,al-Nawawi,النووي,hadith-studies,2.9,2026,https://archive.org/details/20260129_20260129_2126
,review,شرح النووي على مسلم - دار إحياء التراث العربي 18 مجلدا,shrh alnwwy aly mslm dar ahya altrath alarby 18 mjlda,al-Nawawi,النووي,hadith-studies,6,,https://archive.org/details/01_20220913_202209
,review,089078_تحرير_ألفاظ_التنبيه_أو_لغة_الفقه,089078 thryr alfaz altnbyh aw lghh alfqh,al-Nawawi,النووي,islamic-jurisprudence,16.8,1988,https://archive.org/details/AAlexandrina-089078
,review,096512_الاذكار_المنتخبة_من_كلام_سيد_الابرار_صلى_الله_عليه_وسلم,096512 aladhkar almntkhbh mn klam syd alabrar sly allh alyh wslm,al-Nawawi,النووي,spiritual-healing,40.9,1900,https://archive.org/details/AAlexandrina-096512
,review,095230_الجزء_الثالث_السادس_من_كتاب_لسان_الميزان,095230 aljz althalth alsads mn ktab lsan almyzan,Ibn Hajar al-Asqalani,ابن حجر العسقلاني,hadith-studies,110.5,1330,https://archive.org/details/AAlexandrina-095230
,review,WAQ80711,waq80711,Ibn Hajar al-Asqalani,ابن حجر العسقلاني,hadith-studies,46.6,,https://archive.org/details/WAQ80711
,review,waq46616,waq46616,Ibn Hajar al-Asqalani,ابن حجر العسقلاني,hadith-studies,5.8,,https://archive.org/details/waq46616
,review,065356 - فتح العلام لشرح بلوغ المرام,065356 fth alalam lshrh blwgh almram,Ibn Hajar al-Asqalani,ابن حجر العسقلاني,islamic-jurisprudence,70.7,1302,https://archive.org/details/AAlexandrina-065356
,review,150234_الجزء_الثالث_السادس_من_كتاب_لسان_الميزان,150234 aljz althalth alsads mn ktab lsan almyzan,Ibn Hajar al-Asqalani,ابن حجر العسقلاني,hadith-studies,31.6,1330,https://archive.org/details/AAlexandrina-150234
,review,147762_كتاب_الرحمة_الغيثية_بالترجمة_الليثية_فى_مناقب_سيدنا_و_ليه,147762 ktab alrhmh alghythyh baltrjmh allythyh fy mnaqb sydna w lyh,Ibn Hajar al-Asqalani,ابن حجر العسقلاني,hadith-studies,9.6,1301,https://archive.org/details/AAlexandrina-147762
,review,020030 - فتح العلام لشرح بلوغ المرام,020030 fth alalam lshrh blwgh almram,Ibn Hajar al-Asqalani,ابن حجر العسقلاني,islamic-jurisprudence,58.8,1900,https://archive.org/details/AAlexandrina-020030
,review,058431_الجزء_الخامس_الثانى_عشر_من_كتاب_تهذيب_التهذيب,058431 aljz alkhams althany ashr mn ktab thdhyb althdhyb,Ibn Hajar al-Asqalani,ابن حجر العسقلاني,hadith-studies,110.1,1326,https://archive.org/details/AAlexandrina-058431
,review,فتح الباري بشرح صحيح البخاري ابن حجر العسقلاني الريان,fth albary bshrh shyh albkhary abn hjr alasqlany alryan,Ibn Hajar al-Asqalani,ابن حجر العسقلاني,hadith-studies,58.4,2020,https://archive.org/details/2_20200203_20200203_1048
,review,waq54601,waq54601,Ibn Hajar al-Asqalani,ابن حجر العسقلاني,hadith-studies,6.5,,https://archive.org/details/waq54601
,review,fawayid-hajar-aleasqalani,fawayid hajar aleasqalani,Ibn Hajar al-Asqalani,ابن حجر العسقلاني,hadith-studies,37.4,2020,https://archive.org/details/fawayid-hajar-aleasqalani
,review,FP19675,fp19675,Ibn Hajar al-Asqalani,ابن حجر العسقلاني,hadith-studies,2.1,,https://archive.org/details/FP19675
,review,FP153292,fp153292,Ibn Hajar al-Asqalani,ابن حجر العسقلاني,hadith-studies,28.3,,https://archive.org/details/fp153292_202502
,review,waq102954waq,waq102954waq,Ibn Hajar al-Asqalani,ابن حجر العسقلاني,hadith-studies,0.7,,https://archive.org/details/waq102954waq
,review,waq36560,waq36560,Ibn al-Jawzi,ابن الجوزي,spiritual-healing,15.9,,https://archive.org/details/waq36560
,review,waq71048,waq71048,Ibn al-Jawzi,ابن الجوزي,spiritual-healing,4.6,,https://archive.org/details/waq71048
,review,waq72577,waq72577,Ibn al-Jawzi,ابن الجوزي,spiritual-healing,9,,https://archive.org/details/waq72577
,review,waq22783,waq22783,Ibn al-Jawzi,ابن الجوزي,spiritual-healing,5.2,,https://archive.org/details/waq22783
,review,المنتظم_في_تاريخ_الملوك_و_الأمم_الجزء_16_04211_أبي_الفرج_عبد_الرحمان,almntzm fy tarykh almlwk w alamm aljz 16 04211 aby alfrj abd alrhman,Ibn al-Jawzi,ابن الجوزي,spiritual-healing,9.5,1991,https://archive.org/details/BBib-Alex-04211
,review,152019_كتاب_تلقيح_فهوم_اهل_الاثر_فى_عيون_التاريخ_السير,152019 ktab tlqyh fhwm ahl alathr fy aywn altarykh alsyr,Ibn al-Jawzi,ابن الجوزي,hadith-studies,71.6,,https://archive.org/details/AAlexandrina-152019
,review,waq82947,waq82947,Ibn al-Jawzi,ابن الجوزي,spiritual-healing,1.8,,https://archive.org/details/waq82947
,review,mnemadFP,mnemadfp,Ibn al-Jawzi,ابن الجوزي,spiritual-healing,10.6,,https://archive.org/details/mnemadFP
,review,waq16079,waq16079,Ibn al-Jawzi,ابن الجوزي,spiritual-healing,6.6,,https://archive.org/details/waq16079
,review,وداع رمضان,wdaa rmdan,Ibn al-Jawzi,ابن الجوزي,spiritual-healing,3.3,,https://archive.org/details/wadaa-ramadan
,review,WAQsaidkhater,waqsaidkhater,Ibn al-Jawzi,ابن الجوزي,spiritual-healing,10.7,,https://archive.org/details/WAQsaidkhater
,review,FP172975,fp172975,Ibn al-Jawzi,ابن الجوزي,spiritual-healing,24.2,,https://archive.org/details/fp172975_202502
,review,160812_المنتظم_فى_تاريخ_الملوك_والامم,160812 almntzm fy tarykh almlwk walamm,Ibn al-Jawzi,ابن الجوزي,islamic-history,40.3,1357,https://archive.org/details/AAlexandrina-160812
,review,000538_المنتظم_فى_تاريخ_الملوك_و_الامم,000538 almntzm fy tarykh almlwk w alamm,Ibn al-Jawzi,ابن الجوزي,islamic-history,20.1,1900,https://archive.org/details/AAlexandrina-000538
,review,WAQ143742,waq143742,Ibn al-Jawzi,ابن الجوزي,spiritual-healing,22.3,,https://archive.org/details/WAQ143742
,review,البيان_والتحصيل_وضمنه_العتبية_الجزء_10_08434_أبي_الوليد_ابن_رشد,albyan walthsyl wdmnh alatbyh aljz 10 08434 aby alwlyd abn rshd,al-Qurtubi,القرطبي,quran-studies,14,1987,https://archive.org/details/BBib-Alex-08434
,review,025118_تفسير_القرطبى_الجامع_لاحكام_القران_الكريم,025118 tfsyr alqrtby aljama lahkam alqran alkrym,al-Qurtubi,القرطبي,quran-studies,91.5,2025,https://archive.org/details/AAlexandrina-025118
,review,2 Surah Baqarah 222 Maheedh Haidh Qurtabi 14 Masaail Of Mensurating Women,2 surah baqarah 222 maheedh haidh qurtabi 14 masaail of mensurating women,al-Qurtubi,القرطبي,quran-studies,0.2,2014,https://archive.org/details/2SurahBaqarah222MaheedhHaidhQurtabi14MasaailOfMensuratingWomen
,review,فتاوى القاضي ابن زرب القرطبي,ftawy alqady abn zrb alqrtby,al-Qurtubi,القرطبي,fatwaas-and-prohibited-disliked,11,2020,https://archive.org/details/20200203_20200203_1117
,review,المنتقى مِن تفسير القاضي ابن مُفَرِّج القرطبي محمد مختار آل حُق,almntqy mn tfsyr alqady abn mfrj alqrtby mhmd mkhtar al hq,al-Qurtubi,القرطبي,quran-studies,3.5,,https://archive.org/details/almontaqa-min-tafsir-ibn-mofarreg
,review,بداية_المجتهد_و_نهاية_المقتصد_الجزء_01_09848_أبي_الوليد_محمد_بن,bdayh almjthd w nhayh almqtsd aljz 01 09848 aby alwlyd mhmd bn,al-Qurtubi,القرطبي,quran-studies,17.2,1981,https://archive.org/details/BBib-Alex-09848
,review,154317_تفسير_القرطبى_الجامع_لاحكام_القرآن,154317 tfsyr alqrtby aljama lahkam alqran,al-Qurtubi,القرطبي,quran-studies,112.6,1900,https://archive.org/details/AAlexandrina-154317
,review,122934_تفسير_القرطبى_الجامع_لاحكام_القران_الكريم,122934 tfsyr alqrtby aljama lahkam alqran alkrym,al-Qurtubi,القرطبي,quran-studies,104.2,2025,https://archive.org/details/AAlexandrina-122934
,review,أخبار الدولة العامرية لابن حيان القرطبي,akhbar aldwlh alaamryh labn hyan alqrtby,al-Qurtubi,القرطبي,quran-studies,8.6,,https://archive.org/details/akhbar_amiria
,review,123032_تفسير_القرطبى_الجامع_لاحكام_القران_الكريم,123032 tfsyr alqrtby aljama lahkam alqran alkrym,al-Qurtubi,القرطبي,quran-studies,64.3,2025,https://archive.org/details/AAlexandrina-123032
,review,025133_تفسير_القرطبى_الجامع_لاحكام_القران_الكريم,025133 tfsyr alqrtby aljama lahkam alqran alkrym,al-Qurtubi,القرطبي,quran-studies,101,2025,https://archive.org/details/AAlexandrina-025133
,review,المقتبس الجزء الخاص بالدولة العامرية,almqtbs aljz alkhas baldwlh alaamryh,al-Qurtubi,القرطبي,quran-studies,8.6,2024,https://archive.org/details/20240424_20240424_2245
,review,الجامع لأحكام القرآن والمبين لما تضمنه من السنة وآي الفرقان (ناقص الآخر) ن1 - القرطبي,aljama lahkam alqran walmbyn lma tdmnh mn alsnh way alfrqan naqs alakhr n1 alqrtby,al-Qurtubi,القرطبي,quran-studies,1208.1,2019,https://archive.org/details/1_20190919_20190919_2342
,review,158373_تفسير_القرطبى_الجامع_لاحكام_القرآن,158373 tfsyr alqrtby aljama lahkam alqran,al-Qurtubi,القرطبي,quran-studies,114.6,1900,https://archive.org/details/AAlexandrina-158373
,review,024266 - الجامع لاحكام القرآن,024266 aljama lahkam alqran,al-Qurtubi,القرطبي,quran-studies,79.2,1937,https://archive.org/details/AAlexandrina-024266
,possible-dupe,فوائد علمية هامة من تفسير القرطبي - د. محمد بن سعيد القحطاني pdf,fwayd almyh hamh mn tfsyr alqrtby d mhmd bn sayd alqhtany pdf,Sa'id ibn Ali al-Qahtani,سعيد بن علي بن وهف القحطاني,quran-studies,6.1,,https://archive.org/details/a053n
,review,140085_كتاب_بغية_الوعاة_فى_طبقات_اللغويين_والنحاه,140085 ktab bghyh alwaah fy tbqat allghwyyn walnhah,al-Suyuti,السيوطي,biographies,43.9,1908,https://archive.org/details/AAlexandrina-140085
,review,FP3633,fp3633,al-Suyuti,السيوطي,quran-studies,8,,https://archive.org/details/FP3633
,review,سرعة السيوطي,srah alsywty,al-Suyuti,السيوطي,quran-studies,0.1,,https://archive.org/details/20211025_20211025_1431
,review,جماليات الاستلزام الحواري عبدالمنعم السيوطي,jmalyat alastlzam alhwary abdalmnam alsywty,al-Suyuti,السيوطي,quran-studies,103.8,2021,https://archive.org/details/20210217_20210217_0458
,review,السراج المنير في ترتيب أحاديث صحيح الجامع الصغير السيوطي و الألباني,alsraj almnyr fy trtyb ahadyth shyh aljama alsghyr alsywty w alalbany,al-Suyuti,السيوطي,hadith-studies,22.8,2020,https://archive.org/details/20200213_20200213_1111
,review,لباب النقول في أسباب النزول,lbab alnqwl fy asbab alnzwl,al-Suyuti,السيوطي,quran-studies,5.7,,https://archive.org/details/FakirlerinHizmetcisi_20150818_1430
,review,39 Tafsir Surah Zumur Tafsir Durrul Manthoor Li Jalaluddin Al Suyuti,39 tafsir surah zumur tafsir durrul manthoor li jalaluddin al suyuti,al-Suyuti,السيوطي,quran-studies,1.4,2018,https://archive.org/details/39TafsirSurahZumurTafsirDurrulMathoorLiJalaluddinAlSuyuti
,review,الوشاح في فوائد النكاح,alwshah fy fwayd alnkah,al-Suyuti,السيوطي,quran-studies,48.4,2019,https://archive.org/details/20260529_20260529_1421
,review,FP27421,fp27421,al-Suyuti,السيوطي,quran-studies,19.2,,https://archive.org/details/FP27421
,review,FP41728,fp41728,al-Suyuti,السيوطي,quran-studies,1.1,,https://archive.org/details/FP41728
,review,FP59493,fp59493,al-Suyuti,السيوطي,quran-studies,1.7,,https://archive.org/details/FP59493
,review,رسائل_السيوطي_05_09573_جلال_الدين_عبد_الرحمان_بن_أبي_بكر_السيوطي,rsayl alsywty 05 09573 jlal aldyn abd alrhman bn aby bkr alsywty,al-Suyuti,السيوطي,quran-studies,0.6,1987,https://archive.org/details/BBib-Alex-09573
,review,اليواقيت الثمينة قي صفات السمينة,alywaqyt althmynh qy sfat alsmynh,al-Suyuti,السيوطي,family-and-marriage,10.9,2016,https://archive.org/details/samina_souyouti
,review,129117_الدر_المنثور_فى_التفسير_الماثور,129117 aldr almnthwr fy altfsyr almathwr,al-Suyuti,السيوطي,quran-studies,57.1,1900,https://archive.org/details/AAlexandrina-129117
,review,waq105840,waq105840,al-Suyuti,السيوطي,quran-studies,1.7,,https://archive.org/details/waq105840
,possible-dupe,موالاة اهل الاشراك و اوثق عرى الايمان,mwalah ahl alashrak w awthq ary alayman,Muhammad ibn Abd al-Wahhab,محمد بن عبد الوهاب,aqeedah,8.5,,https://archive.org/details/240427-093735
,possible-dupe,فى_عقائد_الاسلام_من_رسائل_10545_محمد_بن_عبد_الوهاب،_محمد_بن_عبد,fy aqayd alaslam mn rsayl 10545 mhmd bn abd alwhab mhmd bn abd,Muhammad ibn Abd al-Wahhab,محمد بن عبد الوهاب,aqeedah,7.9,,https://archive.org/details/BBib-Alex-10545
,possible-dupe,ما يتميز به المسلم من المشرك,ma ytmyz bh almslm mn almshrk,Muhammad ibn Abd al-Wahhab,محمد بن عبد الوهاب,aqeedah,0.5,,https://archive.org/details/ce-qui-distingue-le-musulman-du-polytheiste-ar
,possible-dupe,كتاب أذكار الصباح والمساء للشيخ محمد بن عبد الوهاب الوصابي,ktab adhkar alsbah walmsa llshykh mhmd bn abd alwhab alwsaby,Muhammad ibn Abd al-Wahhab,محمد بن عبد الوهاب,spiritual-healing,0.9,,https://archive.org/details/AzkaAlSabahWiAlMasaa
,possible-dupe,093711_التوحيد_الذى_هو_حق_الله_على_العبيد,093711 altwhyd aldhy hw hq allh aly alabyd,Muhammad ibn Abd al-Wahhab,محمد بن عبد الوهاب,aqeedah,25,,https://archive.org/details/AAlexandrina-093711
,possible-dupe,تيسير العزيز الحميد في شرح كتاب التوحيد سليمان بن عبد الله بن محمد بن عبد الوهاب,tysyr alazyz alhmyd fy shrh ktab altwhyd slyman bn abd allh bn mhmd bn abd alwhab,Muhammad ibn Abd al-Wahhab,محمد بن عبد الوهاب,aqeedah,33.1,2024,https://archive.org/details/fhst_20240123
x,ok,تفسير كلمة التوحيد,tfsyr klmh altwhyd,Muhammad ibn Abd al-Wahhab,محمد بن عبد الوهاب,aqeedah,0.4,,https://archive.org/details/Tawheed_Tafseer
,possible-dupe,كتاب التوحيد ويليه الأصول الثلاثة وأدلتها ويليها شروط الصلاة وواجباتها وأركانها والقواعد الأربع للشيخ محمد بن عبد الوهاب ت محمد منير الدمشقي ، أحمد شاكر PDF,ktab altwhyd wylyh alaswl althlathh wadltha wylyha shrwt alslah wwajbatha warkanha walqwaad alarba llshykh mhmd bn abd alwhab t mhmd mnyr aldmshqy ahmd shakr pdf,Muhammad ibn Abd al-Wahhab,محمد بن عبد الوهاب,aqeedah,5.1,,https://archive.org/details/a1028n
x,ok,كتاب أحاديث في الفتن و الحوادث محمد بن عبد الوهاب,ktab ahadyth fy alftn w alhwadth mhmd bn abd alwhab,Muhammad ibn Abd al-Wahhab,محمد بن عبد الوهاب,islamic-jurisprudence,1.3,,https://archive.org/details/ahadeeth-alfetan-wa-alhawadeth_muhammad-ben-abd-alwahab
x,ok,كشف الشبهات,kshf alshbhat,Muhammad ibn Abd al-Wahhab,محمد بن عبد الوهاب,deviated-sects-and-bidah,1.9,,https://archive.org/details/hamlaenglish_gmail_20180324_0723
x,ok,معنى الطاغوت ورؤوس أنواعة,many altaghwt wrwws anwaah,Muhammad ibn Abd al-Wahhab,محمد بن عبد الوهاب,aqeedah,0.3,,https://archive.org/details/le-sens-du-mot-taghout-ar
x,ok,أصل دين الإسلام وقاعدته أمران Le Fondement De L' Islam Et Son Principe,asl dyn alaslam wqaadth amran le fondement de l islam et son principe,Muhammad ibn Abd al-Wahhab,محمد بن عبد الوهاب,aqeedah,0.3,,https://archive.org/details/le-fondement-de-l-islam-et-son-principe-fr-ar_202311
x,ok,158223 - كشف الشبهات,158223 kshf alshbhat,Muhammad ibn Abd al-Wahhab,محمد بن عبد الوهاب,aqeedah,9.3,2003,https://archive.org/details/AAlexandrina-158223
x,ok,158225 - خطب محمد بن عبد الوهاب,158225 khtb mhmd bn abd alwhab,Muhammad ibn Abd al-Wahhab,محمد بن عبد الوهاب,aqeedah,15.2,1998,https://archive.org/details/AAlexandrina-158225
x,ok,Book التثويب في الأذان [1289937] --- أبو إبراهيم محمد بن عبد الوهاب الوصابي العبدلي (مؤلف),book altthwyb fy aladhan 1289937 abw abrahym mhmd bn abd alwhab alwsaby alabdly mwlf,Muhammad ibn Abd al-Wahhab,محمد بن عبد الوهاب,aqeedah,0.8,,https://archive.org/details/AAskZad-1289937
,possible-dupe,كتاب الدرر السنية في الأجوبة النجدية,ktab aldrr alsnyh fy alajwbh alnjdyh,Abd al-Rahman ibn Hasan Al al-Shaykh,عبد الرحمن بن حسن آل الشيخ,aqeedah,107.7,,https://archive.org/details/1241825
,possible-dupe,فتح المجيد شرح كتاب التوحيد الشيخ عبد الرحمن بن حسن آل الشيخ,fth almjyd shrh ktab altwhyd alshykh abd alrhmn bn hsn al alshykh,Abd al-Rahman ibn Hasan Al al-Shaykh,عبد الرحمن بن حسن آل الشيخ,aqeedah,10.4,2020,https://archive.org/details/fmskt_202002
,possible-dupe,منهاج التأسيس والتقديس في كشف شبهات داود بن جرجيس,mnhaj altasys waltqdys fy kshf shbhat dawd bn jrjys,Abd al-Rahman ibn Hasan Al al-Shaykh,عبد الرحمن بن حسن آل الشيخ,deviated-sects-and-bidah,7,2020,https://archive.org/details/33713_202002
,possible-dupe,قرة عيون الموحدين في تحقيق دعوة الأنبياء والمرسلين ط عالم الفوائد,qrh aywn almwhdyn fy thqyq dawh alanbya walmrslyn t aalm alfwayd,Abd al-Rahman ibn Hasan Al al-Shaykh,عبد الرحمن بن حسن آل الشيخ,deviated-sects-and-bidah,15.7,,https://archive.org/details/20260315_20260315_2045
,possible-dupe,قرة عيون الموحدين الشيخ عبد الرحمن بن حسن آل الشيخ,qrh aywn almwhdyn alshykh abd alrhmn bn hsn al alshykh,Abd al-Rahman ibn Hasan Al al-Shaykh,عبد الرحمن بن حسن آل الشيخ,aqeedah,4.8,2024,https://archive.org/details/43716_202401
,possible-dupe,المطلب الحميد في بيان مقاصد التوحيد الشيخ عبد الرحمن بن حسن آل الشيخ,almtlb alhmyd fy byan mqasd altwhyd alshykh abd alrhmn bn hsn al alshykh,Abd al-Rahman ibn Hasan Al al-Shaykh,عبد الرحمن بن حسن آل الشيخ,aqeedah,6.7,2020,https://archive.org/details/150126_202002
,possible-dupe,القول المبين في التحذير من كتاب إحياء علوم الدين,alqwl almbyn fy althdhyr mn ktab ahya alwm aldyn,Abd al-Rahman ibn Hasan Al al-Shaykh,عبد الرحمن بن حسن آل الشيخ,islamic-jurisprudence,0.9,1414,https://archive.org/details/book-0625-1772574814
,possible-dupe,القول الفصل النفيس في الرد على المفتري داود بن جرجيس,alqwl alfsl alnfys fy alrd aly almftry dawd bn jrjys,Abd al-Rahman ibn Hasan Al al-Shaykh,عبد الرحمن بن حسن آل الشيخ,deviated-sects-and-bidah,5.5,2020,https://archive.org/details/4272_20200208
x,ok,فتح المجيد لشرح كتاب التوحيد لعبدالرحمن بن حسن آل الشيخ,fth almjyd lshrh ktab altwhyd labdalrhmn bn hsn al alshykh,Abd al-Rahman ibn Hasan Al al-Shaykh,عبد الرحمن بن حسن آل الشيخ,aqeedah,19,2026,https://archive.org/details/20260214_20260214_2144
x,ok,مؤلفات وكتب الشيخ عبد الرحمن بن حسن آل الشيخ رحمه الله,mwlfat wktb alshykh abd alrhmn bn hsn al alshykh rhmh allh,Abd al-Rahman ibn Hasan Al al-Shaykh,عبد الرحمن بن حسن آل الشيخ,deviated-sects-and-bidah,237.6,2023,https://archive.org/details/150355c_202311
x,ok,شرح أصل دين الإسلام وقاعدته,shrh asl dyn alaslam wqaadth,Abd al-Rahman ibn Hasan Al al-Shaykh,عبد الرحمن بن حسن آل الشيخ,aqeedah,0.6,,https://archive.org/details/explication-du-fondement-de-l-islam-et-son-principe-ar
x,ok,مصباح الظلام في الرد على من كذب على الشيخ الإمام ...الشيخ عبد اللطيف بن عبد الرحمن بن حسن آل الشيخ,msbah alzlam fy alrd aly mn kdhb aly alshykh alamam alshykh abd alltyf bn abd alrhmn bn hsn al alshykh,Abd al-Rahman ibn Hasan Al al-Shaykh,عبد الرحمن بن حسن آل الشيخ,deviated-sects-and-bidah,6.3,2024,https://archive.org/details/47605_202406
,dupe-internal,قرة عيون الموحدين الشيخ عبد الرحمن بن حسن آل الشيخ,qrh aywn almwhdyn alshykh abd alrhmn bn hsn al alshykh,Abd al-Rahman ibn Hasan Al al-Shaykh,عبد الرحمن بن حسن آل الشيخ,aqeedah,4.8,2020,https://archive.org/details/43716
x,ok,مصباح الظلام في الرد على من كذب على الشيخ الإمام,msbah alzlam fy alrd aly mn kdhb aly alshykh alamam,Abd al-Rahman ibn Hasan Al al-Shaykh,عبد الرحمن بن حسن آل الشيخ,deviated-sects-and-bidah,6.3,2020,https://archive.org/details/47605
x,ok,قرة عيون الموحدين في تحقيق دعوة الأنبياء و المرسلين,qrh aywn almwhdyn fy thqyq dawh alanbya w almrslyn,Abd al-Rahman ibn Hasan Al al-Shaykh,عبد الرحمن بن حسن آل الشيخ,aqeedah,19.1,2026,https://archive.org/details/20260211_20260211_1846
,possible-dupe,مؤلفات الشيخ محمد بن إبراهيم آل الشيخ,mwlfat alshykh mhmd bn abrahym al alshykh,Muhammad ibn Ibrahim Al al-Shaykh,محمد بن إبراهيم آل الشيخ,dawah,35.3,2026,https://archive.org/details/ch-3-el-osol
,possible-dupe,آداب المشي إلى الصلاة مع بيان بعض أحكام الصلاة والزكاة ومايفسد الصوم 2,adab almshy aly alslah ma byan bad ahkam alslah walzkah wmayfsd alswm 2,Muhammad ibn Ibrahim Al al-Shaykh,محمد بن إبراهيم آل الشيخ,islamic-jurisprudence,0.7,,https://archive.org/details/2_20250716_20250716_0221
,possible-dupe,هل تراجع الشيخ محمد بن إبراهيم عن تكفيره مَنْ ألزم الناس بالتحاكم إلى القانون الوضعي؟ (موقع الإسلام سؤال وجواب),hl traja alshykh mhmd bn abrahym an tkfyrh mn alzm alnas balthakm aly alqanwn alwday mwqa alaslam swal wjwab,Muhammad ibn Ibrahim Al al-Shaykh,محمد بن إبراهيم آل الشيخ,aqeedah,0.1,,https://archive.org/details/20200120_20200120_0626
,possible-dupe,شرح كشف الشبهات لمحمد بن إبراهيم آل الشيخ - المكتبة الشاملة,shrh kshf alshbhat lmhmd bn abrahym al alshykh almktbh alshamlh,Muhammad ibn Ibrahim Al al-Shaykh,محمد بن إبراهيم آل الشيخ,dawah,0.3,1419,https://archive.org/details/shamela_20201216
,possible-dupe,شرح آداب المشي إلى الصلاة,shrh adab almshy aly alslah,Muhammad ibn Ibrahim Al al-Shaykh,محمد بن إبراهيم آل الشيخ,islamic-jurisprudence,6,,https://archive.org/details/Adab_Salat
,possible-dupe,شرح كتاب التوحيد للعلامة محمد بن ابراهيم,shrh ktab altwhyd llalamh mhmd bn abrahym,Muhammad ibn Ibrahim Al al-Shaykh,محمد بن إبراهيم آل الشيخ,aqeedah,18.8,,https://archive.org/details/20260327_20260327_1630
,possible-dupe,رسالة ' تحكيم القوانين ' - الشيخ محمد بن إبراهيم آل الشيخ,rsalh thkym alqwanyn alshykh mhmd bn abrahym al alshykh,Muhammad ibn Ibrahim Al al-Shaykh,محمد بن إبراهيم آل الشيخ,dawah,0.7,1411,https://archive.org/details/20210325_20210325_0107
,possible-dupe,الجواب الواضح المستقيم في التحقيق في كيفية إنزال القرآن الكريم,aljwab alwadh almstqym fy althqyq fy kyfyh anzal alqran alkrym,Muhammad ibn Ibrahim Al al-Shaykh,محمد بن إبراهيم آل الشيخ,quran-studies,1.5,,https://archive.org/details/Jawab_Ibn_Ibraheem
x,ok,رسالة تحكيم القوانين,rsalh thkym alqwanyn,Muhammad ibn Ibrahim Al al-Shaykh,محمد بن إبراهيم آل الشيخ,aqeedah,0.3,,https://archive.org/details/resalat_tahkim_9awanin
,possible-dupe,الوسائل المفيدة للحياة السعيدة للسعدي، ط 1 أضواء السلف 2019م,alwsayl almfydh llhyah alsaydh llsady t 1 adwa alslf 2019m,Abd al-Rahman al-Sa'di,عبد الرحمن بن ناصر السعدي,quran-studies,5.7,2019,https://archive.org/details/1-2019_20230828
,possible-dupe,منهج السالكين وتوضيح الفقه في الدين (ط. مؤسسة الرسالة),mnhj alsalkyn wtwdyh alfqh fy aldyn t mwssh alrsalh,Abd al-Rahman al-Sa'di,عبد الرحمن بن ناصر السعدي,islamic-jurisprudence,5.6,,https://archive.org/details/manhajalsalikin-sa3di-risalah
,possible-dupe,تيسير الكريم الرحمن في تفسير كلام المنان للشيخ السعدي ملف واحد مفهرس,tysyr alkrym alrhmn fy tfsyr klam almnan llshykh alsady mlf wahd mfhrs,Abd al-Rahman al-Sa'di,عبد الرحمن بن ناصر السعدي,quran-studies,53.1,,https://archive.org/details/20260602_20260602_1112
,possible-dupe,القواعد الحسان في تفسير القرآن للسعدي مفهرس,alqwaad alhsan fy tfsyr alqran llsady mfhrs,Abd al-Rahman al-Sa'di,عبد الرحمن بن ناصر السعدي,quran-studies,0.6,,https://archive.org/details/20250816_581
,possible-dupe,تيسير الكريم الرحمن في تفسير كلام المنان = تفسير السعدي (ط. مكتبة العبيكان),tysyr alkrym alrhmn fy tfsyr klam almnan tfsyr alsady t mktbh alabykan,Abd al-Rahman al-Sa'di,عبد الرحمن بن ناصر السعدي,quran-studies,42,,https://archive.org/details/tafsir-sa3di-maktabat-3ubaykan
,possible-dupe,كتب عبد الرحمن بن ناصر السعدي - طبعات نادرة و قديمة و ملونة,ktb abd alrhmn bn nasr alsady tbaat nadrh w qdymh w mlwnh,Abd al-Rahman al-Sa'di,عبد الرحمن بن ناصر السعدي,quran-studies,129.8,1949,https://archive.org/details/1949_20211022
,possible-dupe,القواعد والأصول الجامعة والفروق والتقاسيم البديعة (ط. المدني),alqwaad walaswl aljamah walfrwq waltqasym albdyah t almdny,Abd al-Rahman al-Sa'di,عبد الرحمن بن ناصر السعدي,islamic-jurisprudence,3.8,,https://archive.org/details/qawa3id-wa-usul-madaniy
x,ok,سعدی جلد پنجم,sad jld njm,Abd al-Rahman al-Sa'di,عبد الرحمن بن ناصر السعدي,quran-studies,5,,https://archive.org/details/20250217_20250217_0134
x,ok,سعدی جلد هشتم,sad jld hshtm,Abd al-Rahman al-Sa'di,عبد الرحمن بن ناصر السعدي,quran-studies,6.1,,https://archive.org/details/20250217_20250217_0149
x,ok,تيسير الكريم الرحمن في تفسير كلام المنان = تفسير السعدي (ط. دار السلام),tysyr alkrym alrhmn fy tfsyr klam almnan tfsyr alsady t dar alslam,Abd al-Rahman al-Sa'di,عبد الرحمن بن ناصر السعدي,quran-studies,43.2,,https://archive.org/details/tafsir-sa3di-dar-salam
x,ok,تيسير الكريم الرحمن في تفسير كلام المنان = تفسير السعدي (ط. دار الحديث),tysyr alkrym alrhmn fy tfsyr klam almnan tfsyr alsady t dar alhdyth,Abd al-Rahman al-Sa'di,عبد الرحمن بن ناصر السعدي,quran-studies,37.8,,https://archive.org/details/tafsir-sa3di-dar-hadith
x,ok,سعدی جلد اول,sad jld awl,Abd al-Rahman al-Sa'di,عبد الرحمن بن ناصر السعدي,quran-studies,3.5,,https://archive.org/details/20250217_20250217_0201
x,ok,تيسير الكريم الرحمن في تفسير كلام المنان.,tysyr alkrym alrhmn fy tfsyr klam almnan,Abd al-Rahman al-Sa'di,عبد الرحمن بن ناصر السعدي,quran-studies,43.2,,https://archive.org/details/100585-2
x,ok,سعدی جلد دوم,sad jld dwm,Abd al-Rahman al-Sa'di,عبد الرحمن بن ناصر السعدي,quran-studies,4.4,2025,https://archive.org/details/20250217_20250217_0107
,possible-dupe,موسوعة المسائل الفقهية الميسرة (ط. دار الفكر),mwswah almsayl alfqhyh almysrh t dar alfkr,Abd al-Aziz Al al-Shaykh,عبد العزيز آل الشيخ,islamic-jurisprudence,59.6,,https://archive.org/details/mawsu3a-masail-fiqhiyah
,possible-dupe,أضواء البيان في إيضاح القرآن بالقرآن,adwa albyan fy aydah alqran balqran,Muhammad al-Amin al-Shinqiti,محمد الأمين الشنقيطي,quran-studies,17.6,,https://archive.org/details/elshandawily14840
,possible-dupe,الإسلام دين كامل,alaslam dyn kaml,Muhammad al-Amin al-Shinqiti,محمد الأمين الشنقيطي,quran-studies,0.6,,https://archive.org/details/Al-Islam_Shankety
,possible-dupe,waq69934,waq69934,Muhammad al-Amin al-Shinqiti,محمد الأمين الشنقيطي,quran-studies,14.3,,https://archive.org/details/waq69934
,possible-dupe,waq29045,waq29045,Muhammad al-Amin al-Shinqiti,محمد الأمين الشنقيطي,quran-studies,7.4,,https://archive.org/details/waq29045
,possible-dupe,FP69929s,fp69929s,Muhammad al-Amin al-Shinqiti,محمد الأمين الشنقيطي,quran-studies,12.6,,https://archive.org/details/FP69929s
,possible-dupe,waq69933_1,waq69933 1,Muhammad al-Amin al-Shinqiti,محمد الأمين الشنقيطي,quran-studies,6.3,,https://archive.org/details/waq69933_1
,possible-dupe,waq69946,waq69946,Muhammad al-Amin al-Shinqiti,محمد الأمين الشنقيطي,quran-studies,5.1,,https://archive.org/details/waq69946
,possible-dupe,waq69962-2,waq69962 2,Muhammad al-Amin al-Shinqiti,محمد الأمين الشنقيطي,quran-studies,1.4,,https://archive.org/details/waq69962-2
x,ok,shmasuwaq,shmasuwaq,Muhammad al-Amin al-Shinqiti,محمد الأمين الشنقيطي,quran-studies,11,,https://archive.org/details/shmasuwaq
x,ok,معارج الصعود إلى تفسير سورة هود - محمد الأمين الشنقيطي PDF,maarj alsawd aly tfsyr swrh hwd mhmd alamyn alshnqyty pdf,Muhammad al-Amin al-Shinqiti,محمد الأمين الشنقيطي,quran-studies,5.7,,https://archive.org/details/a1651n
x,ok,WAQ69939,waq69939,Muhammad al-Amin al-Shinqiti,محمد الأمين الشنقيطي,quran-studies,17.8,,https://archive.org/details/WAQ69939
x,ok,فضائل معاوية بن أبي سفيان رضي الله عنه,fdayl maawyh bn aby sfyan rdy allh anh,Muhammad al-Amin al-Shinqiti,محمد الأمين الشنقيطي,biographies,1.4,,https://archive.org/details/Fadael_Moaweah
x,ok,مواهب الجليل من أدلة خليل,mwahb aljlyl mn adlh khlyl,Muhammad al-Amin al-Shinqiti,محمد الأمين الشنقيطي,quran-studies,8.6,1983,https://archive.org/details/adilat-khalil-01
x,ok,مفيد العباد سواء العاكف فيه والبادي,mfyd alabad swa alaakf fyh walbady,Muhammad al-Amin al-Shinqiti,محمد الأمين الشنقيطي,islamic-jurisprudence,18,,https://archive.org/details/moufid_Elibad
x,ok,نحو عدالة لغوية.. من أجل رفع الحيف السياسي عن اللغة العربية في بلاد العرب,nhw adalh lghwyh mn ajl rfa alhyf alsyasy an allghh alarbyh fy blad alarb,Muhammad al-Amin al-Shinqiti,محمد الأمين الشنقيطي,islamic-etiquette,0.8,2018,https://archive.org/details/m_915
,possible-dupe,مجموع تفسير آيات من القرآن الكريم بن باز مفهرس,mjmwa tfsyr ayat mn alqran alkrym bn baz mfhrs,Abd al-Aziz ibn Baz,عبد العزيز بن باز,quran-studies,7.7,,https://archive.org/details/20250619_20250619_1106
,possible-dupe,وجوب الرجوع إلى الله,wjwb alrjwa aly allh,Abd al-Aziz ibn Baz,عبد العزيز بن باز,fatwaas-and-prohibited-disliked,5.8,,https://archive.org/details/woujoub_arujou3
,possible-dupe,تحفة الأنام بتلخيص أحكام الصيام لسماحة الشيخ الإمام عبد العزيز بن باز - د. إياد العكيلي PDF,thfh alanam btlkhys ahkam alsyam lsmahh alshykh alamam abd alazyz bn baz d ayad alakyly pdf,Abd al-Aziz ibn Baz,عبد العزيز بن باز,islamic-jurisprudence,2.1,,https://archive.org/details/thfa8
,possible-dupe,عقيدة الموحدين والرد على الضلال والمبتدعين (تقديم ابن باز),aqydh almwhdyn walrd aly aldlal walmbtdayn tqdym abn baz,Abd al-Aziz ibn Baz,عبد العزيز بن باز,fatwaas-and-prohibited-disliked,7.5,,https://archive.org/details/20200118_20200118_1146
,possible-dupe,أقـوال الشيخ عبد العزيز بن باز في العذر بالجهل,aqwal alshykh abd alazyz bn baz fy aladhr baljhl,Abd al-Aziz ibn Baz,عبد العزيز بن باز,aqeedah,1.3,,https://archive.org/details/20200112_20200112_0406
,possible-dupe,فتاوى وتقريرات علمية من دروس سماحة الشيخ عبد العزيز بن باز - عبد الله التويجري PDF,ftawy wtqryrat almyh mn drws smahh alshykh abd alazyz bn baz abd allh altwyjry pdf,Abd al-Aziz ibn Baz,عبد العزيز بن باز,fatwaas-and-prohibited-disliked,17,,https://archive.org/details/yfdc8
,possible-dupe,نقد القومية العربية على ضوء الإسلام والواقع (ابن باز),nqd alqwmyh alarbyh aly dw alaslam walwaqa abn baz,Abd al-Aziz ibn Baz,عبد العزيز بن باز,aqeedah,0.5,,https://archive.org/details/a_20200112
x,ok,التحقيق والإيضاح لكثير من مسائل الحج والعمرة (ملون),althqyq walaydah lkthyr mn msayl alhj walamrh mlwn,Abd al-Aziz ibn Baz,عبد العزيز بن باز,fatwaas-and-prohibited-disliked,7.5,1438,https://archive.org/details/FP172813c
,possible-dupe,حقيقة التوحيد والشرك,hqyqh altwhyd walshrk,Abd al-Aziz ibn Baz,عبد العزيز بن باز,fatwaas-and-prohibited-disliked,0.8,1438,https://archive.org/details/FP172881
x,ok,كيفية صلاة النبي صلى الله عليه وسلم,kyfyh slah alnby sly allh alyh wslm,Abd al-Aziz ibn Baz,عبد العزيز بن باز,fatwaas-and-prohibited-disliked,0.7,,https://archive.org/details/FP172909
x,ok,الفوائد الجلية من دروس الشيخ ابن باز العلمية - علي الزهراني PDF,alfwayd aljlyh mn drws alshykh abn baz alalmyh aly alzhrany pdf,Abd al-Aziz ibn Baz,عبد العزيز بن باز,knowledge,4.1,,https://archive.org/details/a1681n
x,ok,مناسك العمرة (ملون),mnask alamrh mlwn,Abd al-Aziz ibn Baz,عبد العزيز بن باز,fatwaas-and-prohibited-disliked,14.7,,https://archive.org/details/FP172887c
x,ok,كيفية صلاة النبي صلى الله عليه وسلم (ملون),kyfyh slah alnby sly allh alyh wslm mlwn,Abd al-Aziz ibn Baz,عبد العزيز بن باز,fatwaas-and-prohibited-disliked,4.3,,https://archive.org/details/FP172909c
x,ok,التحذير من البدع (ملون),althdhyr mn albda mlwn,Abd al-Aziz ibn Baz,عبد العزيز بن باز,fatwaas-and-prohibited-disliked,7.2,1438,https://archive.org/details/FP172910c
x,ok,حقيقة التوحيد والشرك (ملون),hqyqh altwhyd walshrk mlwn,Abd al-Aziz ibn Baz,عبد العزيز بن باز,fatwaas-and-prohibited-disliked,8.3,1438,https://archive.org/details/FP172881c
,possible-dupe,التحذير من الغناء والتصوير وحلق اللحية,althdhyr mn alghna waltswyr whlq allhyh,Muhammad ibn Salih al-Uthaymin,محمد بن صالح العثيمين,islamic-jurisprudence,0.6,1438,https://archive.org/details/FP172895
,possible-dupe,التحذير من الغناء والتصوير وحلق اللحية (ملون),althdhyr mn alghna waltswyr whlq allhyh mlwn,Muhammad ibn Salih al-Uthaymin,محمد بن صالح العثيمين,islamic-jurisprudence,2.9,1438,https://archive.org/details/FP172895c
,possible-dupe,صفة الحج,sfh alhj,Muhammad ibn Salih al-Uthaymin,محمد بن صالح العثيمين,hajj-and-umrah,1.3,,https://archive.org/details/sifat-al-hajj
,possible-dupe,حوار مع الشيخين العلامة محمد بن صالح العثيمين رحمه الله تعالى والعلامة عبد الله بن عبد الرحمن الجبرين - فيصل بن عبد العزيز السمحان PDF,hwar ma alshykhyn alalamh mhmd bn salh alathymyn rhmh allh taaly walalamh abd allh bn abd alrhmn aljbryn fysl bn abd alazyz alsmhan pdf,Muhammad ibn Salih al-Uthaymin,محمد بن صالح العثيمين,islamic-jurisprudence,1.8,,https://archive.org/details/xerf4
,possible-dupe,100 فائدة من درر العلامة الشيخ محمد بن صالح العثيمين - نواف بن مطيع PDF,100 faydh mn drr alalamh alshykh mhmd bn salh alathymyn nwaf bn mtya pdf,Muhammad ibn Salih al-Uthaymin,محمد بن صالح العثيمين,islamic-jurisprudence,2,,https://archive.org/details/a1547n
,possible-dupe,القول المفيد على كتاب التوحيد,alqwl almfyd aly ktab altwhyd,Muhammad ibn Salih al-Uthaymin,محمد بن صالح العثيمين,aqeedah,16.2,2010,https://archive.org/details/alqulu_almufidi_elaa_ktabi_altawhid
,possible-dupe,"pdf كتاب "" فقه العبادات"" فضيلة الشيخ محمد بن صالح العثيمين رحمه الله",pdf ktab fqh alabadat fdylh alshykh mhmd bn salh alathymyn rhmh allh,Muhammad ibn Salih al-Uthaymin,محمد بن صالح العثيمين,islamic-jurisprudence,12.4,,https://archive.org/details/noor-book.com-3_202407
,possible-dupe,صفة الحج و العمرة,sfh alhj w alamrh,Muhammad ibn Salih al-Uthaymin,محمد بن صالح العثيمين,hajj-and-umrah,11.1,,https://archive.org/details/sifat-al-hajj-wa-al-umrah
x,ok,شرح العقيدة الواسطية لإبن عثيمين 1,shrh alaqydh alwastyh labn athymyn 1,Muhammad ibn Salih al-Uthaymin,محمد بن صالح العثيمين,islamic-jurisprudence,7.1,2021,https://archive.org/details/1_20210727_20210727_1739
x,ok,شرح رياض الصالحين لـ ابن عثيمين,shrh ryad alsalhyn l abn athymyn,Muhammad ibn Salih al-Uthaymin,محمد بن صالح العثيمين,islamic-jurisprudence,14.1,,https://archive.org/details/20240714_20240714_2136
x,ok,تهذيب شرح عقيدة اهل السنة والجماعة,thdhyb shrh aqydh ahl alsnh waljmaah,Muhammad ibn Salih al-Uthaymin,محمد بن صالح العثيمين,aqeedah,5.7,,https://archive.org/details/ErhAQIDETIEHLISSUNNETIWELDEMAATItehzibMuhammeB.SalihElUsejmin
x,ok,Book شرح لمعة الاعتقاد [1164435] --- محمد بن صالح العثيمين (مؤلف)_محمد بيومي (تحقيق),book shrh lmah alaatqad 1164435 mhmd bn salh alathymyn mwlf mhmd bywmy thqyq,Muhammad ibn Salih al-Uthaymin,محمد بن صالح العثيمين,islamic-jurisprudence,1.2,,https://archive.org/details/AAskZad-1164435
x,ok,شرح صحيح البخاري - الشيخ العلامة محمد بن صالح العثيمين (تخريجات: الألباني - تعليقات: ابن باز) (ط: المكتبة الإسلامية),shrh shyh albkhary alshykh alalamh mhmd bn salh alathymyn tkhryjat alalbany talyqat abn baz t almktbh alaslamyh,Muhammad ibn Salih al-Uthaymin,محمد بن صالح العثيمين,hadith-studies,16.6,2008,https://archive.org/details/10.-7233-7563
x,ok,أهل سنت والجماعت كا عقيده,ahl snt waljmaat ka aqydh,Muhammad ibn Salih al-Uthaymin,محمد بن صالح العثيمين,quran-studies,0.9,2006,https://archive.org/details/ur_Belief_of_Ahlu_Alsunnah_and_Aljamah
x,ok,تقريب التدمرية,tqryb altdmryh,Muhammad ibn Salih al-Uthaymin,محمد بن صالح العثيمين,aqeedah,12.4,,https://archive.org/details/taqrib-al-tadmuriyyah-uthaymin
,possible-dupe,آداب الزفاف,adab alzfaf,Muhammad Nasir al-Din al-Albani,محمد ناصر الدين الألباني,islamic-jurisprudence,4.5,,https://archive.org/details/20230827_20230827_1229
,possible-dupe,صفة صلاة النبي,sfh slah alnby,Muhammad Nasir al-Din al-Albani,محمد ناصر الدين الألباني,islamic-jurisprudence,9.1,,https://archive.org/details/20230827_20230827_1117
,possible-dupe,مختصر العلو للعلي الغفار,mkhtsr alalw llaly alghfar,Muhammad Nasir al-Din al-Albani,محمد ناصر الدين الألباني,aqeedah,4.7,1991,https://archive.org/details/Moukhtassar_elOulou
,possible-dupe,مكتبة الشيخ محمد ناصر الدين الألباني,mktbh alshykh mhmd nasr aldyn alalbany,Muhammad Nasir al-Din al-Albani,محمد ناصر الدين الألباني,hadith-studies,52.8,,https://archive.org/details/5_20260404_202604
,possible-dupe,جميع تفريغات سلسلة الهدى والنور للألباني رحمه الله في ملف واحد,jmya tfryghat slslh alhdy walnwr llalbany rhmh allh fy mlf wahd,Muhammad Nasir al-Din al-Albani,محمد ناصر الدين الألباني,hadith-studies,195.8,,https://archive.org/details/AlHuda_WanNoor
,possible-dupe,صحيح السيرة النبوية الألباني,shyh alsyrh alnbwyh alalbany,Muhammad Nasir al-Din al-Albani,محمد ناصر الدين الألباني,islamic-history,4,2020,https://archive.org/details/20200212_20200212_0636
,possible-dupe,صفة صلاة النبي النسخة الكاملة,sfh slah alnby alnskhh alkamlh,Muhammad Nasir al-Din al-Albani,محمد ناصر الدين الألباني,islamic-jurisprudence,9.1,1996,https://archive.org/details/sifatsalatelnabi
x,ok,تلخيص صفة الصلاة - مشكول,tlkhys sfh alslah mshkwl,Muhammad Nasir al-Din al-Albani,محمد ناصر الدين الألباني,islamic-jurisprudence,0.8,2025,https://archive.org/details/20250704_20250704_2150
x,ok,تحذير الساجد,thdhyr alsajd,Muhammad Nasir al-Din al-Albani,محمد ناصر الدين الألباني,hadith-studies,3.7,2001,https://archive.org/details/2001-tahzeer_alsajid-alalbani
x,ok,Book الفتوحات الربانية في الفوائد الحديثية [1241122] --- محمد ناصر الدين الألباني (مؤلف)_أبو عبد الله احمد بن ابراهيم بن أبن العينين,book alftwhat alrbanyh fy alfwayd alhdythyh 1241122 mhmd nasr aldyn alalbany mwlf abw abd allh ahmd bn abrahym bn abn alaynyn,Muhammad Nasir al-Din al-Albani,محمد ناصر الدين الألباني,hadith-studies,2.5,,https://archive.org/details/AAskZad-1241122
x,ok,الاجوبة النافعة عن أسئلة لجنة مسجد الجامعة,alajwbh alnafah an asylh ljnh msjd aljamah,Muhammad Nasir al-Din al-Albani,محمد ناصر الدين الألباني,hadith-studies,1.8,2016,https://archive.org/details/ABDOFAIZE2010_GMAIL_20161223
x,ok,سلسلة الأحاديث الصحيحة مرتبة على الأبواب الفقهية,slslh alahadyth alshyhh mrtbh aly alabwab alfqhyh,Muhammad Nasir al-Din al-Albani,محمد ناصر الدين الألباني,hadith-studies,13.4,2020,https://archive.org/details/20200203_20200203_0646
x,ok,كتاب صفة صلاة النبي - الألباني,ktab sfh slah alnby alalbany,Muhammad Nasir al-Din al-Albani,محمد ناصر الدين الألباني,islamic-jurisprudence,23.7,,https://archive.org/details/muslim-prayer
x,ok,♦♦ المختصر البديع لمقالات ( الألباني ) في الهجر والتبديع ♦♦,almkhtsr albdya lmqalat alalbany fy alhjr waltbdya,Muhammad Nasir al-Din al-Albani,محمد ناصر الدين الألباني,knowledge,0.4,,https://archive.org/details/Almo5tasarulBadee3
,possible-dupe,شرح فتح المجيد لشرح كتاب التوحيد للفوزان,shrh fth almjyd lshrh ktab altwhyd llfwzan,Salih al-Fawzan,صالح بن فوزان الفوزان,aqeedah,31.9,,https://archive.org/details/3_20260214_20260214_2207
,possible-dupe,الملخص في شرح كتاب التوحيد,almlkhs fy shrh ktab altwhyd,Salih al-Fawzan,صالح بن فوزان الفوزان,aqeedah,13.2,,https://archive.org/details/20260228_20260228_2242
,possible-dupe,التعليق المختصر المبين علي قرة عيون الموحدين للفوزان,altalyq almkhtsr almbyn aly qrh aywn almwhdyn llfwzan,Salih al-Fawzan,صالح بن فوزان الفوزان,deviated-sects-and-bidah,16.8,,https://archive.org/details/20260309_20260309_1853
,possible-dupe,شرح الفتوى الحموية الكبري لصالح الفوزان,shrh alftwy alhmwyh alkbry lsalh alfwzan,Salih al-Fawzan,صالح بن فوزان الفوزان,deviated-sects-and-bidah,41.6,,https://archive.org/details/20260217_20260217_2101
,possible-dupe,شرح كتاب الإيمان من صحيح البخاري لصالح الفوزان,shrh ktab alayman mn shyh albkhary lsalh alfwzan,Salih al-Fawzan,صالح بن فوزان الفوزان,knowledge,6.1,2026,https://archive.org/details/20260226_20260226_1227
,possible-dupe,محاضرات في العقيدة والدعوة لصالح الفوزان,mhadrat fy alaqydh waldawh lsalh alfwzan,Salih al-Fawzan,صالح بن فوزان الفوزان,deviated-sects-and-bidah,16.2,,https://archive.org/details/3_20260216_202602
,possible-dupe,فتح الولي الحميد في شرح كتاب الدر النضيد في إخلاص كلمة التوحيد لصالح الفوزان,fth alwly alhmyd fy shrh ktab aldr alndyd fy akhlas klmh altwhyd lsalh alfwzan,Salih al-Fawzan,صالح بن فوزان الفوزان,deviated-sects-and-bidah,8.8,,https://archive.org/details/20260216_20260216_1237
,possible-dupe,شرح عمدة الأحكام لصالح الفوزان,shrh amdh alahkam lsalh alfwzan,Salih al-Fawzan,صالح بن فوزان الفوزان,knowledge,24.7,2026,https://archive.org/details/2_20260225_20260225_2203
,possible-dupe,تعقيبات على كتاب السلفية ليست مذهبا,taqybat aly ktab alslfyh lyst mdhhba,Salih al-Fawzan,صالح بن فوزان الفوزان,deviated-sects-and-bidah,1.2,,https://archive.org/details/20260315_20260315_2041
x,ok,إعانة المستفيد بشرح كتاب التوحيد للشيخ المفتي العلامة صالح الفوزان,aaanh almstfyd bshrh ktab altwhyd llshykh almfty alalamh salh alfwzan,Salih al-Fawzan,صالح بن فوزان الفوزان,aqeedah,26.2,2026,https://archive.org/details/1_20260214_20260214_2025
x,ok,شرح رسالة العبودية لابن تيمية لصالح الفوزان,shrh rsalh alabwdyh labn tymyh lsalh alfwzan,Salih al-Fawzan,صالح بن فوزان الفوزان,deviated-sects-and-bidah,9.5,,https://archive.org/details/20260216_20260216_1126
x,ok,الإمداد بتيسير شرح على زاد المستقنع لصالح الفوزان,alamdad btysyr shrh aly zad almstqna lsalh alfwzan,Salih al-Fawzan,صالح بن فوزان الفوزان,knowledge,17.8,,https://archive.org/details/3_20260223_20260223_2001
,possible-dupe,لمحة عن الفرق الضالة,lmhh an alfrq aldalh,Salih al-Fawzan,صالح بن فوزان الفوزان,deviated-sects-and-bidah,2,1995,https://archive.org/details/lamhat_ean_alfirq_aldaala
x,ok,شرح قاعدة جليلة في التوسل والوسيلة لصالح الفوزان,shrh qaadh jlylh fy altwsl walwsylh lsalh alfwzan,Salih al-Fawzan,صالح بن فوزان الفوزان,deviated-sects-and-bidah,29.2,,https://archive.org/details/1_20260216_20260216_1609
x,ok,الإرشاد إلي صحيح الاعتقاد والرد علي أهل الشرك والإلحاد للفوزان,alarshad aly shyh alaatqad walrd aly ahl alshrk walalhad llfwzan,Salih al-Fawzan,صالح بن فوزان الفوزان,deviated-sects-and-bidah,11.4,,https://archive.org/details/20260216_20260216_1317
,possible-dupe,جهود ومنهج الشيخ مقبل بن هادي الوادعي في علم الحديث (ماجستير) - مناف جامع PDF,jhwd wmnhj alshykh mqbl bn hady alwaday fy alm alhdyth majstyr mnaf jama pdf,Muqbil ibn Hadi al-Wadi'i,مقبل بن هادي الوادعي,hadith-studies,4.7,,https://archive.org/details/ides3
,possible-dupe,هل التكلم على الحكام من على المنابر والدروس العامة من منهج السلف؟ | مقبل بن هادي الوادعي,hl altklm aly alhkam mn aly almnabr waldrws alaamh mn mnhj alslf mqbl bn hady alwaday,Muqbil ibn Hadi al-Wadi'i,مقبل بن هادي الوادعي,hadith-studies,1.4,,https://archive.org/details/20250726_20250726_2201
,possible-dupe,أبواب وفصول في عقيدة أهل السنة والجماعة للعلامة الشيخ مقبل بن هادي الوادعي - محمد بن إبراهيم PDF,abwab wfswl fy aqydh ahl alsnh waljmaah llalamh alshykh mqbl bn hady alwaday mhmd bn abrahym pdf,Muqbil ibn Hadi al-Wadi'i,مقبل بن هادي الوادعي,aqeedah,10.5,,https://archive.org/details/gpmt7
,possible-dupe,nasihati-lilnisa,nasihati lilnisa,Muqbil ibn Hadi al-Wadi'i,مقبل بن هادي الوادعي,guidance-for-sisters,10.1,2026,https://archive.org/details/nasihati-lilnisa
,possible-dupe,المحفوظات الشعرية من دروس العلامة مقبل بن هادي الوادعي pdf,almhfwzat alsharyh mn drws alalamh mqbl bn hady alwaday pdf,Muqbil ibn Hadi al-Wadi'i,مقبل بن هادي الوادعي,hadith-studies,1.2,,https://archive.org/details/a473n
,possible-dupe,pdf الصحيح المسند مما ليس في الصحيحين - مقبل الوادعي ط 4,pdf alshyh almsnd mma lys fy alshyhyn mqbl alwaday t 4,Muqbil ibn Hadi al-Wadi'i,مقبل بن هادي الوادعي,hadith-studies,30,,https://archive.org/details/a928n
,possible-dupe,إرشاد ذوي الفطن لإبعاد غلاة الروافض من اليمن.,arshad dhwy alftn labaad ghlah alrwafd mn alymn,Muqbil ibn Hadi al-Wadi'i,مقبل بن هادي الوادعي,hadith-studies,19.1,,https://archive.org/details/chouquiadil_gmail
,possible-dupe,الرسالة الوازعة للمعتدين عن سب صحابة سيد المرسلين للإمام الحسيني ، ومعها إرشاد ذوي الفطن لإبعاد غلاة الروافض من اليمن للشيخ مقبل الوادعي,alrsalh alwazah llmatdyn an sb shabh syd almrslyn llamam alhsyny wmaha arshad dhwy alftn labaad ghlah alrwafd mn alymn llshykh mqbl alwaday,Muqbil ibn Hadi al-Wadi'i,مقبل بن هادي الوادعي,hadith-studies,9.7,,https://archive.org/details/a1759n
,possible-dupe,أدعية النبي صلى الله عليه وسلم للشيخ المحدث عبد المحسن العباد البدر,adayh alnby sly allh alyh wslm llshykh almhdth abd almhsn alabad albdr,Abd al-Muhsin al-Abbad,عبد المحسن العباد,hadith-studies,1.2,,https://archive.org/details/20240324_20240324_2203
,possible-dupe,تفريغ سلسلة شرح منظومة عنوان الحكم لأبي الفتح البستي,tfrygh slslh shrh mnzwmh anwan alhkm laby alfth albsty,Abd al-Muhsin al-Abbad,عبد المحسن العباد,hadith-studies,4.7,,https://archive.org/details/charh3onwanlhikam
,possible-dupe,أدعية النبي ﷺ,adayh alnby,Abd al-Muhsin al-Abbad,عبد المحسن العباد,hadith-studies,0.5,,https://archive.org/details/ProphetDua
,possible-dupe,كتاب فقه الأسماء الحسنى,ktab fqh alasma alhsny,Abd al-Muhsin al-Abbad,عبد المحسن العباد,islamic-jurisprudence,5.7,2017,https://archive.org/details/KitabAsmaeHousna
,dupe-internal,أدعية وأذكار من الكتاب والسنة الصحيحة مختارة يدعى بها في # يوم عرفة وغيرها,adayh wadhkar mn alktab walsnh alshyhh mkhtarh yday bha fy ywm arfh wghyrha,Abd al-Muhsin al-Abbad,عبد المحسن العباد,hadith-studies,0.6,,https://archive.org/details/20210718_20210718_1219
,possible-dupe,أدعية وأذكار من الكتاب والسنة الصحيحة مختارة يدعى بها في #يوم_عرفة وغيرها,adayh wadhkar mn alktab walsnh alshyhh mkhtarh yday bha fy ywm arfh wghyrha,Abd al-Muhsin al-Abbad,عبد المحسن العباد,hadith-studies,6.2,,https://archive.org/details/Aldoaa
x,ok,أدعية النبي صلى الله عليه وسلم,adayh alnby sly allh alyh wslm,Abd al-Muhsin al-Abbad,عبد المحسن العباد,spiritual-healing,1.2,,https://archive.org/details/Adeah_Abbad
,possible-dupe,عقيدة أهل السنة والأثر في المهدي المنتظر,aqydh ahl alsnh walathr fy almhdy almntzr,Abd al-Muhsin al-Abbad,عبد المحسن العباد,aqeedah,3,,https://archive.org/details/Mahdi_Al-Abbad
x,ok,الانتصار لأهل السنة والحديث في رد أباطيل حسن المالكي,alantsar lahl alsnh walhdyth fy rd abatyl hsn almalky,Abd al-Muhsin al-Abbad,عبد المحسن العباد,hadith-studies,3.7,2003,https://archive.org/details/aqidah0610
,possible-dupe,العقيدة الباطنية عند أئمة الرفض - ربيع بن هادي المدخلي,alaqydh albatnyh and aymh alrfd rbya bn hady almdkhly,Rabee al-Madkhali,ربيع بن هادي المدخلي,aqeedah,0.3,2025,https://archive.org/details/20250217_20250217_1747fh
,possible-dupe,كشف زيف التصوف وبيان حقيقته وحال حملته ربيع بن هادي المدخلي,kshf zyf altswf wbyan hqyqth whal hmlth rbya bn hady almdkhly,Rabee al-Madkhali,ربيع بن هادي المدخلي,deviated-sects-and-bidah,0.9,,https://archive.org/details/20240430_20240430_0919
,possible-dupe,أضواء إسلامية على عقيدة سيد قطب وفكره # الشيخ ربيع بن هادي المدخلي,adwa aslamyh aly aqydh syd qtb wfkrh alshykh rbya bn hady almdkhly,Rabee al-Madkhali,ربيع بن هادي المدخلي,deviated-sects-and-bidah,1,,https://archive.org/details/20260311_20260311_0130
,possible-dupe,كتاب للعلامة ربيع بن هادي المدخلي رحمه الله,ktab llalamh rbya bn hady almdkhly rhmh allh,Rabee al-Madkhali,ربيع بن هادي المدخلي,deviated-sects-and-bidah,113,2025,https://archive.org/details/20251030_20251030_0932
,possible-dupe,الشوائب الحزبية والرواسب الإخوانية العالقة في منهجية الشيخ ربيع المدخلي,alshwayb alhzbyh walrwasb alakhwanyh alaalqh fy mnhjyh alshykh rbya almdkhly,Rabee al-Madkhali,ربيع بن هادي المدخلي,deviated-sects-and-bidah,3,2017,https://archive.org/details/SHAWAEB_RABEA_IKHWNEYA
,possible-dupe,ثناء ربيع المدخلي على سيد قطب - منهج الأنبياء في الدعوة ط. 1 المفقودة,thna rbya almdkhly aly syd qtb mnhj alanbya fy aldawh t 1 almfqwdh,Rabee al-Madkhali,ربيع بن هادي المدخلي,deviated-sects-and-bidah,3.3,1986,https://archive.org/details/1_20210207_20210207_2135
,possible-dupe,شرح عقيدة السلف أصحاب الحديث للصابوني ربيع المدخلي,shrh aqydh alslf ashab alhdyth llsabwny rbya almdkhly,Rabee al-Madkhali,ربيع بن هادي المدخلي,deviated-sects-and-bidah,7,,https://archive.org/details/20240129_20240129_0846
,possible-dupe,التعقبات على ما وقع فيه النووي من هفوات,altaqbat aly ma wqa fyh alnwwy mn hfwat,Rabee al-Madkhali,ربيع بن هادي المدخلي,deviated-sects-and-bidah,38.5,,https://archive.org/details/202fs51
x,ok,تحذير الشيخ ربيع المدخلي و المؤاخذات على جماعة فركوس قبل تمزقهم,thdhyr alshykh rbya almdkhly w almwakhdhat aly jmaah frkws qbl tmzqhm,Rabee al-Madkhali,ربيع بن هادي المدخلي,deviated-sects-and-bidah,0.6,,https://archive.org/details/20240208_20240208_1351
x,ok,فتاوى في العقيدة والمنهج ( الحلقة الثانية ),ftawy fy alaqydh walmnhj alhlqh althanyh,Rabee al-Madkhali,ربيع بن هادي المدخلي,aqeedah,0.3,,https://archive.org/details/20220411_20220411_2238
x,ok,عون الباري ببيان ما تضمنه شرح السنة للإمام البربهاري لربيع المدخلي,awn albary bbyan ma tdmnh shrh alsnh llamam albrbhary lrbya almdkhly,Rabee al-Madkhali,ربيع بن هادي المدخلي,aqeedah,15.3,,https://archive.org/details/20240114_20240114_1338
x,ok,الموقف الصحيح من أهل البدع ربيع المدخلي,almwqf alshyh mn ahl albda rbya almdkhly,Rabee al-Madkhali,ربيع بن هادي المدخلي,deviated-sects-and-bidah,2.9,,https://archive.org/details/20240219_20240219_0845
x,ok,سلسلة الجوانب الخلافية بين الدكتور ربيع المدخلي و العلامة الألباني و أثرها على قواعد غلاة التجريح,slslh aljwanb alkhlafyh byn aldktwr rbya almdkhly w alalamh alalbany w athrha aly qwaad ghlah altjryh,Rabee al-Madkhali,ربيع بن هادي المدخلي,deviated-sects-and-bidah,6,2016,https://archive.org/details/Mohammedprdeng1993_gmail
x,ok,رد كل المنكرات والأهواء والأخطاء منهج شرعي في كل الرسالات وسار عليه السلف الصالح الأجلاء للشيخ ربيع المدخلي,rd kl almnkrat walahwa walakhta mnhj shray fy kl alrsalat wsar alyh alslf alsalh alajla llshykh rbya almdkhly,Rabee al-Madkhali,ربيع بن هادي المدخلي,deviated-sects-and-bidah,0.2,,https://archive.org/details/20240128_20240128_1308
x,ok,كشف زيف التشيع ربيع المدخلي,kshf zyf altshya rbya almdkhly,Rabee al-Madkhali,ربيع بن هادي المدخلي,deviated-sects-and-bidah,3.4,,https://archive.org/details/20240506_20240506_0856
,possible-dupe,tahara-zad,tahara zad,Salih Al al-Shaykh,صالح بن عبد العزيز آل الشيخ,aqeedah,0.2,,https://archive.org/details/tahara-zad
,possible-dupe,مصادر التشريع وأثرها في وحدة الأمة,msadr altshrya wathrha fy whdh alamh,Salih Al al-Shaykh,صالح بن عبد العزيز آل الشيخ,knowledge,0.4,2025,https://archive.org/details/20250522_20250522_1343
,possible-dupe,شرح لمعة الاعتقاد (لابن قدامة المقدسي) - صالح بن عبد العزيز آل الشيخ,shrh lmah alaatqad labn qdamh almqdsy salh bn abd alazyz al alshykh,Salih Al al-Shaykh,صالح بن عبد العزيز آل الشيخ,aqeedah,9.1,,https://archive.org/details/ErhLUMATULITIQADSalihB.AbduLAzizB.MuhammedAluEEejh
,possible-dupe,الضوابط الشرعية لموقف المسلم في الفتن,aldwabt alshrayh lmwqf almslm fy alftn,Salih Al al-Shaykh,صالح بن عبد العزيز آل الشيخ,aqeedah,2.6,,https://archive.org/details/20210913_20210913_0433
,dupe-internal,الضوابط الشرعية لموقف المسلم في الفتن,aldwabt alshrayh lmwqf almslm fy alftn,Salih Al al-Shaykh,صالح بن عبد العزيز آل الشيخ,aqeedah,2.6,,https://archive.org/details/20210913_20210913_0437
,possible-dupe,كتب الشيخ: صالح آل الشيخ,ktb alshykh salh al alshykh,Salih Al al-Shaykh,صالح بن عبد العزيز آل الشيخ,aqeedah,28.3,,https://archive.org/details/k-saleh-al-alshiekh
,possible-dupe,سلسلة المحاضرات العلمية لفضيلة الشيخ صالح ال الشيخ,slslh almhadrat alalmyh lfdylh alshykh salh al alshykh,Salih Al al-Shaykh,صالح بن عبد العزيز آل الشيخ,aqeedah,35,2023,https://archive.org/details/5_20230818_20230818_1635
,dupe-internal,الضوابط الشرعية لموقف المسلم في الفتن,aldwabt alshrayh lmwqf almslm fy alftn,Salih Al al-Shaykh,صالح بن عبد العزيز آل الشيخ,aqeedah,2.6,,https://archive.org/details/1_20210913_20210913_0449
,possible-dupe,الإرشاد في شرح لمعة الاعتقاد,alarshad fy shrh lmah alaatqad,Abdullah ibn Jibreen,عبد الله بن جبرين,aqeedah,6.5,,https://archive.org/details/Ershad_Jebreen
,possible-dupe,أخبار الآحاد في الحديث النبوي ، حجيتها ، مفادها ، والعمل بموجبها,akhbar alahad fy alhdyth alnbwy hjytha mfadha walaml bmwjbha,Abdullah ibn Jibreen,عبد الله بن جبرين,hadith-studies,2.1,,https://archive.org/details/Ahad_Jebreen
,possible-dupe,البدع والمحدثات وما لا أصل له,albda walmhdthat wma la asl lh,The Permanent Committee (al-Lajnah al-Da'imah),اللجنة الدائمة للبحوث العلمية والإفتاء,deviated-sects-and-bidah,8.7,2013,https://archive.org/details/dr_700
,possible-dupe,رفع اللائمة عن فتوى اللجنة الدائمة,rfa allaymh an ftwy alljnh aldaymh,The Permanent Committee (al-Lajnah al-Da'imah),اللجنة الدائمة للبحوث العلمية والإفتاء,aqeedah,5.8,,https://archive.org/details/20200112_20200112
,possible-dupe,فتوى اللجنة الدائمة حول الماسونية PDF,ftwy alljnh aldaymh hwl almaswnyh pdf,The Permanent Committee (al-Lajnah al-Da'imah),اللجنة الدائمة للبحوث العلمية والإفتاء,fatwaas-and-prohibited-disliked,0.6,,https://archive.org/details/z0d11
,possible-dupe,Majmoo Al-Fataawaa Al-Lajnah Al-Daa'imah,majmoo al fataawaa al lajnah al daa imah,The Permanent Committee (al-Lajnah al-Da'imah),اللجنة الدائمة للبحوث العلمية والإفتاء,fatwaas-and-prohibited-disliked,834.3,,https://archive.org/details/majmoo-al-fataawaa-al-lajnah-al-daaimah
,possible-dupe,200 سؤال وجواب فى العقيدة,200 swal wjwab fy alaqydh,Hafiz al-Hakami,حافظ بن أحمد الحكمي,aqeedah,5.7,,https://archive.org/details/200_20230827_202308
,possible-dupe,Sollam Alwossoul Ila Ilm Al Ossoul,sollam alwossoul ila ilm al ossoul,Hafiz al-Hakami,حافظ بن أحمد الحكمي,aqeedah,0.2,,https://archive.org/details/SollamAlwossoulIlaIlmAlOssoul
,possible-dupe,أعلام السنة المنشورة لاعتقاد الطائفة الناجية المنصورة للعلامة حافظ حكمي رحمه الله,aalam alsnh almnshwrh laatqad altayfh alnajyh almnswrh llalamh hafz hkmy rhmh allh,Hafiz al-Hakami,حافظ بن أحمد الحكمي,hadith-studies,11,,https://archive.org/details/20260216_20260216_1956
,possible-dupe,حافظ بن أحمد الحكمي,hafz bn ahmd alhkmy,Hafiz al-Hakami,حافظ بن أحمد الحكمي,aqeedah,0.9,,https://archive.org/details/hafez_hakami
,possible-dupe,الجوهرة الفريدة في تحقيق العقيدة,aljwhrh alfrydh fy thqyq alaqydh,Hafiz al-Hakami,حافظ بن أحمد الحكمي,aqeedah,0.3,,https://archive.org/details/Jawharah_Hakami
,possible-dupe,الجهد المبذول في تنوير العقول بشرح منظومة وسيلة الحصول إلى مهمات الأصول لناظمها حافظ الحكمي - زيد المدخلي PDF,aljhd almbdhwl fy tnwyr alaqwl bshrh mnzwmh wsylh alhswl aly mhmat alaswl lnazmha hafz alhkmy zyd almdkhly pdf,Hafiz al-Hakami,حافظ بن أحمد الحكمي,aqeedah,14.7,,https://archive.org/details/a1035n
,possible-dupe,اللؤلؤ المكنون في أحوال الأسانيد والمتون,allwlw almknwn fy ahwal alasanyd walmtwn,Hafiz al-Hakami,حافظ بن أحمد الحكمي,hadith-studies,0.6,,https://archive.org/details/20231030_20231030_0538
,possible-dupe,كتاب أعلام السنة المنشورة,ktab aalam alsnh almnshwrh,Hafiz al-Hakami,حافظ بن أحمد الحكمي,aqeedah,0.5,,https://archive.org/details/daarl3oloom
x,ok,أعلام السنة المنشورة,aalam alsnh almnshwrh,Hafiz al-Hakami,حافظ بن أحمد الحكمي,aqeedah,5.1,,https://archive.org/details/tahqiq-A3lam-sonna
x,ok,كتب الإمام حافظ الحكمي /,ktb alamam hafz alhkmy,Hafiz al-Hakami,حافظ بن أحمد الحكمي,aqeedah,40.6,,https://archive.org/details/20210304_20210304_1924
,possible-dupe,Book شرح كتاب ثلاثة الأصول وأدلتها [1232570] --- محمد أمان الجامي (شرح),book shrh ktab thlathh alaswl wadltha 1232570 mhmd aman aljamy shrh,Muhammad Aman al-Jami,محمد أمان الجامي,aqeedah,3.6,,https://archive.org/details/AAskZad-1232570
,possible-dupe,رد أحمد النجمي على رسالة رفقا أهل السنة بأهل السنة,rd ahmd alnjmy aly rsalh rfqa ahl alsnh bahl alsnh,Ahmad al-Najmi,أحمد بن يحيى النجمي,deviated-sects-and-bidah,4.8,,https://archive.org/details/20240630_20240630_0938
,possible-dupe,السراج الوقاد في بيان تصحيح الاعتقاد والرد على فرق الزيغ والفساد للشيخ زيد المدخلي,alsraj alwqad fy byan tshyh alaatqad walrd aly frq alzygh walfsad llshykh zyd almdkhly,Zayd al-Madkhali,زيد بن محمد المدخلي,aqeedah,10,,https://archive.org/details/20240508_20240508_0823
,possible-dupe,وقفات ومعالم سؤالان وجوابهما زيد المدخلي,wqfat wmaalm swalan wjwabhma zyd almdkhly,Zayd al-Madkhali,زيد بن محمد المدخلي,deviated-sects-and-bidah,3.1,,https://archive.org/details/20240909_20240909_0936
x,ok,الأجوبة الأثرية عن المسائل المنهجية الشيخ زيد بن محمد المدخلي,alajwbh alathryh an almsayl almnhjyh alshykh zyd bn mhmd almdkhly,Zayd al-Madkhali,زيد بن محمد المدخلي,deviated-sects-and-bidah,5.5,,https://archive.org/details/20240717_20240717_1010
,possible-dupe,الشروق على الفروق,alshrwq aly alfrwq,Zayd al-Madkhali,زيد بن محمد المدخلي,aqeedah,113.8,2017,https://archive.org/details/salafisenna_yahoo_201711
,possible-dupe,مفاتيح الخير,mfatyh alkhyr,Abd al-Razzaq al-Badr,عبد الرزاق بن عبد المحسن البدر,spiritual-healing,1.1,2025,https://archive.org/details/mafatih-alkhair
,possible-dupe,تعظيم الصلاة,tazym alslah,Abd al-Razzaq al-Badr,عبد الرزاق بن عبد المحسن البدر,islamic-jurisprudence,5.1,2013,https://archive.org/details/taadhim-assalah
,possible-dupe,أحاديث إصلاح القلوب,ahadyth aslah alqlwb,Abd al-Razzaq al-Badr,عبد الرزاق بن عبد المحسن البدر,spiritual-healing,39.6,2023,https://archive.org/details/ahadits-ishlahil-qulub
,possible-dupe,Book فقه الأسماء الحسنى [1241148] --- عبد الرزاق بن عبد المحسن البدر (مؤلف),book fqh alasma alhsny 1241148 abd alrzaq bn abd almhsn albdr mwlf,Abd al-Razzaq al-Badr,عبد الرزاق بن عبد المحسن البدر,islamic-jurisprudence,49.4,,https://archive.org/details/AAskZad-1241148
,possible-dupe,أُخيتي الصايرة,akhyty alsayrh,Abd al-Razzaq al-Badr,عبد الرزاق بن عبد المحسن البدر,spiritual-healing,0.7,2025,https://archive.org/details/ukhayati-al-shobiroh
,possible-dupe,عشر يجري ثوابها بعد الممات,ashr yjry thwabha bad almmat,Abd al-Razzaq al-Badr,عبد الرزاق بن عبد المحسن البدر,spiritual-healing,5.5,2024,https://archive.org/details/10yajri-thawabuha-badal-mamat
,possible-dupe,شرح الدروس المهمة لعامة الأمة,shrh aldrws almhmh laamh alamh,Abd al-Razzaq al-Badr,عبد الرزاق بن عبد المحسن البدر,aqeedah,8.7,1436,https://archive.org/details/sharh-al-durus-al-muhimmah
,dupe-internal,أحاديث إصلاح القلوب,ahadyth aslah alqlwb,Abd al-Razzaq al-Badr,عبد الرزاق بن عبد المحسن البدر,hadith-studies,39.6,1444,https://archive.org/details/ahadits-ishlahil-qulub-1444
x,ok,جوامع الأدعية النبوية,jwama aladayh alnbwyh,Abd al-Razzaq al-Badr,عبد الرزاق بن عبد المحسن البدر,spiritual-healing,12.6,2022,https://archive.org/details/jawami-adiyah-nabawiyah_202512
x,ok,التبيان في شرح أخلاق حملة القرآن,altbyan fy shrh akhlaq hmlh alqran,Abd al-Razzaq al-Badr,عبد الرزاق بن عبد المحسن البدر,quran-studies,7.3,2019,https://archive.org/details/attibyanu-fi-sharhi-akhlaqi-hamalatil-quran
x,ok,تعليقة على شرح السنة للإمام المزني,talyqh aly shrh alsnh llamam almzny,Abd al-Razzaq al-Badr,عبد الرزاق بن عبد المحسن البدر,aqeedah,11.5,,https://archive.org/details/commentary-al-muzani-sunnah
x,ok,أحاديث الأخلاق,ahadyth alakhlaq,Abd al-Razzaq al-Badr,عبد الرزاق بن عبد المحسن البدر,islamic-etiquette,15.4,2020,https://archive.org/details/ahadith-akhlaq
,dupe-internal,أحاديث الأخلاق,ahadyth alakhlaq,Abd al-Razzaq al-Badr,عبد الرزاق بن عبد المحسن البدر,islamic-etiquette,14.7,1441,https://archive.org/details/978-603-8287-35-4
x,ok,عشر صفات للحج المبرور,ashr sfat llhj almbrwr,Abd al-Razzaq al-Badr,عبد الرزاق بن عبد المحسن البدر,islamic-jurisprudence,1.2,2025,https://archive.org/details/10-sifat-lilhajj-almabrur
x,ok,أحاديث الأذكار والأدعية,ahadyth aladhkar waladayh,Abd al-Razzaq al-Badr,عبد الرزاق بن عبد المحسن البدر,spiritual-healing,16.7,2022,https://archive.org/details/ahadith-adzkar-wa-adiyah_202512
,possible-dupe,حلية طالب العلم,hlyh talb alalm,Bakr Abu Zayd,بكر بن عبد الله أبو زيد,knowledge,2,,https://archive.org/details/Helyah_Bakr
,possible-dupe,تصنيف الناس بين الظن واليقين,tsnyf alnas byn alzn walyqyn,Bakr Abu Zayd,بكر بن عبد الله أبو زيد,knowledge,2.4,1414,https://archive.org/details/ratingbetweenpeoplethinkandcertainty_202408
,possible-dupe,7ilyat_Taleb_al3ilm,7ilyat taleb al3ilm,Bakr Abu Zayd,بكر بن عبد الله أبو زيد,knowledge,8,,https://archive.org/details/daarl3oloom_201411
,possible-dupe,خصائص جزيرة العرب ، بكر أبو زيد,khsays jzyrh alarb bkr abw zyd,Bakr Abu Zayd,بكر بن عبد الله أبو زيد,knowledge,1.3,,https://archive.org/details/jseraarb
,possible-dupe,طبقات النسابين,tbqat alnsabyn,Bakr Abu Zayd,بكر بن عبد الله أبو زيد,knowledge,2.6,,https://archive.org/details/20191226_20191226_2101
,possible-dupe,كيف تدعو أهل الكتاب إلى الإسلام على ضوء القرآن والسنة,kyf tdaw ahl alktab aly alaslam aly dw alqran walsnh,Sa'id ibn Ali al-Qahtani,سعيد بن علي بن وهف القحطاني,quran-studies,2.4,,https://archive.org/details/invite2islamwisely
,possible-dupe,الخشوع في الصلاة في ضوء الكتاب والسنة,alkhshwa fy alslah fy dw alktab walsnh,Sa'id ibn Ali al-Qahtani,سعيد بن علي بن وهف القحطاني,hadith-studies,9.5,,https://archive.org/details/20191226_20191226_1734
,possible-dupe,عقيدة المسلم في ضوء الكتاب والسنة,aqydh almslm fy dw alktab walsnh,Sa'id ibn Ali al-Qahtani,سعيد بن علي بن وهف القحطاني,aqeedah,21.7,2020,https://archive.org/details/20200130_20200130_0724
,possible-dupe,وداع الرسول صلى الله عليه وسلم لأمته دروس ووصايا وعبر وعظات القحطاني,wdaa alrswl sly allh alyh wslm lamth drws wwsaya wabr wazat alqhtany,Sa'id ibn Ali al-Qahtani,سعيد بن علي بن وهف القحطاني,islamic-history,1.9,2020,https://archive.org/details/20200213_20200213_0725
x,ok,إتحاف المسلم بشرح حصن المسلم من أذكار الكتاب والسنة,athaf almslm bshrh hsn almslm mn adhkar alktab walsnh,Sa'id ibn Ali al-Qahtani,سعيد بن علي بن وهف القحطاني,hadith-studies,70.4,2020,https://archive.org/details/20200210_20200210_0527
x,ok,الربا أضراره وآثاره في ضوء الكتاب والسنة,alrba adrarh watharh fy dw alktab walsnh,Sa'id ibn Ali al-Qahtani,سعيد بن علي بن وهف القحطاني,spiritual-healing,0.6,,https://archive.org/details/elshandawily14692
x,ok,كتب د. سعيد القحطاني,ktb d sayd alqhtany,Sa'id ibn Ali al-Qahtani,سعيد بن علي بن وهف القحطاني,spiritual-healing,70.4,,https://archive.org/details/Ktbbinwahaf
x,ok,مقاليد العلم - سالم القحطاني,mqalyd alalm salm alqhtany,Sa'id ibn Ali al-Qahtani,سعيد بن علي بن وهف القحطاني,knowledge,2,,https://archive.org/details/eoht5
x,ok,حي على الفلاح أربعون فائدة من فوائد صلاة الجماعة,hy aly alflah arbawn faydh mn fwayd slah aljmaah,Sa'id ibn Ali al-Qahtani,سعيد بن علي بن وهف القحطاني,hadith-studies,0.8,,https://archive.org/details/hadithecharif_gmail
x,ok,حصن المسلم من أذكار الكتاب والسنة PDF,hsn almslm mn adhkar alktab walsnh pdf,Sa'id ibn Ali al-Qahtani,سعيد بن علي بن وهف القحطاني,hadith-studies,3.3,,https://archive.org/details/a1544n
x,ok,مناقب أهل اليمن من الكتاب وصحيح السنن - أبو ربيعة حسين بن محمد القحطاني pdf,mnaqb ahl alymn mn alktab wshyh alsnn abw rbyah hsyn bn mhmd alqhtany pdf,Sa'id ibn Ali al-Qahtani,سعيد بن علي بن وهف القحطاني,spiritual-healing,2.2,,https://archive.org/details/a294n
x,ok,التربية المتحفية في المتحف الوطني,altrbyh almthfyh fy almthf alwtny,Sa'id ibn Ali al-Qahtani,سعيد بن علي بن وهف القحطاني,spiritual-healing,59.6,,https://archive.org/details/elshandawily9325
x,ok,الدعاء ويليه العلاج بالرقى من الكتاب والسنة PDF,aldaa wylyh alalaj balrqy mn alktab walsnh pdf,Sa'id ibn Ali al-Qahtani,سعيد بن علي بن وهف القحطاني,hadith-studies,3.3,,https://archive.org/details/a1545n
x,ok,الحلي النسائية التقليدية بمنطقة عسير,alhly alnsayyh altqlydyh bmntqh asyr,Sa'id ibn Ali al-Qahtani,سعيد بن علي بن وهف القحطاني,spiritual-healing,63.2,,https://archive.org/details/elshandawily9308
x,ok,تنبيهات مهمه على قرة العينين وتفسير الجلالين,tnbyhat mhmh aly qrh alaynyn wtfsyr aljlalyn,Muhammad ibn Jamil Zeno,محمد بن جميل زينو,new-muslims,2,,https://archive.org/details/20200504_20200504_1735
x,ok,كتاب هذا الحبيب صلى الله عليه وسلم يا محب,ktab hdha alhbyb sly allh alyh wslm ya mhb,Abu Bakr al-Jaza'iri,أبو بكر جابر الجزائري,new-muslims,8.7,,https://archive.org/details/20240410_20240410_2126
x,ok,منهاج المسلم,mnhaj almslm,Abu Bakr al-Jaza'iri,أبو بكر جابر الجزائري,islamic-etiquette,12,2008,https://archive.org/details/2008-minhaj_almoslem-aljazairi
x,ok,هذا الحبيب يا محب,hdha alhbyb ya mhb,Abu Bakr al-Jaza'iri,أبو بكر جابر الجزائري,new-muslims,16.6,,https://archive.org/details/al-habib_201912
x,ok,كتاب أيسر التفاسير لكلام العلي الكبير للشيخ أبي بكر الجزائري Pdf,ktab aysr altfasyr lklam alaly alkbyr llshykh aby bkr aljzayry pdf,Abu Bakr al-Jaza'iri,أبو بكر جابر الجزائري,new-muslims,63.4,,https://archive.org/details/raj3elsada-books-g
x,ok,الطريق إلى الجنة لأبي بكر الجزائري ط 3 سة 1426هـ 2005م,altryq aly aljnh laby bkr aljzayry t 3 sh 1426h 2005m,Abu Bakr al-Jaza'iri,أبو بكر جابر الجزائري,life-after-death,40.8,2005,https://archive.org/details/3-1426-2005
x,ok,منهاج_المسلم_كتاب_عقائد_و_آداب_و_أخلاق_و_عبادات_و_معاملات_08291,mnhaj almslm ktab aqayd w adab w akhlaq w abadat w maamlat 08291,Abu Bakr al-Jaza'iri,أبو بكر جابر الجزائري,new-muslims,12.9,,https://archive.org/details/BBib-Alex-08291
x,review,الشريعة الإلهية لا القوانين الجاهلية عمر سليمان الأشقر,alshryah alalhyh la alqwanyn aljahlyh amr slyman alashqr,Umar al-Ashqar,عمر سليمان الأشقر,knowledge,4.1,1986,https://archive.org/details/20200402_20200402_1333
x,review,اليوم_الآخر_القيامة_الصغرى_و_علامات_القيامة_الكبرى_10133_د_عمر_سليمان,alywm alakhr alqyamh alsghry w alamat alqyamh alkbry 10133 d amr slyman,Umar al-Ashqar,عمر سليمان الأشقر,aqeedah,7.9,1996,https://archive.org/details/BBib-Alex-10133
x,review,02- كتاب الرسل والرسالات,02 ktab alrsl walrsalat,Umar al-Ashqar,عمر سليمان الأشقر,aqeedah,3.4,2015,https://archive.org/details/02Rissalate
x,review,الإمام المجدد الشيخ محمد بن عبد الوهاب باني دولة و منشيء أمة - الأشقر,alamam almjdd alshykh mhmd bn abd alwhab bany dwlh w mnshy amh alashqr,Umar al-Ashqar,عمر سليمان الأشقر,dawah,3.1,,https://archive.org/details/20210104_20210104_0707
x,review,03- كتاب القيامة الصغرى,03 ktab alqyamh alsghry,Umar al-Ashqar,عمر سليمان الأشقر,life-after-death,4.1,2015,https://archive.org/details/03AlQiyama1
x,review,عالم_الملائكة_الأبرار_09998_د_عمر_سليمان_الأشقر,aalm almlaykh alabrar 09998 d amr slyman alashqr,Umar al-Ashqar,عمر سليمان الأشقر,aqeedah,3.8,1994,https://archive.org/details/BBib-Alex-09998
x,review,اليوم_الآخر_القيامة_الصغرى_و_علامات_القيامة_الكبرى_01_10132_د_عمر,alywm alakhr alqyamh alsghry w alamat alqyamh alkbry 01 10132 d amr,Umar al-Ashqar,عمر سليمان الأشقر,aqeedah,6.6,1996,https://archive.org/details/BBib-Alex-10132
x,review,أهل_السنة_و_الجماعة_أصحاب_المنهج_الأصيل_والصراط_المستقيم_10031_د,ahl alsnh w aljmaah ashab almnhj alasyl walsrat almstqym 10031 d,Umar al-Ashqar,عمر سليمان الأشقر,aqeedah,1.9,1992,https://archive.org/details/BBib-Alex-10031
x,review,كتاب العقيدة في الله,ktab alaqydh fy allh,Umar al-Ashqar,عمر سليمان الأشقر,aqeedah,5.3,2015,https://archive.org/details/elakidafiellah
,dupe-internal,03- كتاب القيامة الصغرى,03 ktab alqyamh alsghry,Umar al-Ashqar,عمر سليمان الأشقر,life-after-death,4.1,2015,https://archive.org/details/03AlQiyama1_201504
x,review,روائع القصص الإسلامي - عمر الأشقر pdf,rwaya alqss alaslamy amr alashqr pdf,Umar al-Ashqar,عمر سليمان الأشقر,aqeedah,6.4,,https://archive.org/details/a1278n
x,review,عمر الأشقر - الرسل و الرسالات,amr alashqr alrsl w alrsalat,Umar al-Ashqar,عمر سليمان الأشقر,aqeedah,3.7,,https://archive.org/details/Omar.Prophets
x,review,وليتبروا ما علوا تتبيرا - عمر الأشقر PDF,wlytbrwa ma alwa ttbyra amr alashqr pdf,Umar al-Ashqar,عمر سليمان الأشقر,aqeedah,6.4,,https://archive.org/details/a1612n
x,review,قصص الرسول صلى الله عليه وسلم وأصحابه في صحيح الحديث النبوي ، أ.د. عمر الأشقر PDF,qss alrswl sly allh alyh wslm washabh fy shyh alhdyth alnbwy a d amr alashqr pdf,Umar al-Ashqar,عمر سليمان الأشقر,hadith-studies,7.3,,https://archive.org/details/a1215n
x,ok,عقيدة السلف وأصحاب الحديث,aqydh alslf washab alhdyth,Abu Uthman al-Sabuni,أبو عثمان الصابوني,deviated-sects-and-bidah,4.8,,https://archive.org/details/20260305_20260305_1111
x,ok,عقيدة السلف للصابوني,aqydh alslf llsabwny,Abu Uthman al-Sabuni,أبو عثمان الصابوني,aqeedah,5.3,,https://archive.org/details/20240818_20240818_0148
x,ok,كتاب السنة للخلال,ktab alsnh llkhlal,Abu Bakr al-Khallal,أبو بكر الخلال,deviated-sects-and-bidah,20.6,2026,https://archive.org/details/1_20260213_20260213_1635
x,ok,السنة للخلال ومعه الرد على الزنادقة للإمام أحمد والسنة لغلام الخلال,alsnh llkhlal wmah alrd aly alznadqh llamam ahmd walsnh lghlam alkhlal,Abu Bakr al-Khallal,أبو بكر الخلال,aqeedah,31.8,,https://archive.org/details/20240818_20240818_0137
x,ok,السنة للخلال ومعه الرد على الزنادقة للإمام أحمد والسنة لغلام الخلال تحقيق عادل آل حمدان,alsnh llkhlal wmah alrd aly alznadqh llamam ahmd walsnh lghlam alkhlal thqyq aadl al hmdan,Abu Bakr al-Khallal,أبو بكر الخلال,deviated-sects-and-bidah,31.8,,https://archive.org/details/20210227_20210227_0936
,dupe-internal,كتاب السنة للخلال,ktab alsnh llkhlal,Abu Bakr al-Khallal,أبو بكر الخلال,deviated-sects-and-bidah,19.7,,https://archive.org/details/1_20260304_20260304_1300
x,ok,السنة لمحمد بن نصر المروزي,alsnh lmhmd bn nsr almrwzy,Muhammad ibn Nasr al-Marwazi,محمد بن نصر المروزي,aqeedah,16,,https://archive.org/details/20240818_20240818_0201
x,ok,كتاب السنة للمروزي,ktab alsnh llmrwzy,Muhammad ibn Nasr al-Marwazi,محمد بن نصر المروزي,deviated-sects-and-bidah,6.2,,https://archive.org/details/20260306_20260306_1235
x,ok,كتاب تعظيم قدر الصلاة للمروزي,ktab tazym qdr alslah llmrwzy,Muhammad ibn Nasr al-Marwazi,محمد بن نصر المروزي,islamic-jurisprudence,22.9,,https://archive.org/details/20260315_20260315_2348
x,ok,السنة من مسائل حرب الكرماني,alsnh mn msayl hrb alkrmany,Harb al-Kirmani,حرب الكرماني,aqeedah,7.9,,https://archive.org/details/20240818_20240818_0143
x,ok,تأويل مختلف الحديث ابن قتيبة الدينوري,tawyl mkhtlf alhdyth abn qtybh aldynwry,Ibn Qutaybah al-Dinawari,ابن قتيبة الدينوري,hadith-studies,7.7,2017,https://archive.org/details/red122-ch_live_201711
x,ok,المعارف,almaarf,Ibn Qutaybah al-Dinawari,ابن قتيبة الدينوري,knowledge,8.8,1935,https://archive.org/details/AlMaaref_201902
x,ok,"Book أطراف الغرائب والأفراد ومعه الجزء الثاني من أفراد الدارقطني [1232562] --- الدارقطني , الحافظ أبي الحسن علي بن عمر (مؤلف)",book atraf alghrayb walafrad wmah aljz althany mn afrad aldarqtny 1232562 aldarqtny alhafz aby alhsn aly bn amr mwlf,al-Daraqutni,الدارقطني,hadith-studies,12.6,,https://archive.org/details/AAskZad-1232562
x,ok,كتاب الصفات للدارقطني,ktab alsfat lldarqtny,al-Daraqutni,الدارقطني,deviated-sects-and-bidah,4.2,,https://archive.org/details/20260310_20260310_2027
x,ok,FP15226,fp15226,al-Daraqutni,الدارقطني,hadith-studies,10.7,,https://archive.org/details/FP15226
x,ok,كتاب فيه أربعون حديثًا من مسند يزيد بن عبدالله بن أبي بردة عن جده عن أبي موسي الأشعري للدارقطني,ktab fyh arbawn hdytha mn msnd yzyd bn abdallh bn aby brdh an jdh an aby mwsy alashary lldarqtny,al-Daraqutni,الدارقطني,hadith-studies,22.7,,https://archive.org/details/20260317_162
x,ok,الإلزامات والتتبع للإمام الدارقطني,alalzamat walttba llamam aldarqtny,al-Daraqutni,الدارقطني,hadith-studies,23.7,,https://archive.org/details/20260318_20260318_1317
x,ok,الفوائد المنتخبة الغرائب العوالي من حديث المزكي النيسابوري (رواية إبن غيلان عنه) (ج 1 وج 2) ط1 - أبو الحسن الدارقطني,alfwayd almntkhbh alghrayb alawaly mn hdyth almzky alnysabwry rwayh abn ghylan anh j 1 wj 2 t1 abw alhsn aldarqtny,al-Daraqutni,الدارقطني,hadith-studies,3.6,,https://archive.org/details/1-2-1_202110
x,ok,FP3904,fp3904,al-Daraqutni,الدارقطني,hadith-studies,29.9,,https://archive.org/details/FP3904
x,ok,الإخوة والأخوات,alakhwh walakhwat,al-Daraqutni,الدارقطني,hadith-studies,1.3,,https://archive.org/details/20240404_20240404_0216
x,ok,WAQ64457,waq64457,al-Daraqutni,الدارقطني,hadith-studies,3.5,,https://archive.org/details/WAQ64457
x,ok,WAQ121850,waq121850,al-Daraqutni,الدارقطني,hadith-studies,27,,https://archive.org/details/WAQ121850
x,ok,كتاب الرؤية للإمام الدارقطني,ktab alrwyh llamam aldarqtny,al-Daraqutni,الدارقطني,deviated-sects-and-bidah,9.8,,https://archive.org/details/20260317_20260317_1651
x,ok,أخبار عمرو بن عبيد المعتزلي للدارقطني، تحقيق: فواز الشمري,akhbar amrw bn abyd almatzly lldarqtny thqyq fwaz alshmry,al-Daraqutni,الدارقطني,hadith-studies,0.8,,https://archive.org/details/akbar_amr_ibn_obaid_202206
x,ok,كتاب النزول للدارقطني تحقيق احمد شحاتة السكندري,ktab alnzwl lldarqtny thqyq ahmd shhath alskndry,al-Daraqutni,الدارقطني,hadith-studies,0.9,,https://archive.org/details/20200920_20200920_2140
x,ok,60065,60065,al-Tabarani,الطبراني,hadith-studies,6.2,,https://archive.org/details/waq60065
x,ok,FP3571,fp3571,al-Tabarani,الطبراني,hadith-studies,7.4,,https://archive.org/details/FP3571
x,ok,مرويات الخلافة الراشدة في معاجم الطبراني الثلاثة - PDF,mrwyat alkhlafh alrashdh fy maajm altbrany althlathh pdf,al-Tabarani,الطبراني,hadith-studies,16.3,,https://archive.org/details/a1664n
x,ok,055025 - المعجم الصغير,055025 almajm alsghyr,al-Tabarani,الطبراني,hadith-studies,50.3,1311,https://archive.org/details/AAlexandrina-055025
x,ok,FP146455,fp146455,al-Tabarani,الطبراني,hadith-studies,6.7,,https://archive.org/details/FP146455
x,ok,FP63240,fp63240,al-Tabarani,الطبراني,hadith-studies,6.7,,https://archive.org/details/FP63240
x,ok,اشتقاق أسماء الله عز وجل - أحمد النحاس المصري 338 هـ PDF,ashtqaq asma allh az wjl ahmd alnhas almsry 338 h pdf,al-Tabarani,الطبراني,hadith-studies,15.1,,https://archive.org/details/a2314n
x,ok,105728,105728,al-Tabarani,الطبراني,hadith-studies,0.9,,https://archive.org/details/waq105728
x,ok,15954,15954,al-Tabarani,الطبراني,hadith-studies,9.6,,https://archive.org/details/WAQ15954
x,ok,408249 - المعجم الصغير للطبرانى,408249 almajm alsghyr lltbrany,al-Tabarani,الطبراني,hadith-studies,43.5,1983,https://archive.org/details/AAlexandrina-408249
x,ok,FPmtk13_1,fpmtk13 1,al-Tabarani,الطبراني,hadith-studies,5.2,,https://archive.org/details/FPmtk13_1
x,ok,FP148715,fp148715,al-Tabarani,الطبراني,hadith-studies,5.7,,https://archive.org/details/FP148715
x,ok,أخبار الحسن بن علي للطبراني,akhbar alhsn bn aly lltbrany,al-Tabarani,الطبراني,hadith-studies,4.9,,https://archive.org/details/akhbare-hassan-ibn-ali-tabrani
x,ok,كتاب السنة للطبراني,ktab alsnh lltbrany,al-Tabarani,الطبراني,hadith-studies,2,,https://archive.org/details/20211024_20211024_1424
x,ok,WAQmat,waqmat,al-Tabarani,الطبراني,hadith-studies,6.9,,https://archive.org/details/WAQmat
x,ok,FP15684,fp15684,Ibn Abi Shaybah,ابن أبي شيبة,hadith-studies,34.2,,https://archive.org/details/FP15684
x,ok,مرويات الخلافة الراشدة في مصنف الإمام ابن أبي شيبة ، طارق الطيار PDF,mrwyat alkhlafh alrashdh fy msnf alamam abn aby shybh tarq altyar pdf,Ibn Abi Shaybah,ابن أبي شيبة,hadith-studies,8.5,,https://archive.org/details/a1683n
x,ok,054965_الكتاب_المصنف_فى_الاحاديث_والاثار,054965 alktab almsnf fy alahadyth walathar,Ibn Abi Shaybah,ابن أبي شيبة,hadith-studies,36,1980,https://archive.org/details/AAlexandrina-054965
x,ok,094798_الكتاب_المصنف_فى_الاحاديث_والاثار,094798 alktab almsnf fy alahadyth walathar,Ibn Abi Shaybah,ابن أبي شيبة,hadith-studies,47.6,1980,https://archive.org/details/AAlexandrina-094798
x,ok,087586 - كتاب المصنف,087586 ktab almsnf,Ibn Abi Shaybah,ابن أبي شيبة,hadith-studies,36.8,1800,https://archive.org/details/AAlexandrina-087586
x,ok,127755_الكتاب_المصنف_فى_الاحاديث_والاثار,127755 alktab almsnf fy alahadyth walathar,Ibn Abi Shaybah,ابن أبي شيبة,hadith-studies,27.3,1982,https://archive.org/details/AAlexandrina-127755
x,ok,070232_الكتاب_المصنف_فى_الاحاديث_والاثار,070232 alktab almsnf fy alahadyth walathar,Ibn Abi Shaybah,ابن أبي شيبة,hadith-studies,43.1,1980,https://archive.org/details/AAlexandrina-070232
x,ok,165101_الكتاب_المصنف_فى_الاحاديث_والاثار,165101 alktab almsnf fy alahadyth walathar,Ibn Abi Shaybah,ابن أبي شيبة,hadith-studies,30.6,1386,https://archive.org/details/AAlexandrina-165101
x,ok,161335_الكتاب_المصنف_فى_الاحاديث_والاثار,161335 alktab almsnf fy alahadyth walathar,Ibn Abi Shaybah,ابن أبي شيبة,hadith-studies,50,1386,https://archive.org/details/AAlexandrina-161335
x,ok,045199_الكتاب_المصنف_فى_الاحاديث_والاثار,045199 alktab almsnf fy alahadyth walathar,Ibn Abi Shaybah,ابن أبي شيبة,hadith-studies,41.6,1980,https://archive.org/details/AAlexandrina-045199
x,ok,123573_الكتاب_المصنف_فى_الاحاديث_والاثار,123573 alktab almsnf fy alahadyth walathar,Ibn Abi Shaybah,ابن أبي شيبة,hadith-studies,26.4,1982,https://archive.org/details/AAlexandrina-123573
x,ok,093415_الكتاب_المصنف_فى_الاحاديث_والاثار,093415 alktab almsnf fy alahadyth walathar,Ibn Abi Shaybah,ابن أبي شيبة,hadith-studies,52.4,1980,https://archive.org/details/AAlexandrina-093415
x,ok,119962 - كتاب العرش وما روى فيه,119962 ktab alarsh wma rwy fyh,Ibn Abi Shaybah,ابن أبي شيبة,deviated-sects-and-bidah,6,1991,https://archive.org/details/AAlexandrina-119962
x,ok,063243_الكتاب_المصنف_فى_الاحاديث_والاثار,063243 alktab almsnf fy alahadyth walathar,Ibn Abi Shaybah,ابن أبي شيبة,hadith-studies,36.3,1980,https://archive.org/details/AAlexandrina-063243
x,ok,132853_الكتاب_المصنف_فى_الاحاديث_والاثار,132853 alktab almsnf fy alahadyth walathar,Ibn Abi Shaybah,ابن أبي شيبة,hadith-studies,24.6,1982,https://archive.org/details/AAlexandrina-132853
x,ok,المجرو حین,almjrw h n,Ibn Hibban,ابن حبان,hadith-studies,7.2,,https://archive.org/details/magroh00
x,ok,صحیح ابن حبان,sh h abn hban,Ibn Hibban,ابن حبان,hadith-studies,53.5,,https://archive.org/details/bkb-ha2738-ketabpedia.com
x,ok,Sahi Ibn E Habban / الاحسان فی تقریب صحیح ابن حبان,sahi ibn e habban alahsan f tqr b sh h abn hban,Ibn Hibban,ابن حبان,hadith-studies,55.9,,https://archive.org/details/sahi-ibn-e-habban_202009
x,ok,كتاب روضة العقلاء لابن حبان,ktab rwdh alaqla labn hban,Ibn Hibban,ابن حبان,islamic-etiquette,38.1,,https://archive.org/details/20260501_20260501_1505
x,ok,المجروحين لابن حبان,almjrwhyn labn hban,Ibn Hibban,ابن حبان,hadith-studies,24.7,,https://archive.org/details/1_20260228_20260228_2248
x,ok,کتاب الثقات,tab althqat,Ibn Hibban,ابن حبان,islamic-history,9.6,,https://archive.org/details/015011.jpg
x,ok,روضة العقلاء ونزهة الفضلاء لابن حبان,rwdh alaqla wnzhh alfdla labn hban,Ibn Hibban,ابن حبان,hadith-studies,12.2,,https://archive.org/details/20230816_20230816_0559
x,ok,صحیح ابن حبان (اردو),sh h abn hban ardw,Ibn Hibban,ابن حبان,hadith-studies,92.2,,https://archive.org/details/1_20250703_20250703_1451
x,ok,صحيح ابن حبان,shyh abn hban,Ibn Hibban,ابن حبان,hadith-studies,52.4,,https://archive.org/details/20250120_20250120_0428
,dupe-internal,صحیح ابن حبان,sh h abn hban,Ibn Hibban,ابن حبان,hadith-studies,7.5,,https://archive.org/details/saheh-bn-hibban-00
x,ok,EjmaaEjmaa,ejmaaejmaa,Ibn al-Mundhir,ابن المنذر,islamic-jurisprudence,2.7,,https://archive.org/details/EjmaaEjmaa
x,ok,الأوسط لابن المنذر,alawst labn almndhr,Ibn al-Mundhir,ابن المنذر,islamic-jurisprudence,23.3,,https://archive.org/details/12_20260228_20260228
x,ok,الإجماع لابن المنذر,alajmaa labn almndhr,Ibn al-Mundhir,ابن المنذر,islamic-jurisprudence,2.4,2020,https://archive.org/details/20200128_20200128_0722
x,ok,waq20118,waq20118,al-Khatib al-Baghdadi,الخطيب البغدادي,knowledge,2.8,,https://archive.org/details/waq20118
x,ok,waq66784,waq66784,al-Khatib al-Baghdadi,الخطيب البغدادي,knowledge,9.4,,https://archive.org/details/waq66784_856
x,ok,waq35819,waq35819,al-Khatib al-Baghdadi,الخطيب البغدادي,knowledge,6.8,,https://archive.org/details/waq35819
x,ok,027967_تاريخ_بغداد،_او،_مدينة_السلام,027967 tarykh bghdad aw mdynh alslam,al-Khatib al-Baghdadi,الخطيب البغدادي,islamic-history,58.5,1931,https://archive.org/details/AAlexandrina-027967
x,ok,waq34393,waq34393,al-Khatib al-Baghdadi,الخطيب البغدادي,knowledge,15.7,,https://archive.org/details/waq34393
x,ok,الكفاية لأصول الرواية,alkfayh laswl alrwayh,al-Khatib al-Baghdadi,الخطيب البغدادي,hadith-studies,8.3,,https://archive.org/details/kifaya.khatib
x,ok,الكفاية في معرفة أصول علم الرواية للخطيب البغدادي,alkfayh fy marfh aswl alm alrwayh llkhtyb albghdady,al-Khatib al-Baghdadi,الخطيب البغدادي,hadith-studies,16.3,,https://archive.org/details/1_20260317_20260317_2145
x,ok,WAQtaba,waqtaba,al-Khatib al-Baghdadi,الخطيب البغدادي,knowledge,10.3,,https://archive.org/details/WAQtaba
x,ok,waq32134,waq32134,al-Khatib al-Baghdadi,الخطيب البغدادي,knowledge,25.9,,https://archive.org/details/waq32134
x,ok,اقتضاء العلم العمل للخطيب البغدادي,aqtda alalm alaml llkhtyb albghdady,al-Khatib al-Baghdadi,الخطيب البغدادي,knowledge,14.9,,https://archive.org/details/20260316_20260316_2010
x,ok,الكفاية في علم الرواية ن1 - الخطيب البغدادي,alkfayh fy alm alrwayh n1 alkhtyb albghdady,al-Khatib al-Baghdadi,الخطيب البغدادي,knowledge,49.3,,https://archive.org/details/1_20191020_20191020_1637
x,ok,تاريخ_بغداد_أو_مدينة_السلام_منذ_تأسيسها_حتى_سنة_463ة_الجزء_18_05805,tarykh bghdad aw mdynh alslam mndh tasysha hty snh 463h aljz 18 05805,al-Khatib al-Baghdadi,الخطيب البغدادي,knowledge,9.5,,https://archive.org/details/BBib-Alex-05805
x,ok,الفقيه والمتفقه - الخطيب البغدادي - ت عادل العزازي PDF,alfqyh walmtfqh alkhtyb albghdady t aadl alazazy pdf,al-Khatib al-Baghdadi,الخطيب البغدادي,islamic-jurisprudence,19.6,,https://archive.org/details/a1704n
x,ok,131389_كتاب_موضح_اوهام_الجمع_والتفريق,131389 ktab mwdh awham aljma waltfryq,al-Khatib al-Baghdadi,الخطيب البغدادي,hadith-studies,28.5,1959,https://archive.org/details/AAlexandrina-131389
x,ok,تلخيص الكنى للحافظ عبد الغني المقدسي ت د. يوسف الدخيل pdf,tlkhys alkny llhafz abd alghny almqdsy t d ywsf aldkhyl pdf,Abd al-Ghani al-Maqdisi,عبد الغني المقدسي,hadith-studies,5.1,,https://archive.org/details/1102n
x,ok,مختصر سيرة رسول الله صلى الله عليه وسلم وسيرة أصحابه العشرة,mkhtsr syrh rswl allh sly allh alyh wslm wsyrh ashabh alashrh,Abd al-Ghani al-Maqdisi,عبد الغني المقدسي,islamic-history,2.7,,https://archive.org/details/CERAH_MAQDISY
x,ok,الاقتصاد في الاعتقاد,alaqtsad fy alaatqad,Abd al-Ghani al-Maqdisi,عبد الغني المقدسي,aqeedah,2.7,,https://archive.org/details/iqtisad_maqdisi_202505
x,ok,عمدة الأحكام لعبد الغني المقدسي | تحقيق نظر الفاريابي,amdh alahkam labd alghny almqdsy thqyq nzr alfaryaby,Abd al-Ghani al-Maqdisi,عبد الغني المقدسي,hadith-studies,4.8,2002,https://archive.org/details/UmdatulAhkaamNadharAlFaaryaabee
x,ok,الكمال في أسماء الرجال,alkmal fy asma alrjal,Abd al-Ghani al-Maqdisi,عبد الغني المقدسي,hadith-studies,9,,https://archive.org/details/alkamal
x,ok,423598_آلهة_من_ورق_القصة_الكاملة_للثورات_العربية,423598 alhh mn wrq alqsh alkamlh llthwrat alarbyh,al-Hajjawi,الحجاوي,islamic-history,15.6,,https://archive.org/details/AAlexandrina-423598
x,ok,094768_الجزء_الاول_الرابع_من_كشاف_القناع_عن_متن_الاقناع_وبها_لمنتهى,094768 aljz alawl alraba mn kshaf alqnaa an mtn alaqnaa wbha lmnthy,al-Buhuti,البهوتي,islamic-jurisprudence,181.5,1319,https://archive.org/details/AAlexandrina-094768
x,ok,الروض المربِع بشرح زاد المستقنع,alrwd almrba bshrh zad almstqna,al-Buhuti,البهوتي,islamic-economics,16.9,,https://archive.org/details/1_20260320_20260320_1920
x,ok,095224_الجزء_الاول_الرابع_من_كشاف_القناع_عن_متن_الاقناع_وبها_لمنتهى,095224 aljz alawl alraba mn kshaf alqnaa an mtn alaqnaa wbha lmnthy,al-Buhuti,البهوتي,islamic-jurisprudence,158.2,1319,https://archive.org/details/AAlexandrina-095224
x,ok,138812_كتاب_الروض_المربع_بشرح_زاد_المستقنع_مختصر_المقنع,138812 ktab alrwd almrba bshrh zad almstqna mkhtsr almqna,al-Buhuti,البهوتي,islamic-jurisprudence,35.1,1305,https://archive.org/details/AAlexandrina-138812
x,ok,إعلام الأعلام بقتال من انتهك حرمة البيت الحرام,aalam alaalam bqtal mn anthk hrmh albyt alhram,al-Buhuti,البهوتي,islamic-jurisprudence,0.5,1988,https://archive.org/details/aziz911q8_3
x,ok,153151_الجزء_الاول_الرابع_من_كشاف_القناع_عن_متن_الاقناع_و_لمنتهى,153151 aljz alawl alraba mn kshaf alqnaa an mtn alaqnaa w lmnthy,al-Buhuti,البهوتي,islamic-jurisprudence,57.6,1319,https://archive.org/details/AAlexandrina-153151
x,ok,166896_كتاب_الروض_المربع_بشرح_زاد_المستقنع_مختصر_المقنع,166896 ktab alrwd almrba bshrh zad almstqna mkhtsr almqna,al-Buhuti,البهوتي,islamic-jurisprudence,65.8,1305,https://archive.org/details/AAlexandrina-166896
x,ok,028679_الجزء_الاول_الثانى_من_كتاب_نيل_المآرب_بشرح_دليل_الطالب,028679 aljz alawl althany mn ktab nyl almarb bshrh dlyl altalb,al-Buhuti,البهوتي,islamic-jurisprudence,59.7,1325,https://archive.org/details/AAlexandrina-028679
x,ok,148386_الجزء_الاول_الرابع_من_كشاف_القناع_عن_متن_الاقناع_و_لمنتهى,148386 aljz alawl alraba mn kshaf alqnaa an mtn alaqnaa w lmnthy,al-Buhuti,البهوتي,islamic-jurisprudence,193.7,1319,https://archive.org/details/AAlexandrina-148386
x,ok,112749_الجزء_الاول_الرابع_من_كشاف_القناع_عن_متن_الاقناع_وبها_لمنتهى,112749 aljz alawl alraba mn kshaf alqnaa an mtn alaqnaa wbha lmnthy,al-Buhuti,البهوتي,islamic-jurisprudence,94.2,1319,https://archive.org/details/AAlexandrina-112749
x,ok,كتب العلامة منصور بن يونس البهوتي رحمه الله,ktb alalamh mnswr bn ywns albhwty rhmh allh,al-Buhuti,البهوتي,islamic-jurisprudence,142.7,2021,https://archive.org/details/Mansour_albuhuti
x,ok,154288_الجزء_الاول_الثانى_من_كتاب_نيل_المآرب_بشرح_دليل_الطالب,154288 aljz alawl althany mn ktab nyl almarb bshrh dlyl altalb,al-Buhuti,البهوتي,islamic-jurisprudence,14.4,1325,https://archive.org/details/AAlexandrina-154288
x,ok,كشاف القناع عن الإقناع,kshaf alqnaa an alaqnaa,al-Buhuti,البهوتي,islamic-jurisprudence,12.5,,https://archive.org/details/keame
x,ok,تعقبات المرداوي على ابن مفلح,taqbat almrdawy aly abn mflh,Ibn Muflih,ابن مفلح,islamic-jurisprudence,3.9,,https://archive.org/details/20211122_20211122_1808
x,ok,145936_الاداب_الشرعية_والمنح_المرعية,145936 aladab alshrayh walmnh almrayh,Ibn Muflih,ابن مفلح,islamic-jurisprudence,49.9,1348,https://archive.org/details/AAlexandrina-145936
x,ok,146870_الاداب_الشرعية_والمنح_المرعية,146870 aladab alshrayh walmnh almrayh,Ibn Muflih,ابن مفلح,islamic-jurisprudence,29.4,1348,https://archive.org/details/AAlexandrina-146870
x,ok,145970_الاداب_الشرعية_والمنح_المرعية,145970 aladab alshrayh walmnh almrayh,Ibn Muflih,ابن مفلح,islamic-jurisprudence,48.8,1348,https://archive.org/details/AAlexandrina-145970
x,ok,137845_الاداب_الشرعية_والمنح_المرعية,137845 aladab alshrayh walmnh almrayh,Ibn Muflih,ابن مفلح,islamic-jurisprudence,60.4,1349,https://archive.org/details/AAlexandrina-137845
x,ok,(الانصاف في معرفة الراجح من الخلاف (الفقه الحنبلي,alansaf fy marfh alrajh mn alkhlaf alfqh alhnbly,al-Mardawi,المرداوي,islamic-jurisprudence,11.4,,https://archive.org/details/2_20250413_20250413_1741
x,ok,الإنصاف في معرفة الراجح من الخلاف - المرداوي - طبعات نادرة و قديمة و ملونة,alansaf fy marfh alrajh mn alkhlaf almrdawy tbaat nadrh w qdymh w mlwnh,al-Mardawi,المرداوي,islamic-jurisprudence,493.2,1955,https://archive.org/details/1-2-1955-58
x,ok,waq103739,waq103739,Mar'i al-Karmi,مرعي الكرمي,islamic-jurisprudence,1.8,,https://archive.org/details/waq103739
x,ok,FP177592,fp177592,Mar'i al-Karmi,مرعي الكرمي,islamic-jurisprudence,15.7,,https://archive.org/details/FP177592
x,ok,419481_دليل_الطالبين_لكلام_النحويين,419481 dlyl altalbyn lklam alnhwyyn,Mar'i al-Karmi,مرعي الكرمي,learning-arabic,10.4,,https://archive.org/details/AAlexandrina-419481
x,ok,160717_بديع_الانشاء_والصفات_فى_المكاتبات_والمراسلات,160717 bdya alansha walsfat fy almkatbat walmraslat,Mar'i al-Karmi,مرعي الكرمي,learning-arabic,9.4,1309,https://archive.org/details/AAlexandrina-160717
x,ok,145355_كتاب_انشاء_مرعى_وانشاء_العطار,145355 ktab ansha mray wansha alatar,Mar'i al-Karmi,مرعي الكرمي,learning-arabic,14.5,1299,https://archive.org/details/AAlexandrina-145355
x,ok,092511_بديع_الانشا_والصفات_والمكاتبات_والمراسلات,092511 bdya alansha walsfat walmkatbat walmraslat,Mar'i al-Karmi,مرعي الكرمي,learning-arabic,14.7,1281,https://archive.org/details/AAlexandrina-092511
x,ok,مسبوك الذهب في فضل العرب وشرف العلم على شرف النسب ، مرعي الكرمي الحنبلي,msbwk aldhhb fy fdl alarb wshrf alalm aly shrf alnsb mray alkrmy alhnbly,Mar'i al-Karmi,مرعي الكرمي,islamic-jurisprudence,0.9,1988,https://archive.org/details/20200324_20200324_1017
x,ok,إتحاف ذوي الألباب,athaf dhwy alalbab,Mar'i al-Karmi,مرعي الكرمي,islamic-jurisprudence,1.2,,https://archive.org/details/ithaf_alalbab
x,ok,145513_كتاب_بديع_الانشاء_والصفات_فى_المكاتبات_والمراسلات,145513 ktab bdya alansha walsfat fy almkatbat walmraslat,Mar'i al-Karmi,مرعي الكرمي,learning-arabic,10.1,1291,https://archive.org/details/AAlexandrina-145513
x,ok,028159_كتاب_بديع_الانشاء_والصفات_فى_المكاتبات_والمراسلات,028159 ktab bdya alansha walsfat fy almkatbat walmraslat,Mar'i al-Karmi,مرعي الكرمي,learning-arabic,8,1291,https://archive.org/details/AAlexandrina-028159
x,ok,دليل الطالب لنيل المطالب - مرعي بن يوسف الكرمي - طبعة نادرة و قديمة و ملونة,dlyl altalb lnyl almtalb mray bn ywsf alkrmy tbah nadrh w qdymh w mlwnh,Mar'i al-Karmi,مرعي الكرمي,islamic-jurisprudence,129.5,1961,https://archive.org/details/1961_20211028
x,ok,كتب إسماعيل بن سعد بن إسماعيل بن حمد بن عتيق,ktb asmaayl bn sad bn asmaayl bn hmd bn atyq,Hamad ibn Atiq,حمد بن عتيق,aqeedah,31.6,,https://archive.org/details/20210521_20210521_0455
x,ok,هداية الطريق من رسائل وفتاوى الشيخ حمد بن عتيق رحمه الله,hdayh altryq mn rsayl wftawy alshykh hmd bn atyq rhmh allh,Hamad ibn Atiq,حمد بن عتيق,fatwaas-and-prohibited-disliked,18.1,2020,https://archive.org/details/20200202_20200202_2347
x,ok,كتب العلامة الشيخ سعد بن حمد بن عتيق,ktb alalamh alshykh sad bn hmd bn atyq,Hamad ibn Atiq,حمد بن عتيق,aqeedah,15.9,,https://archive.org/details/20200110_20200110_0552
x,ok,الشيخ محمد بن إبراهيم آل الشيخ حياته وآثاره - إسماعيل بن عتيق,alshykh mhmd bn abrahym al alshykh hyath watharh asmaayl bn atyq,Hamad ibn Atiq,حمد بن عتيق,aqeedah,2.5,2009,https://archive.org/details/2009_20221101
x,ok,150851 - الجنة فى الاسوة الحسنة,150851 aljnh fy alaswh alhsnh,Siddiq Hasan Khan,صديق حسن خان,islamic-jurisprudence,21.8,1800,https://archive.org/details/AAlexandrina-150851
x,ok,027847_لقطة_العجلان_مما_تمس_الى_معرفته_حاجة_الانسان_وفى_اخرها_خبيئة,027847 lqth alajlan mma tms aly marfth hajh alansan wfy akhrha khbyyh,Siddiq Hasan Khan,صديق حسن خان,islamic-history,33.1,1296,https://archive.org/details/AAlexandrina-027847
x,ok,028606 - حصول المأمول من علم الاصول,028606 hswl almamwl mn alm alaswl,Siddiq Hasan Khan,صديق حسن خان,islamic-jurisprudence,27.2,1296,https://archive.org/details/AAlexandrina-028606
x,ok,طبعات نادرة و قديمة و ملونة لكتب و تفسير (1-4) صديق حسن خان القنوجي,tbaat nadrh w qdymh w mlwnh lktb w tfsyr 1 4 sdyq hsn khan alqnwjy,Siddiq Hasan Khan,صديق حسن خان,quran-studies,404.6,1301,https://archive.org/details/4-1301-1883
x,ok,"العبرة_مما_جاء_فى_الغزو_و_الشهادة_و_الهجرة_13299_صديق_حسن_خان,_ابوالطيب",alabrh mma ja fy alghzw w alshhadh w alhjrh 13299 sdyq hsn khan abwaltyb,Siddiq Hasan Khan,صديق حسن خان,aqeedah,7.7,,https://archive.org/details/BBib-Alex-13299
x,ok,107915_موائد_العوائد_من_عيون_الاخبار_والفوائد,107915 mwayd alawayd mn aywn alakhbar walfwayd,Siddiq Hasan Khan,صديق حسن خان,hadith-studies,38.2,1298,https://archive.org/details/AAlexandrina-107915
x,ok,127707 - البلغة فى اصول اللغة,127707 alblghh fy aswl allghh,Siddiq Hasan Khan,صديق حسن خان,learning-arabic,7.9,1296,https://archive.org/details/AAlexandrina-127707
x,ok,131404 - ابجد العلوم,131404 abjd alalwm,Siddiq Hasan Khan,صديق حسن خان,knowledge,167.7,1292,https://archive.org/details/AAlexandrina-131404
x,ok,156547_نشوة_السكران_من_صهباء_تذكار_الغزلان,156547 nshwh alskran mn shba tdhkar alghzlan,Siddiq Hasan Khan,صديق حسن خان,aqeedah,10.5,1920,https://archive.org/details/AAlexandrina-156547
x,ok,028729 - ابجد العلوم,028729 abjd alalwm,Siddiq Hasan Khan,صديق حسن خان,knowledge,179.4,1292,https://archive.org/details/AAlexandrina-028729
x,ok,098379_لقطة_العجلان_مما_تمس_الى_معرفته_حاجة_الانسان_وفى_ا_مم_على,098379 lqth alajlan mma tms aly marfth hajh alansan wfy a mm aly,Siddiq Hasan Khan,صديق حسن خان,islamic-history,33.8,1296,https://archive.org/details/AAlexandrina-098379
x,ok,101586_حسن_الاسوة_بما_ثبت_من_الله_ورسوله_فى_النسوة,101586 hsn alaswh bma thbt mn allh wrswlh fy alnswh,Siddiq Hasan Khan,صديق حسن خان,guidance-for-sisters,60.1,1301,https://archive.org/details/AAlexandrina-101586
x,ok,027928_نشوة_السكران_من_صهباء_تذكار_الغزلان,027928 nshwh alskran mn shba tdhkar alghzlan,Siddiq Hasan Khan,صديق حسن خان,aqeedah,10.7,1920,https://archive.org/details/AAlexandrina-027928
x,ok,155691_ظفر_اللاضى_بما_يجب_فى_القضاء_على_القاضى,155691 zfr allady bma yjb fy alqda aly alqady,Siddiq Hasan Khan,صديق حسن خان,aqeedah,19.3,1294,https://archive.org/details/AAlexandrina-155691
x,ok,FP170967,fp170967,Abd al-Rahman al-Mubarakpuri,عبد الرحمن المباركفوري,hadith-studies,14.8,,https://archive.org/details/FP170967
x,ok,الرحيق المختوم,alrhyq almkhtwm,Safi al-Rahman al-Mubarakpuri,صفي الرحمن المباركفوري,islamic-history,10.3,2014,https://archive.org/details/2014-alraheq_almakhtom-almubarakfuri
x,ok,الرحيق المختوم صفي الرحمن المباركفوري بفهرس جديد مطابق,alrhyq almkhtwm sfy alrhmn almbarkfwry bfhrs jdyd mtabq,Safi al-Rahman al-Mubarakpuri,صفي الرحمن المباركفوري,islamic-history,8.9,,https://archive.org/details/20250819_20250819_1132
x,ok,المصباح المنير في تهذيب تفسير ابن كثير,almsbah almnyr fy thdhyb tfsyr abn kthyr,Safi al-Rahman al-Mubarakpuri,صفي الرحمن المباركفوري,quran-studies,76.7,2019,https://archive.org/details/20191231_20191231_1403
,dupe-internal,الرحيق المختوم,alrhyq almkhtwm,Safi al-Rahman al-Mubarakpuri,صفي الرحمن المباركفوري,islamic-history,2.5,,https://archive.org/details/al_rahiq_al_makhtoum_20260704_20260704
x,ok,مرعاة المفاتيح شرح مشكاة المصابيح 10,mraah almfatyh shrh mshkah almsabyh 10,Abd al-Rahman al-Mubarakpuri,عبد الرحمن المباركفوري,hadith-studies,38.1,,https://archive.org/details/10_20231126
x,ok,كتاب المصباح المنير في تهذيب تفسير ابن كثير,ktab almsbah almnyr fy thdhyb tfsyr abn kthyr,Safi al-Rahman al-Mubarakpuri,صفي الرحمن المباركفوري,islamic-history,172.6,2013,https://archive.org/details/alghamdee2013-05-22.asdasmd
,dupe-internal,مرعاة المفاتيح شرح مشكاة المصابيح 10,mraah almfatyh shrh mshkah almsabyh 10,Abd al-Rahman al-Mubarakpuri,عبد الرحمن المباركفوري,hadith-studies,38.1,,https://archive.org/details/10_20231126_20231126_2150
x,ok,المباركفوري - الرحيق المختوم,almbarkfwry alrhyq almkhtwm,Abd al-Rahman al-Mubarakpuri,عبد الرحمن المباركفوري,islamic-history,8.6,1979,https://archive.org/details/Ar-Raheeq.Al-Makhtum
x,ok,الرحيق المختوم 001,alrhyq almkhtwm 001,Abd al-Rahman al-Mubarakpuri,عبد الرحمن المباركفوري,hadith-studies,0.9,,https://archive.org/details/Islamic_Sera_001
x,ok,097842 - الرحيق المختوم,097842 alrhyq almkhtwm,Abd al-Rahman al-Mubarakpuri,عبد الرحمن المباركفوري,islamic-history,43,1994,https://archive.org/details/AAlexandrina-097842
x,ok,تحفة الاحوذی شرح جامع الترمذی بیت الافکار الدولیۃ,thfh alahwdh shrh jama altrmdh b t alaf ar aldwl,Abd al-Rahman al-Mubarakpuri,عبد الرحمن المباركفوري,hadith-studies,101.3,2019,https://archive.org/details/20191211_20191211_0547
x,ok,الرحيق المختوم,alrhyq almkhtwm,Abd al-Rahman al-Mubarakpuri,عبد الرحمن المباركفوري,islamic-history,2.9,1976,https://archive.org/details/20210430_20210430_0628
x,ok,ابكار المنن في تنقيد اثار السنن طبعة جديدة,abkar almnn fy tnqyd athar alsnn tbah jdydh,Abd al-Rahman al-Mubarakpuri,عبد الرحمن المباركفوري,hadith-studies,64.8,1401,https://archive.org/details/20230310_20230310_1338
x,ok,154126_عون_المعبود_شرح_سنن_ابى_داود,154126 awn almabwd shrh snn aby dawd,al-Azim Abadi,العظيم آبادي,hadith-studies,93.2,1900,https://archive.org/details/AAlexandrina-154126
x,ok,ديوان بيدل دهلوى للشاملة,dywan bydl dhlwy llshamlh,al-Azim Abadi,العظيم آبادي,hadith-studies,70.4,2023,https://archive.org/details/divan_bidel_dehlavi
x,ok,من أحكام السفر في الجمع والقصر,mn ahkam alsfr fy aljma walqsr,Abd al-Aziz al-Rajihi,عبد العزيز الراجحي,aqeedah,0.5,,https://archive.org/details/Ahkam_Elssafar_A_Aziz_Arrajhi
x,ok,التنضيد بشرح كتاب التوحيد,altndyd bshrh ktab altwhyd,Abd al-Aziz al-Rajihi,عبد العزيز الراجحي,aqeedah,73.7,1441,https://archive.org/details/al-tanid-bisharh-kitab-al-tawhid
x,ok,كتب الشيخ العلامة عبد الله الغنيمان,ktb alshykh alalamh abd allh alghnyman,Abdullah al-Ghunayman,عبد الله الغنيمان,aqeedah,19.7,,https://archive.org/details/20211127_20211127_1508
x,ok,شرح عقيدة السلف وأصحاب الحديث,shrh aqydh alslf washab alhdyth,Abdullah al-Ghunayman,عبد الله الغنيمان,hadith-studies,8.9,,https://archive.org/details/20250416_20250416_1803_Eli
,dupe-internal,كتب الشيخ العلامة عبد الله الغنيمان,ktb alshykh alalamh abd allh alghnyman,Abdullah al-Ghunayman,عبد الله الغنيمان,aqeedah,19.7,,https://archive.org/details/20210720_20210720_1157
x,ok,شرح كتاب التوحيد من صحيح البخاري لعبد الله بن محمد الغنيمان,shrh ktab altwhyd mn shyh albkhary labd allh bn mhmd alghnyman,Abdullah al-Ghunayman,عبد الله الغنيمان,deviated-sects-and-bidah,24.6,2026,https://archive.org/details/2_20260215_20260215_2321
x,ok,تنبيه ذوي الأفهام إلى رأب الصدرع والوئام,tnbyh dhwy alafham aly rab alsdra walwyam,Salih al-Suhaymi,صالح السحيمي,hadith-studies,4.7,,https://archive.org/details/TanbehuZailAdham
x,ok,رد الشيخ عبيد على قواعد الحلبي,rd alshykh abyd aly qwaad alhlby,Ubayd al-Jabiri,عبيد الجابري,deviated-sects-and-bidah,27.4,,https://archive.org/details/20250121_20250121_0924
x,ok,غراس الجنة شرح اصول السنة,ghras aljnh shrh aswl alsnh,Ubayd al-Jabiri,عبيد الجابري,hadith-studies,13.7,,https://archive.org/details/ghoras-aljannah
x,ok,جناية التميع علي المنهج السلفي عبيد الجابري,jnayh altmya aly almnhj alslfy abyd aljabry,Ubayd al-Jabiri,عبيد الجابري,aqeedah,9,,https://archive.org/details/compressed-1_20250820
x,ok,كتب الشيخ: سعد الشثري pdf,ktb alshykh sad alshthry pdf,Sa'd al-Shithri,سعد الشثري,islamic-jurisprudence,89.4,,https://archive.org/details/ktbal_shathri
x,ok,تشجيرات مادة الاجتهاد والفتوى,tshjyrat madh alajthad walftwy,Sa'd al-Shithri,سعد الشثري,fatwaas-and-prohibited-disliked,1.6,2017,https://archive.org/details/souhilo1_hotmail_2
x,review,معتمد مذهب الحنابلة في الحكم على الأشاعرة,matmd mdhhb alhnablh fy alhkm aly alashaarh,Sa'd al-Shithri,سعد الشثري,islamic-jurisprudence,0.2,,https://archive.org/details/20230121_20230121_1626
x,ok,شرح الموطأ للإمام مالك للشثري,shrh almwta llamam malk llshthry,Sa'd al-Shithri,سعد الشثري,hadith-studies,26.7,,https://archive.org/details/1_20260316_20260316_1102
x,ok,مختصر صحيح البخاري للشثري,mkhtsr shyh albkhary llshthry,Sa'd al-Shithri,سعد الشثري,hadith-studies,40.2,2026,https://archive.org/details/20260213_20260213_1852
x,ok,متون طالب العلم - جميع المستويات | الشيخ: عبد المحسن القاسم,mtwn talb alalm jmya almstwyat alshykh abd almhsn alqasm,Abd al-Muhsin al-Qasim,عبد المحسن القاسم,knowledge,15.1,,https://archive.org/details/Muttoon
x,ok,المسبوك ... الجزء 3، معدل الصفحات,almsbwk aljz 3 madl alsfhat,Abd al-Muhsin al-Qasim,عبد المحسن القاسم,spiritual-healing,7.7,,https://archive.org/details/Masbouk3-edited
x,ok,مؤلفات وتحقيقات الشيخ عبد المحسن القاسم,mwlfat wthqyqat alshykh abd almhsn alqasm,Abd al-Muhsin al-Qasim,عبد المحسن القاسم,spiritual-healing,77.9,,https://archive.org/details/20220306_20220306_1017
x,ok,متون طالب العلم | المستويات الأربع مع الحواشي | جمع وترتيب وتحقيق عبد المحسن القاسم,mtwn talb alalm almstwyat alarba ma alhwashy jma wtrtyb wthqyq abd almhsn alqasm,Abd al-Muhsin al-Qasim,عبد المحسن القاسم,spiritual-healing,62.1,2017,https://archive.org/details/Mutoon1-4AlQasim
x,ok,المدينة المنورة: فضائلها، المسجد النبوي، الحجرة النبوية | الشيخ د. عبد المحسن القاسم,almdynh almnwrh fdaylha almsjd alnbwy alhjrh alnbwyh alshykh d abd almhsn alqasm,Abd al-Muhsin al-Qasim,عبد المحسن القاسم,spiritual-healing,38.2,2017,https://archive.org/details/AlMadinahVirtueAlMasjibAnNabawiAlHujrahAnNabawiyahAlQasim
x,ok,زاد المستقنع في اختصار المقنع | تحقيق عبد المحسن القاسم,zad almstqna fy akhtsar almqna thqyq abd almhsn alqasm,Abd al-Muhsin al-Qasim,عبد المحسن القاسم,knowledge,26.3,,https://archive.org/details/050201ZaadAlQasim
x,ok,أسهل طريقة لحفظ القرآن الكريم وطلب العلم الشرعي - د. عبد المحسن القاسم,ashl tryqh lhfz alqran alkrym wtlb alalm alshray d abd almhsn alqasm,Abd al-Muhsin al-Qasim,عبد المحسن القاسم,knowledge,4.2,,https://archive.org/details/yuhr4
x,ok,أحاديث الدجال في السنة النبوية وتوضيحها بالخرائط المعاصرة - د. عبد المحسن القاسم,ahadyth aldjal fy alsnh alnbwyh wtwdyhha balkhrayt almaasrh d abd almhsn alqasm,Abd al-Muhsin al-Qasim,عبد المحسن القاسم,hadith-studies,3.5,,https://archive.org/details/zoec5
x,ok,السحر: خطره، التحصن منه، كيفية حله,alshr khtrh althsn mnh kyfyh hlh,Abd al-Muhsin al-Qasim,عبد المحسن القاسم,spiritual-healing,2.3,1444,https://archive.org/details/Magic-1444
x,ok,متون طالب العلم : المستوى الثاني,mtwn talb alalm almstwy althany,Abd al-Muhsin al-Qasim,عبد المحسن القاسم,aqeedah,15.6,2014,https://archive.org/details/Mustawa2
x,ok,Zad Al Mustaqni',zad al mustaqni,Abd al-Muhsin al-Qasim,عبد المحسن القاسم,spiritual-healing,28.1,2015,https://archive.org/details/ZadAlMustaqni
x,ok,الخطب المنبرية من المسجد النبوي الجزء ١,alkhtb almnbryh mn almsjd alnbwy aljz 1,Abd al-Muhsin al-Qasim,عبد المحسن القاسم,aqeedah,60.1,1443,https://archive.org/details/978-603-03-9770-9
x,ok,الدُّعَاءُ,aldaa,Abd al-Muhsin al-Qasim,عبد المحسن القاسم,spiritual-healing,4.9,1444,https://archive.org/details/duaa-abdul-mohsen-alqasim
x,ok,المفهوم الصحيح للتوسل - حماد الأنصاري 1398هـ 1978م,almfhwm alshyh lltwsl hmad alansary 1398h 1978m,Hammad al-Ansari,حماد الأنصاري,dawah,0.1,1978,https://archive.org/details/1398-1978
x,ok,نظم طبقات المحدثين,nzm tbqat almhdthyn,Hammad al-Ansari,حماد الأنصاري,hajj-and-umrah,0.4,,https://archive.org/details/20230904_20230904_0619
x,ok,كتاب العيون الزلالية في الفتاوى الهلالية,ktab alaywn alzlalyh fy alftawy alhlalyh,Taqi al-Din al-Hilali,تقي الدين الهلالي,fatwaas-and-prohibited-disliked,62.6,,https://archive.org/details/1_20260614_20260614_1314
x,ok,كيف يربي يهود الولايات المتحدة أولادهم,kyf yrby yhwd alwlayat almthdh awladhm,Taqi al-Din al-Hilali,تقي الدين الهلالي,biographies,2.2,,https://archive.org/details/hamlaenglish_gmail_20180327_2215
x,ok,كتب الشيخ محمد تقي الدين الهلالي,ktb alshykh mhmd tqy aldyn alhlaly,Taqi al-Din al-Hilali,تقي الدين الهلالي,aqeedah,15.7,,https://archive.org/details/20200112
x,ok,الهدية الهادية إلى الطائفة التيجانية تقي الدين الهلالي,alhdyh alhadyh aly altayfh altyjanyh tqy aldyn alhlaly,Taqi al-Din al-Hilali,تقي الدين الهلالي,deviated-sects-and-bidah,3.7,,https://archive.org/details/20240409_20240409_1057
x,ok,امام المحنة ؛ أحمد بن حنبل - تقي الدين الهلالي - طبعة نادرة و قديمة و ملونة,amam almhnh ahmd bn hnbl tqy aldyn alhlaly tbah nadrh w qdymh w mlwnh,Taqi al-Din al-Hilali,تقي الدين الهلالي,dawah,29.4,1953,https://archive.org/details/1373-1953
x,ok,تقويم اللسانين,tqwym allsanyn,Taqi al-Din al-Hilali,تقي الدين الهلالي,dawah,1.1,2023,https://archive.org/details/20230128_20230128_1058
x,ok,السراج المنير في تنبيه جماعة التبليغ على أخطائهم تقي الدين الهلالي,alsraj almnyr fy tnbyh jmaah altblygh aly akhtayhm tqy aldyn alhlaly,Taqi al-Din al-Hilali,تقي الدين الهلالي,aqeedah,92.9,,https://archive.org/details/20260616_20260616_1112
x,ok,شرح كتاب التوحيد لمحمد تقي الدين الهلالي,shrh ktab altwhyd lmhmd tqy aldyn alhlaly,Taqi al-Din al-Hilali,تقي الدين الهلالي,aqeedah,25.4,,https://archive.org/details/20260619_20260619_1830
x,ok,الإنارة شرح كتاب الإشارة,alanarh shrh ktab alasharh,Muhammad Ali Farkus,محمد علي فركوس,islamic-jurisprudence,27.1,,https://archive.org/details/Inara
x,ok,الفوائد المستنبطة من الاربعين النووية للبراك,alfwayd almstnbth mn alarbayn alnwwyh llbrak,Abd al-Rahman al-Barrak,عبد الرحمن البراك,aqeedah,4.5,,https://archive.org/details/20250624_20250624_1220
x,ok,pdf كتاب العقيدة الطحاوية,pdf ktab alaqydh althawyh,Abd al-Rahman al-Barrak,عبد الرحمن البراك,aqeedah,6.5,,https://archive.org/details/book_Creed_Tahawiyyah
x,ok,شرح العقيدة الطحاوية,shrh alaqydh althawyh,Abd al-Rahman al-Barrak,عبد الرحمن البراك,aqeedah,40.6,,https://archive.org/details/ErhELAQIDETITTAHAWIJJEHAbduRRahmanB.NasirElBerrak
x,ok,pdf شرح الوصية الصغرى لشيخ الإسلام شرح الشيخ سليمان الرحيلي,pdf shrh alwsyh alsghry lshykh alaslam shrh alshykh slyman alrhyly,Sulayman al-Ruhayli,سليمان الرحيلي,aqeedah,1.8,,https://archive.org/details/charh-al-wasiya-al-soghra
x,ok,وصفة السعادة الحقيقية للشيخ سليمان الرحيلي pdf,wsfh alsaadh alhqyqyh llshykh slyman alrhyly pdf,Sulayman al-Ruhayli,سليمان الرحيلي,aqeedah,3.4,,https://archive.org/details/S3ada.hakekia
x,ok,دعاء ختم القرآن في الصلاة نظرة فقهية,daa khtm alqran fy alslah nzrh fqhyh,Sulayman al-Ruhayli,سليمان الرحيلي,aqeedah,0.3,2017,https://archive.org/details/muslim1407_gmail
x,ok,pdf شرح مفتاح الوصول إلى بناء الفروع على الأصول,pdf shrh mftah alwswl aly bna alfrwa aly alaswl,Sulayman al-Ruhayli,سليمان الرحيلي,aqeedah,14,,https://archive.org/details/irfanhussan033_gmail
x,ok,pdf ضوابط الربا لفضيلة الشيخ سليمان الرحيلي حفظه الله,pdf dwabt alrba lfdylh alshykh slyman alrhyly hfzh allh,Sulayman al-Ruhayli,سليمان الرحيلي,islamic-economics,3.7,,https://archive.org/details/book1505909130631
x,ok,pdf العلم وسائله وثماره للشيخ سليمان الرحيلي,pdf alalm wsaylh wthmarh llshykh slyman alrhyly,Sulayman al-Ruhayli,سليمان الرحيلي,knowledge,2.7,,https://archive.org/details/al-3ilm-wasailouhou-wathimarohu
x,ok,شرح كتاب تبصير الناسك بأحكام المناسك بشرح الشيخ سليمان الرحيلي,shrh ktab tbsyr alnask bahkam almnask bshrh alshykh slyman alrhyly,Sulayman al-Ruhayli,سليمان الرحيلي,hadith-studies,1.9,,https://archive.org/details/tabseerrohily
x,ok,مباحث الأمر التي انتقدها شيخ الإسلام ابن تيمية في مجموع الفتاوى,mbahth alamr alty antqdha shykh alaslam abn tymyh fy mjmwa alftawy,Sulayman al-Ruhayli,سليمان الرحيلي,aqeedah,0.4,,https://archive.org/details/Mabahith
x,ok,التعريفات الأصولية من فتاوى شيخ الإسلام ابن تيمية,altaryfat alaswlyh mn ftawy shykh alaslam abn tymyh,Sulayman al-Ruhayli,سليمان الرحيلي,aqeedah,4.8,,https://archive.org/details/Ta3rifaat
x,ok,المراحل المؤدية إلى التفجير,almrahl almwdyh aly altfjyr,Sulayman al-Ruhayli,سليمان الرحيلي,aqeedah,0.2,,https://archive.org/details/Tafjir
