approve,flag,title_ar,title_translit,author_en,author_ar,category_slug,size_mb,year,source_url
x,ok,قطف الثمر في بيان عقيدة أهل الأثر,qtf althmr fy byan aqydh ahl alathr,Siddiq Hasan Khan,صديق حسن خان,knowledge,9,,https://islamhouse.com/ar/books/144962/
,review,آداب الفتوى والمفتي والمستفتي,adab alftwy walmfty walmstfty,al-Nawawi,النووي,knowledge,0.3,,https://islamhouse.com/ar/books/144923/
x,ok,القول البين الأظهر في الدعوة إلى الله والأمر بالمعروف والنهي عن المنكر,alqwl albyn alazhr fy aldawh aly allh walamr balmarwf walnhy an almnkr,Abd al-Aziz al-Rajihi,عبد العزيز الراجحي,knowledge,18.2,,https://islamhouse.com/ar/books/144918/
,review,الإتقان في علوم القرآن,alatqan fy alwm alqran,al-Suyuti,السيوطي,knowledge,44.4,,https://islamhouse.com/ar/books/141385/
,possible-dupe,هذا الحبيب محمد رسول الله صلى الله عليه وسلم يامحب,hdha alhbyb mhmd rswl allh sly allh alyh wslm yamhb,Abu Bakr al-Jaza'iri,أبو بكر جابر الجزائري,knowledge,8.7,,https://islamhouse.com/ar/books/141342/
,possible-dupe,من مشاهير المجددين في الإسلام [ ابن تيمية ومحمد بن عبد الوهاب رحمهما الله ],mn mshahyr almjddyn fy alaslam abn tymyh wmhmd bn abd alwhab rhmhma allh,Salih al-Fawzan,صالح بن فوزان الفوزان,knowledge,0.3,,https://islamhouse.com/ar/books/117072/
,possible-dupe,الفرق بين النصيحة والتعيير,alfrq byn alnsyhh waltayyr,Ibn Rajab al-Hanbali,ابن رجب الحنبلي,knowledge,0.1,,https://islamhouse.com/ar/books/116947/
,possible-dupe,مصباح الظلام في الرد على من كذب الشيخ الإمام ونسبه إلى تكفير أهل الإيمان والإسلام,msbah alzlam fy alrd aly mn kdhb alshykh alamam wnsbh aly tkfyr ahl alayman walaslam,Abd al-Rahman ibn Hasan Al al-Shaykh,عبد الرحمن بن حسن آل الشيخ,knowledge,2.6,,https://islamhouse.com/ar/books/77386/
,possible-dupe,قطوف من الشمائل المحمدية والأخلاق النبوية والآداب الإسلامية,qtwf mn alshmayl almhmdyh walakhlaq alnbwyh waladab alaslamyh,Muhammad ibn Jamil Zeno,محمد بن جميل زينو,knowledge,10,,https://islamhouse.com/ar/books/57659/
,possible-dupe,وسيلة الحصول إلى مهمات الأصول,wsylh alhswl aly mhmat alaswl,Hafiz al-Hakami,حافظ بن أحمد الحكمي,knowledge,0.4,,https://islamhouse.com/ar/books/2479/
,possible-dupe,سلم الوصول إلى مباحث علم الأصول,slm alwswl aly mbahth alm alaswl,Hafiz al-Hakami,حافظ بن أحمد الحكمي,knowledge,0.8,,https://islamhouse.com/ar/books/2478/
,review,الأذكار النووية,aladhkar alnwwyh,al-Nawawi,النووي,knowledge,14.8,,https://islamhouse.com/ar/books/2431/
,possible-dupe,عقيدة المؤمن,aqydh almwmn,Abu Bakr al-Jaza'iri,أبو بكر جابر الجزائري,knowledge,12.8,,https://islamhouse.com/ar/books/2428/
,possible-dupe,الملخص الفقهي,almlkhs alfqhy,Salih al-Fawzan,صالح بن فوزان الفوزان,knowledge,15.5,,https://islamhouse.com/ar/books/2089/
,possible-dupe,شرح الورقات في أصول الفقه,shrh alwrqat fy aswl alfqh,Salih al-Fawzan,صالح بن فوزان الفوزان,knowledge,5.8,,https://islamhouse.com/ar/books/2088/
x,ok,التقليد والإفتاء والاستفتاء,altqlyd walafta walastfta,Abd al-Aziz al-Rajihi,عبد العزيز الراجحي,knowledge,1.1,,https://islamhouse.com/ar/books/1978/
,possible-dupe,شرح الأصبهانية,shrh alasbhanyh,Ibn Taymiyyah,ابن تيمية,knowledge,17.5,,https://islamhouse.com/ar/books/1913/
,possible-dupe,تطهير الاعتقاد عن أدران الإلحاد,tthyr alaatqad an adran alalhad,al-San'ani,الصنعاني,knowledge,0.3,,https://islamhouse.com/ar/books/1909/
,possible-dupe,البراهين العقلية علي وحدانية الرب ووجوه كماله,albrahyn alaqlyh aly whdanyh alrb wwjwh kmalh,Abd al-Rahman al-Sa'di,عبد الرحمن بن ناصر السعدي,quran-studies,2.1,,https://islamhouse.com/ar/books/2830476/
,possible-dupe,حقوق الإنسان في الإسلام,hqwq alansan fy alaslam,Salih Al al-Shaykh,صالح بن عبد العزيز آل الشيخ,aqeedah,0.4,,https://islamhouse.com/ar/books/2827776/
,possible-dupe,هذا هو الإسلام,hdha hw alaslam,Salih Al al-Shaykh,صالح بن عبد العزيز آل الشيخ,aqeedah,0.4,,https://islamhouse.com/ar/books/462850/
,possible-dupe,تكريم المرأة في الإسلام,tkrym almrah fy alaslam,Muhammad ibn Jamil Zeno,محمد بن جميل زينو,guidance-for-sisters,0.6,,https://islamhouse.com/ar/books/314994/
,possible-dupe,الأصول الثلاثة الواجب على كل مسلم ومسلمة تعلمها,alaswl althlathh alwajb aly kl mslm wmslmh talmha,Muhammad ibn Abd al-Wahhab,محمد بن عبد الوهاب,aqeedah,0.1,,https://islamhouse.com/ar/books/2397/
,possible-dupe,الدرة المختصرة في محاسن الدين الإسلامي,aldrh almkhtsrh fy mhasn aldyn alaslamy,Abd al-Rahman al-Sa'di,عبد الرحمن بن ناصر السعدي,quran-studies,0.4,,https://islamhouse.com/ar/books/2135/
,possible-dupe,التحذير من المدارس الأجنبية,althdhyr mn almdars alajnbyh,Abd al-Rahman al-Sa'di,عبد الرحمن بن ناصر السعدي,quran-studies,8.1,,https://islamhouse.com/ar/books/205548/
,possible-dupe,المدارس العالمية الأجنبية الاستعمارية تاريخها ومخاطرها,almdars alaalmyh alajnbyh alastamaryh tarykhha wmkhatrha,Bakr Abu Zayd,بكر بن عبد الله أبو زيد,islamic-history,0.5,,https://islamhouse.com/ar/books/117118/
x,ok,التحذير من التكلف في قراءة القرآن الكريم,althdhyr mn altklf fy qrah alqran alkrym,Abd al-Muhsin al-Qasim,عبد المحسن القاسم,quran-studies,1.8,,https://islamhouse.com/ar/books/2837709/
x,ok,كتاب الله عز وجل ومكانته العظيمة,ktab allh az wjl wmkanth alazymh,Abd al-Aziz Al al-Shaykh,عبد العزيز آل الشيخ,quran-studies,2.3,,https://islamhouse.com/ar/books/794368/
,possible-dupe,التمسك بالقرآن الكريم وأثره في حياة المسلمين,altmsk balqran alkrym wathrh fy hyah almslmyn,Muhammad al-Amin al-Shinqiti,محمد الأمين الشنقيطي,quran-studies,0.9,,https://islamhouse.com/ar/books/422806/
,possible-dupe,فضائل القرآن,fdayl alqran,Muhammad ibn Abd al-Wahhab,محمد بن عبد الوهاب,quran-studies,4,,https://islamhouse.com/ar/books/264162/
,possible-dupe,عظمة القرآن الكريم وتعظيمه وأثره في النفوس في ضوء الكتاب والسنة,azmh alqran alkrym wtazymh wathrh fy alnfws fy dw alktab walsnh,Sa'id ibn Ali al-Qahtani,سعيد بن علي بن وهف القحطاني,quran-studies,1.7,,https://islamhouse.com/ar/books/193666/
,possible-dupe,كتاب فضائل القرآن,ktab fdayl alqran,Ibn Kathir,ابن كثير,quran-studies,4.9,,https://islamhouse.com/ar/books/141451/
x,ok,‏فتح الرب الوهاب ببيان معاني آي الكتاب -مختصر تفسير الفاتحة والعشر الأخير-,fth alrb alwhab bbyan maany ay alktab mkhtsr tfsyr alfathh walashr alakhyr,Abd al-Aziz al-Rajihi,عبد العزيز الراجحي,quran-studies,23.9,,https://islamhouse.com/ar/books/2836761/
x,ok,تفسير جزء عم,tfsyr jz am,Abd al-Rahman al-Barrak,عبد الرحمن البراك,quran-studies,28.3,,https://islamhouse.com/ar/books/2831120/
x,ok,"تفسير ""جزء تبارك"" وفوائده وأحكامه",tfsyr jz tbark wfwaydh wahkamh,Abd al-Rahman al-Barrak,عبد الرحمن البراك,quran-studies,6.8,,https://islamhouse.com/ar/books/2831082/
,possible-dupe,تأملات في قوله تعالى: {ورضوان من الله أكبر},tamlat fy qwlh taaly wrdwan mn allh akbr,Abd al-Razzaq al-Badr,عبد الرزاق بن عبد المحسن البدر,quran-studies,1.5,,https://islamhouse.com/ar/books/2825357/
,possible-dupe,من هدايات سورة الفاتحة,mn hdayat swrh alfathh,Abd al-Razzaq al-Badr,عبد الرزاق بن عبد المحسن البدر,quran-studies,6.9,,https://islamhouse.com/ar/books/2824755/
,possible-dupe,تعقيبات وملاحظات على كتاب صفوة التفاسير,taqybat wmlahzat aly ktab sfwh altfasyr,Salih al-Fawzan,صالح بن فوزان الفوزان,quran-studies,0.6,,https://islamhouse.com/ar/books/2821815/
,possible-dupe,التعليق على مقدمة تفسير ابن كثير مع سورة الفاتحة,altalyq aly mqdmh tfsyr abn kthyr ma swrh alfathh,Abd al-Aziz ibn Baz,عبد العزيز بن باز,quran-studies,45,,https://islamhouse.com/ar/books/2800075/
,possible-dupe,فوائد من التفسير,fwayd mn altfsyr,Abd al-Aziz ibn Baz,عبد العزيز بن باز,quran-studies,8.7,,https://islamhouse.com/ar/books/2800074/
,possible-dupe,أيهما أولى بالترجمة: أترجمة معاني القرآن الكريم أم تفسير العلماء له؟,ayhma awly baltrjmh atrjmh maany alqran alkrym am tfsyr alalma lh,Salih al-Fawzan,صالح بن فوزان الفوزان,quran-studies,0.7,,https://islamhouse.com/ar/books/459990/
,possible-dupe,تفسير سورة الناس,tfsyr swrh alnas,Muhammad ibn Abd al-Wahhab,محمد بن عبد الوهاب,quran-studies,1.4,,https://islamhouse.com/ar/books/364169/
,possible-dupe,تفسير سورة الفلق,tfsyr swrh alflq,Muhammad ibn Abd al-Wahhab,محمد بن عبد الوهاب,quran-studies,0.9,,https://islamhouse.com/ar/books/364168/
,possible-dupe,تفسير الفاتحة [ المختصر ],tfsyr alfathh almkhtsr,Muhammad ibn Abd al-Wahhab,محمد بن عبد الوهاب,quran-studies,0.7,,https://islamhouse.com/ar/books/364167/
,possible-dupe,تفسير الفاتحة,tfsyr alfathh,Muhammad ibn Abd al-Wahhab,محمد بن عبد الوهاب,quran-studies,0.9,,https://islamhouse.com/ar/books/364166/
,possible-dupe,تأملات في قوله تعالى: { وأزواجه أمهاتهم },tamlat fy qwlh taaly wazwajh amhathm,Abd al-Razzaq al-Badr,عبد الرزاق بن عبد المحسن البدر,quran-studies,0.5,,https://islamhouse.com/ar/books/316843/
,possible-dupe,من أحكام سورة المائدة,mn ahkam swrh almaydh,Sa'id ibn Ali al-Qahtani,سعيد بن علي بن وهف القحطاني,quran-studies,0.7,,https://islamhouse.com/ar/books/272703/
,possible-dupe,مختصر تفسير سورة الأنفال,mkhtsr tfsyr swrh alanfal,Muhammad ibn Abd al-Wahhab,محمد بن عبد الوهاب,quran-studies,0.4,,https://islamhouse.com/ar/books/264185/
,possible-dupe,تفسير آيات من القرآن الكريم,tfsyr ayat mn alqran alkrym,Muhammad ibn Abd al-Wahhab,محمد بن عبد الوهاب,quran-studies,5.4,,https://islamhouse.com/ar/books/264163/
,possible-dupe,تيسير اللطيف المنان في خلاصة تفسير القرآن,tysyr alltyf almnan fy khlash tfsyr alqran,Abd al-Rahman al-Sa'di,عبد الرحمن بن ناصر السعدي,quran-studies,10,,https://islamhouse.com/ar/books/117071/
,possible-dupe,أيسر التفاسير لكلام العلي الكبير,aysr altfasyr lklam alaly alkbyr,Abu Bakr al-Jaza'iri,أبو بكر جابر الجزائري,quran-studies,18.2,,https://islamhouse.com/ar/books/2624/
,possible-dupe,تفسير ابن كثير [ تفسير القرآن العظيم ],tfsyr abn kthyr tfsyr alqran alazym,Ibn Kathir,ابن كثير,quran-studies,13.5,,https://islamhouse.com/ar/books/2458/
,possible-dupe,تفسير وبيان لأعظم سورة في القرآن,tfsyr wbyan laazm swrh fy alqran,Muhammad ibn Jamil Zeno,محمد بن جميل زينو,quran-studies,2.1,,https://islamhouse.com/ar/books/1893/
,possible-dupe,حديث الصباح,hdyth alsbah,Abd al-Aziz ibn Baz,عبد العزيز بن باز,quran-studies,17.5,,https://islamhouse.com/ar/books/2828164/
,possible-dupe,دفع إيهام الاضطراب عن آيات الكتاب,dfa ayham aladtrab an ayat alktab,Muhammad al-Amin al-Shinqiti,محمد الأمين الشنقيطي,quran-studies,4.4,,https://islamhouse.com/ar/books/2827175/
,possible-dupe,العذب النمير في مجالس الشنقيطي في التفسير,aladhb alnmyr fy mjals alshnqyty fy altfsyr,Muhammad al-Amin al-Shinqiti,محمد الأمين الشنقيطي,quran-studies,10.9,,https://islamhouse.com/ar/books/2826711/
,possible-dupe,حديث المساء من الدروس والمحاضرات والتعليقات,hdyth almsa mn aldrws walmhadrat waltalyqat,Abd al-Aziz ibn Baz,عبد العزيز بن باز,quran-studies,9,,https://islamhouse.com/ar/books/2801506/
,possible-dupe,نداءات الرحمن لأهل الإيمان,ndaat alrhmn lahl alayman,Abu Bakr al-Jaza'iri,أبو بكر جابر الجزائري,quran-studies,10.6,,https://islamhouse.com/ar/books/364378/
,possible-dupe,تدبر القرآن,tdbr alqran,Salih al-Fawzan,صالح بن فوزان الفوزان,quran-studies,3.2,,https://islamhouse.com/ar/books/314800/
,dupe-internal,الرسالة التبوكية,alrsalh altbwkyh,Ibn al-Qayyim,ابن قيم الجوزية,quran-studies,1.7,,https://islamhouse.com/ar/books/265605/
,possible-dupe,المواهب الربانية من الآيات القرآنية,almwahb alrbanyh mn alayat alqranyh,Abd al-Rahman al-Sa'di,عبد الرحمن بن ناصر السعدي,quran-studies,4.5,,https://islamhouse.com/ar/books/205545/
,possible-dupe,تفسير السعدي,tfsyr alsady,Abd al-Rahman al-Sa'di,عبد الرحمن بن ناصر السعدي,quran-studies,42.9,,https://islamhouse.com/ar/books/2422/
,review,طبقات المفسرين,tbqat almfsryn,al-Suyuti,السيوطي,quran-studies,4.4,,https://islamhouse.com/ar/books/810342/
,possible-dupe,شرح مقدمة في أصول التفسير لابن تيمية,shrh mqdmh fy aswl altfsyr labn tymyh,Salih Al al-Shaykh,صالح بن عبد العزيز آل الشيخ,quran-studies,3.6,,https://islamhouse.com/ar/books/420069/
,possible-dupe,القواعد الحسان المتعلقة بتفسير القرآن,alqwaad alhsan almtalqh btfsyr alqran,Abd al-Rahman al-Sa'di,عبد الرحمن بن ناصر السعدي,quran-studies,0.7,,https://islamhouse.com/ar/books/205542/
,possible-dupe,كيف يجب أن نفسر القرآن الكريم؟,kyf yjb an nfsr alqran alkrym,Muhammad Nasir al-Din al-Albani,محمد ناصر الدين الألباني,quran-studies,0.1,,https://islamhouse.com/ar/books/2073/
,possible-dupe,مقدمة في أصول التفسير,mqdmh fy aswl altfsyr,Ibn Taymiyyah,ابن تيمية,quran-studies,6.6,,https://islamhouse.com/ar/books/2832698/
x,ok,توضيح مقدمة التفسير لشيخ الإسلام ابن تيمية,twdyh mqdmh altfsyr lshykh alaslam abn tymyh,Abd al-Rahman al-Barrak,عبد الرحمن البراك,quran-studies,9.3,,https://islamhouse.com/ar/books/2831119/
x,review,سلسلة القراءات العشر,slslh alqraat alashr,Abd al-Muhsin al-Qasim,عبد المحسن القاسم,spiritual-healing,9.6,,https://islamhouse.com/ar/books/2842720/
x,ok,أسهل طريقة لحفظ القرآن الكريم وطلب العلم الشرعي,ashl tryqh lhfz alqran alkrym wtlb alalm alshray,Abd al-Muhsin al-Qasim,عبد المحسن القاسم,quran-studies,3,,https://islamhouse.com/ar/books/2837711/
x,ok,أسهل طريقة لحفظ القرآن الكريم,ashl tryqh lhfz alqran alkrym,Abd al-Muhsin al-Qasim,عبد المحسن القاسم,quran-studies,2,,https://islamhouse.com/ar/books/2828946/
,possible-dupe,مختصر أخلاق حملة القرآن,mkhtsr akhlaq hmlh alqran,al-Ajurri,الآجري,quran-studies,1,,https://islamhouse.com/ar/books/2829485/
,possible-dupe,بدع القراء القديمة والمعاصرة,bda alqra alqdymh walmaasrh,Bakr Abu Zayd,بكر بن عبد الله أبو زيد,quran-studies,0.8,,https://islamhouse.com/ar/books/79741/
,possible-dupe,الفوائد,alfwayd,Ibn al-Qayyim,ابن قيم الجوزية,hadith-studies,7.5,,https://islamhouse.com/ar/books/2841150/
,possible-dupe,المنار المنيف في الصحيح والضعيف,almnar almnyf fy alshyh waldayf,Ibn al-Qayyim,ابن قيم الجوزية,hadith-studies,8.2,,https://islamhouse.com/ar/books/2841142/
x,ok,الإقناع,alaqnaa,Ibn al-Mundhir,ابن المنذر,hadith-studies,13,,https://islamhouse.com/ar/books/2824352/
,possible-dupe,أحاديث الصيام : أحكام وآداب,ahadyth alsyam ahkam wadab,Salih al-Fawzan,صالح بن فوزان الفوزان,hadith-studies,2.5,,https://islamhouse.com/ar/books/2822215/
,possible-dupe,فوائد من شرح سنن الترمذي,fwayd mn shrh snn altrmdhy,Abd al-Aziz ibn Baz,عبد العزيز بن باز,hadith-studies,6,,https://islamhouse.com/ar/books/2800968/
,possible-dupe,فوائد من شرح صحيح البخاري,fwayd mn shrh shyh albkhary,Abd al-Aziz ibn Baz,عبد العزيز بن باز,hadith-studies,9.8,,https://islamhouse.com/ar/books/2800967/
,possible-dupe,شرح حديث ما ذئبان جائعان,shrh hdyth ma dhyban jayaan,Ibn Rajab al-Hanbali,ابن رجب الحنبلي,hadith-studies,0.8,,https://islamhouse.com/ar/books/471714/
,possible-dupe,التحفة الكريمة في بيان كثيرٍ من الأحاديث الموضوعة والسقيمة,althfh alkrymh fy byan kthyr mn alahadyth almwdwah walsqymh,Abd al-Aziz ibn Baz,عبد العزيز بن باز,hadith-studies,14.4,,https://islamhouse.com/ar/books/414108/
,possible-dupe,شرح حديث: «يتبع الميتَ ثلاثة»,shrh hdyth ytba almyt thlathh,Ibn Rajab al-Hanbali,ابن رجب الحنبلي,hadith-studies,0.4,,https://islamhouse.com/ar/books/407381/
,possible-dupe,شرح حديث جبريل عليه السلام,shrh hdyth jbryl alyh alslam,Ibn Rajab al-Hanbali,ابن رجب الحنبلي,hadith-studies,0.5,,https://islamhouse.com/ar/books/407380/
,review,أحاديث السلسلة الذهبية,ahadyth alslslh aldhhbyh,Ibn Hajar al-Asqalani,ابن حجر العسقلاني,hadith-studies,0.4,,https://islamhouse.com/ar/books/407344/
,possible-dupe,الأحاديث الواردة في قراءة سورة الكهف يوم الجمعة - دراسة حديثية,alahadyth alwardh fy qrah swrh alkhf ywm aljmah drash hdythyh,Salih al-Fawzan,صالح بن فوزان الفوزان,hadith-studies,0.5,,https://islamhouse.com/ar/books/396402/
,review,المطالب العالية بزوائد المسانيد الثمانية,almtalb alaalyh bzwayd almsanyd althmanyh,Ibn Hajar al-Asqalani,ابن حجر العسقلاني,hadith-studies,12.6,,https://islamhouse.com/ar/books/388662/
x,ok,مختصر صحيح البخاري,mkhtsr shyh albkhary,Sa'd al-Shithri,سعد الشثري,hadith-studies,11.8,,https://islamhouse.com/ar/books/388632/
,possible-dupe,الجامع الصحيح مما ليس في الصحيحين,aljama alshyh mma lys fy alshyhyn,Muqbil ibn Hadi al-Wadi'i,مقبل بن هادي الوادعي,hadith-studies,5.9,,https://islamhouse.com/ar/books/380514/
,possible-dupe,الصحيح المسند من دلائل النبوة,alshyh almsnd mn dlayl alnbwh,Muqbil ibn Hadi al-Wadi'i,مقبل بن هادي الوادعي,hadith-studies,10.5,,https://islamhouse.com/ar/books/380508/
,possible-dupe,شرح حديث سيد الاستغفار,shrh hdyth syd alastghfar,Abd al-Razzaq al-Badr,عبد الرزاق بن عبد المحسن البدر,hadith-studies,0.9,,https://islamhouse.com/ar/books/344684/
,possible-dupe,تأملات في مماثلة المؤمن للنخلة,tamlat fy mmathlh almwmn llnkhlh,Abd al-Razzaq al-Badr,عبد الرزاق بن عبد المحسن البدر,hadith-studies,0.6,,https://islamhouse.com/ar/books/316844/
,possible-dupe,فقه الدعوة في صحيح الإمام البخاري,fqh aldawh fy shyh alamam albkhary,Sa'id ibn Ali al-Qahtani,سعيد بن علي بن وهف القحطاني,hadith-studies,25.3,,https://islamhouse.com/ar/books/276145/
,possible-dupe,التحديث بما قيل لا يصح فيه حديث,althdyth bma qyl la ysh fyh hdyth,Bakr Abu Zayd,بكر بن عبد الله أبو زيد,hadith-studies,2.6,,https://islamhouse.com/ar/books/169195/
,possible-dupe,سنن ابن ماجه,snn abn majh,Ibn Majah,ابن ماجه,hadith-studies,17.7,,https://islamhouse.com/ar/books/140683/
,possible-dupe,سنن الترمذي,snn altrmdhy,al-Tirmidhi,محمد بن عيسى الترمذي,hadith-studies,25.2,,https://islamhouse.com/ar/books/140682/
,possible-dupe,سنن أبي داود,snn aby dawd,Abu Dawud al-Sijistani,أبو داود السجستاني,hadith-studies,24.2,,https://islamhouse.com/ar/books/140678/
,possible-dupe,صحيح مسلم,shyh mslm,Imam Muslim,مسلم بن الحجاج,hadith-studies,46.4,,https://islamhouse.com/ar/books/140676/
,review,رياض الصالحين,ryad alsalhyn,al-Nawawi,النووي,hadith-studies,11.2,,https://islamhouse.com/ar/books/111275/
x,review,بهجة قلوب الأبرار وقرة عيون الأخيار في شرح جوامع الأخبار,bhjh qlwb alabrar wqrh aywn alakhyar fy shrh jwama alakhbar,Abd al-Rahman al-Sa'di,عبد الرحمن بن ناصر السعدي,hadith-studies,54.8,,https://islamhouse.com/ar/books/79493/
,possible-dupe,صحيح البخاري,shyh albkhary,Imam al-Bukhari,محمد بن إسماعيل البخاري,hadith-studies,37.2,,https://islamhouse.com/ar/books/72992/
x,review,شرح كتاب التوحيد من صحيح البخاري,shrh ktab altwhyd mn shyh albkhary,Abdullah al-Ghunayman,عبد الله الغنيمان,hadith-studies,9.4,,https://islamhouse.com/ar/books/49890/
,possible-dupe,أحاديث عشر ذي الحجة وأيام التشريق أحكام وآداب ويليها رسالة في أحاديث شهر الله المحرم,ahadyth ashr dhy alhjh wayam altshryq ahkam wadab wylyha rsalh fy ahadyth shhr allh almhrm,Salih al-Fawzan,صالح بن فوزان الفوزان,hadith-studies,0.8,,https://islamhouse.com/ar/books/2154/
,possible-dupe,جامع العلوم والحكم في شرح خمسين حديثا من جوامع الكلم,jama alalwm walhkm fy shrh khmsyn hdytha mn jwama alklm,Ibn Rajab al-Hanbali,ابن رجب الحنبلي,hadith-studies,16.6,,https://islamhouse.com/ar/books/2097/
,possible-dupe,مسند الإمام أحمد,msnd alamam ahmd,Imam Ahmad ibn Hanbal,أحمد بن حنبل,hadith-studies,11.1,,https://islamhouse.com/ar/books/480588/
,possible-dupe,الأدب المفرد,aladb almfrd,Imam al-Bukhari,محمد بن إسماعيل البخاري,hadith-studies,9.9,,https://islamhouse.com/ar/books/469536/
x,review,الجامع لما في الصحيحين,aljama lma fy alshyhyn,Abd al-Muhsin al-Qasim,عبد المحسن القاسم,hadith-studies,5.6,,https://islamhouse.com/ar/books/2837622/
,possible-dupe,تهذيب سنن أبي داود وإيضاح علله ومشكلاته,thdhyb snn aby dawd waydah allh wmshklath,Ibn al-Qayyim,ابن قيم الجوزية,hadith-studies,8.9,,https://islamhouse.com/ar/books/2831718/
x,review,منحة الملك الجليل شرح صحيح محمد بن إسماعيل,mnhh almlk aljlyl shrh shyh mhmd bn asmaayl,Abd al-Aziz al-Rajihi,عبد العزيز الراجحي,hadith-studies,47.5,,https://islamhouse.com/ar/books/2830759/
x,review,توفيق الرب المنعم بشرح صحيح الإمام مسلم,twfyq alrb almnam bshrh shyh alamam mslm,Abd al-Aziz al-Rajihi,عبد العزيز الراجحي,hadith-studies,20.4,,https://islamhouse.com/ar/books/2830758/
,possible-dupe,الفوائد المجنية من التعليقات البازية على صحيح البخاري,alfwayd almjnyh mn altalyqat albazyh aly shyh albkhary,Sa'id ibn Ali al-Qahtani,سعيد بن علي بن وهف القحطاني,hadith-studies,22,,https://islamhouse.com/ar/books/2824521/
,possible-dupe,دليل أرباب الفلاح تحقيق فن الاصطلاح,dlyl arbab alflah thqyq fn alastlah,Hafiz al-Hakami,حافظ بن أحمد الحكمي,hadith-studies,1.3,,https://islamhouse.com/ar/books/2826182/
,possible-dupe,وجوب لزوم السنة والحذر من البدعة,wjwb lzwm alsnh walhdhr mn albdah,Abd al-Aziz ibn Baz,عبد العزيز بن باز,hadith-studies,0.1,,https://islamhouse.com/ar/books/2822175/
,possible-dupe,فوائد من شرح اختصار علوم الحديث,fwayd mn shrh akhtsar alwm alhdyth,Abd al-Aziz ibn Baz,عبد العزيز بن باز,hadith-studies,3.3,,https://islamhouse.com/ar/books/2800282/
,possible-dupe,مكانة السنة في الإسلام,mkanh alsnh fy alaslam,Salih al-Fawzan,صالح بن فوزان الفوزان,hadith-studies,0.1,,https://islamhouse.com/ar/books/496744/
,possible-dupe,المنظومة اللامية في الناسخ والمنسوخ,almnzwmh allamyh fy alnaskh walmnswkh,Hafiz al-Hakami,حافظ بن أحمد الحكمي,hadith-studies,1.8,,https://islamhouse.com/ar/books/474276/
,possible-dupe,تعريفات في فن علم المصطلح,taryfat fy fn alm almstlh,Hafiz al-Hakami,حافظ بن أحمد الحكمي,hadith-studies,0.6,,https://islamhouse.com/ar/books/474273/
,possible-dupe,120 سؤال وجواب في مصطلح الحديث وعلومه,120 swal wjwab fy mstlh alhdyth walwmh,Hafiz al-Hakami,حافظ بن أحمد الحكمي,hadith-studies,4.7,,https://islamhouse.com/ar/books/474260/
,possible-dupe,منزلة السنة في الإسلام وبيان أنه لا يُستغنى عنها بالقرآن,mnzlh alsnh fy alaslam wbyan anh la ystghny anha balqran,Muhammad Nasir al-Din al-Albani,محمد ناصر الدين الألباني,hadith-studies,0.2,,https://islamhouse.com/ar/books/474044/
,possible-dupe,المقترح في أجوبة بعض أسئلة المصطلح,almqtrh fy ajwbh bad asylh almstlh,Muqbil ibn Hadi al-Wadi'i,مقبل بن هادي الوادعي,hadith-studies,3,,https://islamhouse.com/ar/books/380513/
,possible-dupe,أحاديث معلة ظاهرها الصحة,ahadyth malh zahrha alshh,Muqbil ibn Hadi al-Wadi'i,مقبل بن هادي الوادعي,hadith-studies,8.6,,https://islamhouse.com/ar/books/380512/
,possible-dupe,تشجير أهم الكتب الفقهية المطبوعة على المذاهب الأربعة,tshjyr ahm alktb alfqhyh almtbwah aly almdhahb alarbah,Salih al-Fawzan,صالح بن فوزان الفوزان,hadith-studies,4.4,,https://islamhouse.com/ar/books/353501/
,possible-dupe,الباعث الحثيث شرح اختصار علوم الحديث,albaath alhthyth shrh akhtsar alwm alhdyth,Ibn Kathir,ابن كثير,hadith-studies,5.2,,https://islamhouse.com/ar/books/205051/
x,ok,الاعتصام بالكتاب والسنة أصل السعادة في الدنيا والآخرة ونجاة من مضلات الفتن,alaatsam balktab walsnh asl alsaadh fy aldnya walakhrh wnjah mn mdlat alftn,Sa'id ibn Ali al-Qahtani,سعيد بن علي بن وهف القحطاني,hadith-studies,0.5,,https://islamhouse.com/ar/books/193663/
,possible-dupe,وجوب العمل بسنة الرسول صلى الله عليه وسلم وكفر من أنكرها,wjwb alaml bsnh alrswl sly allh alyh wslm wkfr mn ankrha,Abd al-Aziz ibn Baz,عبد العزيز بن باز,hadith-studies,0.6,,https://islamhouse.com/ar/books/102358/
,possible-dupe,اللؤلؤ المكنون في أحوال الأسانيد والمتون,allwlw almknwn fy ahwal alasanyd walmtwn,Hafiz al-Hakami,حافظ بن أحمد الحكمي,hadith-studies,0.2,,https://islamhouse.com/ar/books/2477/
,possible-dupe,وجوب الاعتصام بكتاب الله عز وجل وسنة رسوله صلى الله عليه وسلم,wjwb alaatsam bktab allh az wjl wsnh rswlh sly allh alyh wslm,Abd al-Aziz ibn Baz,عبد العزيز بن باز,hadith-studies,1,,https://islamhouse.com/ar/books/2828184/
,dupe-internal,المنار المنيف في الصحيح والضعيف,almnar almnyf fy alshyh waldayf,Ibn al-Qayyim,ابن قيم الجوزية,hadith-studies,2.7,,https://islamhouse.com/ar/books/2827801/
,possible-dupe,تأصيل ترجمة السنة والسيرة النبوية من خلال القواعد الفقهية,tasyl trjmh alsnh walsyrh alnbwyh mn khlal alqwaad alfqhyh,Sa'id ibn Ali al-Qahtani,سعيد بن علي بن وهف القحطاني,hadith-studies,0.3,,https://islamhouse.com/ar/books/460220/
,review,ألفية السيوطي,alfyh alsywty,al-Suyuti,السيوطي,hadith-studies,12.4,,https://islamhouse.com/ar/books/2833510/
,review,نزهة النظر في توضيح نخبة الفكر,nzhh alnzr fy twdyh nkhbh alfkr,Ibn Hajar al-Asqalani,ابن حجر العسقلاني,hadith-studies,30.8,,https://islamhouse.com/ar/books/2832285/
x,ok,التعليقات الملاح على تهذيب مقدمة ابن الصلاح,altalyqat almlah aly thdhyb mqdmh abn alslah,Abd al-Aziz al-Rajihi,عبد العزيز الراجحي,hadith-studies,3.2,,https://islamhouse.com/ar/books/2830672/
,review,نخبة الفكر في مصطلح أهل الأثر,nkhbh alfkr fy mstlh ahl alathr,Ibn Hajar al-Asqalani,ابن حجر العسقلاني,hadith-studies,10.6,,https://islamhouse.com/ar/books/2829022/
x,ok,شرح المنظومة البيقونية,shrh almnzwmh albyqwnyh,Abd al-Muhsin al-Qasim,عبد المحسن القاسم,hadith-studies,0.4,,https://islamhouse.com/ar/books/2828963/
,possible-dupe,التعليقات البازية على نزهة النظر شرح نخبة الفكر,altalyqat albazyh aly nzhh alnzr shrh nkhbh alfkr,Abd al-Aziz ibn Baz,عبد العزيز بن باز,hadith-studies,1.1,,https://islamhouse.com/ar/books/2828090/
,possible-dupe,الدرة اليتيمة في تخريج أحاديث التحفة الكريمة,aldrh alytymh fy tkhryj ahadyth althfh alkrymh,Abd al-Aziz ibn Baz,عبد العزيز بن باز,hadith-studies,10,,https://islamhouse.com/ar/books/2828091/
,possible-dupe,الأحاديث الضعيفة والموضوعة التي حكم عليها ابن باز في مجموع الفتاوى,alahadyth aldayfh walmwdwah alty hkm alyha abn baz fy mjmwa alftawy,Abd al-Aziz ibn Baz,عبد العزيز بن باز,hadith-studies,10.4,,https://islamhouse.com/ar/books/2828064/
,possible-dupe,الأصبهانية,alasbhanyh,Ibn Taymiyyah,ابن تيمية,aqeedah,167.4,,https://islamhouse.com/ar/books/2843743/
,possible-dupe,شرح كتاب التوحيد,shrh ktab altwhyd,Muhammad ibn Ibrahim Al al-Shaykh,محمد بن إبراهيم آل الشيخ,aqeedah,19.1,,https://islamhouse.com/ar/books/2843567/
,dupe-internal,الصواعق المرسلة على الجهمية والمعطلة,alswaaq almrslh aly aljhmyh walmatlh,Ibn al-Qayyim,ابن قيم الجوزية,aqeedah,15.5,,https://islamhouse.com/ar/books/2841135/
x,ok,قواعد الأسماء والصفات مع بيان أسماء الله الحسنى ومعانيها,qwaad alasma walsfat ma byan asma allh alhsny wmaanyha,Abd al-Muhsin al-Qasim,عبد المحسن القاسم,aqeedah,2.1,,https://islamhouse.com/ar/books/2840805/
x,ok,معتقد أهل السنة والجماعة كما نقله الكرماني,matqd ahl alsnh waljmaah kma nqlh alkrmany,Harb al-Kirmani,حرب الكرماني,aqeedah,4,,https://islamhouse.com/ar/books/2838845/
,possible-dupe,مختصر الإيمان الكبير,mkhtsr alayman alkbyr,Muhammad ibn Abd al-Wahhab,محمد بن عبد الوهاب,aqeedah,3,,https://islamhouse.com/ar/books/2838796/
,possible-dupe,شرح عقيدة الإمام المجدد محمد بن عبد الوهاب,shrh aqydh alamam almjdd mhmd bn abd alwhab,Salih al-Fawzan,صالح بن فوزان الفوزان,aqeedah,3.2,,https://islamhouse.com/ar/books/2838775/
,possible-dupe,شرح السنة للبربهاري,shrh alsnh llbrbhary,al-Barbahari,البربهاري,aqeedah,2.9,,https://islamhouse.com/ar/books/2838774/
x,ok,فتاوى العقيدة,ftawy alaqydh,Abd al-Rahman al-Barrak,عبد الرحمن البراك,aqeedah,8.7,,https://islamhouse.com/ar/books/2838669/
,possible-dupe,أحاديث الإيمان,ahadyth alayman,Abd al-Razzaq al-Badr,عبد الرزاق بن عبد المحسن البدر,aqeedah,10.9,,https://islamhouse.com/ar/books/2838123/
,possible-dupe,شرح ثلاثة الأصول,shrh thlathh alaswl,Abd al-Muhsin al-Qasim,عبد المحسن القاسم,aqeedah,36.5,,https://islamhouse.com/ar/books/2837734/
,possible-dupe,مقدمة مختصرة في العقيدة,mqdmh mkhtsrh fy alaqydh,Abd al-Rahman al-Sa'di,عبد الرحمن بن ناصر السعدي,aqeedah,1,,https://islamhouse.com/ar/books/2837492/
,possible-dupe,فتاوى في العقيدة,ftawy fy alaqydh,Abd al-Aziz ibn Baz,عبد العزيز بن باز,aqeedah,2.4,,https://islamhouse.com/ar/books/2837483/
,possible-dupe,حقيقة التوحيد والشرك,hqyqh altwhyd walshrk,Abd al-Aziz ibn Baz,عبد العزيز بن باز,aqeedah,2,,https://islamhouse.com/ar/books/2837482/
,possible-dupe,شرح أصول الإيمان,shrh aswl alayman,Abd al-Razzaq al-Badr,عبد الرزاق بن عبد المحسن البدر,aqeedah,10,,https://islamhouse.com/ar/books/2837471/
,possible-dupe,شرح القواعد الأربع,shrh alqwaad alarba,Abd al-Razzaq al-Badr,عبد الرزاق بن عبد المحسن البدر,aqeedah,6,,https://islamhouse.com/ar/books/2837466/
,possible-dupe,شرح مسائل الجاهلية [ للشيخ عبد الرزاق البدر ],shrh msayl aljahlyh llshykh abd alrzaq albdr,Abd al-Razzaq al-Badr,عبد الرزاق بن عبد المحسن البدر,aqeedah,3.9,,https://islamhouse.com/ar/books/2837465/
,possible-dupe,الإشارة إلى ما في القرآن من براهين التوحيد وصدق الرسالة,alasharh aly ma fy alqran mn brahyn altwhyd wsdq alrsalh,Abd al-Rahman al-Sa'di,عبد الرحمن بن ناصر السعدي,aqeedah,0.2,,https://islamhouse.com/ar/books/2835855/
,possible-dupe,الواسطة بين الحق والخلق,alwasth byn alhq walkhlq,Muhammad ibn Jamil Zeno,محمد بن جميل زينو,aqeedah,0.2,,https://islamhouse.com/ar/books/2835540/
,possible-dupe,التكفير وضوابطه,altkfyr wdwabth,Salih al-Fawzan,صالح بن فوزان الفوزان,aqeedah,16.5,,https://islamhouse.com/ar/books/2835391/
,possible-dupe,تقرير علو الرب عز وجل على جميع خلقه فوق السماء السابعة,tqryr alw alrb az wjl aly jmya khlqh fwq alsma alsabah,Abd al-Rahman ibn Hasan Al al-Shaykh,عبد الرحمن بن حسن آل الشيخ,aqeedah,0.2,,https://islamhouse.com/ar/books/2834869/
,possible-dupe,رسائل متنوعة في التوحيد,rsayl mtnwah fy altwhyd,Muhammad ibn Abd al-Wahhab,محمد بن عبد الوهاب,aqeedah,0.2,,https://islamhouse.com/ar/books/2834825/
,possible-dupe,اللباب الصافية في عقيدة الفرقة الناجية,allbab alsafyh fy aqydh alfrqh alnajyh,Sa'id ibn Ali al-Qahtani,سعيد بن علي بن وهف القحطاني,aqeedah,0.6,,https://islamhouse.com/ar/books/2832954/
x,ok,شرح رسالة كلمة الإخلاص,shrh rsalh klmh alakhlas,Abd al-Rahman al-Barrak,عبد الرحمن البراك,aqeedah,3.3,,https://islamhouse.com/ar/books/2831100/
x,ok,شرح العقيدة التدمرية,shrh alaqydh altdmryh,Abd al-Rahman al-Barrak,عبد الرحمن البراك,aqeedah,112.7,,https://islamhouse.com/ar/books/2831099/
x,ok,التعليق على القواعد المثلى,altalyq aly alqwaad almthly,Abd al-Rahman al-Barrak,عبد الرحمن البراك,aqeedah,4.2,,https://islamhouse.com/ar/books/2828520/
x,ok,إرشاد العباد إلى معاني لمعة الاعتقاد,arshad alabad aly maany lmah alaatqad,Abd al-Rahman al-Barrak,عبد الرحمن البراك,aqeedah,3.4,,https://islamhouse.com/ar/books/2828513/
x,ok,"التعليقات على المسائل العقدية في كتاب ""التسهيل لعلوم التنزيل""",altalyqat aly almsayl alaqdyh fy ktab altshyl lalwm altnzyl,Abd al-Rahman al-Barrak,عبد الرحمن البراك,aqeedah,7,,https://islamhouse.com/ar/books/2828511/
x,ok,شرح القصيدة الدالية,shrh alqsydh aldalyh,Abd al-Rahman al-Barrak,عبد الرحمن البراك,aqeedah,13.9,,https://islamhouse.com/ar/books/2828510/
,possible-dupe,محاضرة في أصول الإيمان,mhadrh fy aswl alayman,Abd al-Aziz ibn Baz,عبد العزيز بن باز,aqeedah,1.1,,https://islamhouse.com/ar/books/2828178/
,possible-dupe,فتاوى مهمة تتعلق بالعقيدة,ftawy mhmh ttalq balaqydh,Abd al-Aziz ibn Baz,عبد العزيز بن باز,aqeedah,1.2,,https://islamhouse.com/ar/books/2828174/
,possible-dupe,التحذير من فتنة القبور,althdhyr mn ftnh alqbwr,Abd al-Aziz ibn Baz,عبد العزيز بن باز,aqeedah,3.4,,https://islamhouse.com/ar/books/2828085/
,possible-dupe,الأربعون البازية في العقيدة والعبادة والسلوك,alarbawn albazyh fy alaqydh walabadh walslwk,Abd al-Aziz ibn Baz,عبد العزيز بن باز,aqeedah,16.5,,https://islamhouse.com/ar/books/2828079/
,possible-dupe,قاعدة جامعة في توحيد الله وإخلاص الوجه والعمل له عبادة واستعانة,qaadh jamah fy twhyd allh wakhlas alwjh walaml lh abadh wastaanh,Ibn Taymiyyah,ابن تيمية,aqeedah,1.5,,https://islamhouse.com/ar/books/2827538/
,possible-dupe,كيف نحقق التوحيد,kyf nhqq altwhyd,Abd al-Aziz ibn Baz,عبد العزيز بن باز,aqeedah,2.6,,https://islamhouse.com/ar/books/2826054/
,possible-dupe,توضيح الكافية الشافية في الانتصار للفرقة الناجية,twdyh alkafyh alshafyh fy alantsar llfrqh alnajyh,Abd al-Rahman al-Sa'di,عبد الرحمن بن ناصر السعدي,aqeedah,4.9,,https://islamhouse.com/ar/books/2826006/
,possible-dupe,التوضيح والبيان لشجرة الإيمان,altwdyh walbyan lshjrh alayman,Abd al-Rahman al-Sa'di,عبد الرحمن بن ناصر السعدي,aqeedah,3.8,,https://islamhouse.com/ar/books/2825999/
,dupe-internal,شرح رسالة كلمة الإخلاص,shrh rsalh klmh alakhlas,Abd al-Rahman al-Barrak,عبد الرحمن البراك,aqeedah,3.2,,https://islamhouse.com/ar/books/2825905/
,possible-dupe,تعليم الصبيان التوحيد,talym alsbyan altwhyd,Muhammad ibn Abd al-Wahhab,محمد بن عبد الوهاب,aqeedah,0.5,,https://islamhouse.com/ar/books/2825587/
,possible-dupe,من معالم التوحيد,mn maalm altwhyd,Abd al-Razzaq al-Badr,عبد الرزاق بن عبد المحسن البدر,aqeedah,1.9,,https://islamhouse.com/ar/books/2825334/
,possible-dupe,المقالة المفيدة شرح حديث جامع في العقيدة,almqalh almfydh shrh hdyth jama fy alaqydh,Abd al-Razzaq al-Badr,عبد الرزاق بن عبد المحسن البدر,aqeedah,2.4,,https://islamhouse.com/ar/books/2824750/
,possible-dupe,سؤال وجواب في أهم المهمات,swal wjwab fy ahm almhmat,Abd al-Rahman al-Sa'di,عبد الرحمن بن ناصر السعدي,aqeedah,0.3,,https://islamhouse.com/ar/books/2816629/
,possible-dupe,كلمة التوحيد لا إله إلا الله فضائلها ومدلولها وشروطها ونواقضها,klmh altwhyd la alh ala allh fdaylha wmdlwlha wshrwtha wnwaqdha,Abd al-Razzaq al-Badr,عبد الرزاق بن عبد المحسن البدر,aqeedah,16.1,,https://islamhouse.com/ar/books/2816226/
,possible-dupe,الشرح والإبانة على أصول السنة والديانة [ الإبانة الصغرى ],alshrh walabanh aly aswl alsnh waldyanh alabanh alsghry,Ibn Battah al-Ukbari,ابن بطة العكبري,aqeedah,5.1,,https://islamhouse.com/ar/books/2814198/
,possible-dupe,أصول السنة للإمام أحمد بن حنبل,aswl alsnh llamam ahmd bn hnbl,Imam Ahmad ibn Hanbal,أحمد بن حنبل,aqeedah,0.2,,https://islamhouse.com/ar/books/2814036/
,possible-dupe,منهاج الفرقة الناجية والطائفة المنصورة,mnhaj alfrqh alnajyh waltayfh almnswrh,Muhammad ibn Jamil Zeno,محمد بن جميل زينو,aqeedah,0.6,,https://islamhouse.com/ar/books/2813211/
,possible-dupe,كيف اهتديت إلى التوحيد والصراط المستقيم؟,kyf ahtdyt aly altwhyd walsrat almstqym,Muhammad ibn Jamil Zeno,محمد بن جميل زينو,aqeedah,2.2,,https://islamhouse.com/ar/books/2809825/
,possible-dupe,مسائل في العقيدة وصفة الوضوء وصفة صلاة النبي صلى الله عليه وسلم والأذكار,msayl fy alaqydh wsfh alwdw wsfh slah alnby sly allh alyh wslm waladhkar,Abd al-Aziz ibn Baz,عبد العزيز بن باز,aqeedah,1.5,,https://islamhouse.com/ar/books/2804099/
,dupe-internal,حراسة التوحيد,hrash altwhyd,Abd al-Aziz ibn Baz,عبد العزيز بن باز,aqeedah,1.6,,https://islamhouse.com/ar/books/2803261/
,possible-dupe,الردود البازية في بعض المسائل العقدية,alrdwd albazyh fy bad almsayl alaqdyh,Abd al-Aziz ibn Baz,عبد العزيز بن باز,aqeedah,7.5,,https://islamhouse.com/ar/books/2801969/
,possible-dupe,العلماء والملوك والأمراء في عقيدة أهل السنة والجماعة,alalma walmlwk walamra fy aqydh ahl alsnh waljmaah,Sa'id ibn Ali al-Qahtani,سعيد بن علي بن وهف القحطاني,aqeedah,3.2,,https://islamhouse.com/ar/books/884593/
,possible-dupe,الأجوبة المفيدة عن بعض مسائل العقيدة,alajwbh almfydh an bad msayl alaqydh,Abd al-Aziz ibn Baz,عبد العزيز بن باز,aqeedah,0.4,,https://islamhouse.com/ar/books/794356/
,possible-dupe,أسباب زيادة الإيمان ونقصانه,asbab zyadh alayman wnqsanh,Abd al-Razzaq al-Badr,عبد الرزاق بن عبد المحسن البدر,aqeedah,3.7,,https://islamhouse.com/ar/books/478694/
,possible-dupe,دلائل التوحيد,dlayl altwhyd,Muhammad ibn Abd al-Wahhab,محمد بن عبد الوهاب,aqeedah,2.3,,https://islamhouse.com/ar/books/468592/
,possible-dupe,مفيد المستفيد في كفر تارك التوحيد,mfyd almstfyd fy kfr tark altwhyd,Muhammad ibn Abd al-Wahhab,محمد بن عبد الوهاب,aqeedah,0.8,,https://islamhouse.com/ar/books/453247/
,possible-dupe,وسائل الشيطان في غواية الإنسان,wsayl alshytan fy ghwayh alansan,Ibn Khuzaymah,ابن خزيمة,aqeedah,0.3,,https://islamhouse.com/ar/books/420624/
,possible-dupe,الفقه الأكبر,alfqh alakbr,Salih al-Fawzan,صالح بن فوزان الفوزان,aqeedah,0.2,,https://islamhouse.com/ar/books/420434/
,possible-dupe,مخالفات في العقيدة,mkhalfat fy alaqydh,Ibn Khuzaymah,ابن خزيمة,aqeedah,0.2,,https://islamhouse.com/ar/books/401607/
,possible-dupe,الأعراف والعادات القبلية المخالفة للشريعة الإسلامية,alaaraf walaadat alqblyh almkhalfh llshryah alaslamyh,Sa'id ibn Ali al-Qahtani,سعيد بن علي بن وهف القحطاني,aqeedah,6.4,,https://islamhouse.com/ar/books/396555/
x,ok,حقيقة الإيمان وبدع الإرجاء في القديم والحديث,hqyqh alayman wbda alarja fy alqdym walhdyth,Sa'd al-Shithri,سعد الشثري,aqeedah,1.6,,https://islamhouse.com/ar/books/388644/
,possible-dupe,شرح منهج الحق [ منظومة في العقيدة والأخلاق ],shrh mnhj alhq mnzwmh fy alaqydh walakhlaq,Abd al-Razzaq al-Badr,عبد الرزاق بن عبد المحسن البدر,aqeedah,1.5,,https://islamhouse.com/ar/books/381123/
,possible-dupe,الإنصاف في حقيقة الأولياء وما لهم من الكرامات والألطاف,alansaf fy hqyqh alawlya wma lhm mn alkramat walaltaf,al-San'ani,الصنعاني,aqeedah,3.2,,https://islamhouse.com/ar/books/348305/
,possible-dupe,زيادة الإيمان ونقصانه وحكم الاستثناء فيه,zyadh alayman wnqsanh whkm alastthna fyh,Abd al-Razzaq al-Badr,عبد الرزاق بن عبد المحسن البدر,aqeedah,7.5,,https://islamhouse.com/ar/books/344687/
,possible-dupe,تذكرة المُؤتسي شرح عقيدة الحافظ عبد الغني المقدسي,tdhkrh almwtsy shrh aqydh alhafz abd alghny almqdsy,Abd al-Razzaq al-Badr,عبد الرزاق بن عبد المحسن البدر,aqeedah,6.2,,https://islamhouse.com/ar/books/344686/
,possible-dupe,شرح المنظومة الرائية في السنة,shrh almnzwmh alrayyh fy alsnh,Abd al-Razzaq al-Badr,عبد الرزاق بن عبد المحسن البدر,aqeedah,2.9,,https://islamhouse.com/ar/books/344683/
,possible-dupe,الشيخ عبد الرحمن بن سعدي وجهوده في توضيح العقيدة,alshykh abd alrhmn bn sady wjhwdh fy twdyh alaqydh,Abd al-Razzaq al-Badr,عبد الرزاق بن عبد المحسن البدر,aqeedah,8.7,,https://islamhouse.com/ar/books/344682/
,possible-dupe,آية الكرسي وبراهين التوحيد,ayh alkrsy wbrahyn altwhyd,Abd al-Razzaq al-Badr,عبد الرزاق بن عبد المحسن البدر,aqeedah,0.4,,https://islamhouse.com/ar/books/344674/
,possible-dupe,التحفة السنية شرح منظومة ابن أبي داود الحائية,althfh alsnyh shrh mnzwmh abn aby dawd alhayyh,Abd al-Razzaq al-Badr,عبد الرزاق بن عبد المحسن البدر,aqeedah,0.8,,https://islamhouse.com/ar/books/344673/
,possible-dupe,الجامع للبحوث والرسائل [ عبد الرزاق البدر ],aljama llbhwth walrsayl abd alrzaq albdr,Abd al-Razzaq al-Badr,عبد الرزاق بن عبد المحسن البدر,aqeedah,8.8,,https://islamhouse.com/ar/books/344669/
x,ok,مختصر هدي الخليل في العقائد وعبادة الجليل,mkhtsr hdy alkhlyl fy alaqayd wabadh aljlyl,Taqi al-Din al-Hilali,تقي الدين الهلالي,aqeedah,1,,https://islamhouse.com/ar/books/344198/
,possible-dupe,المختصر المفيد في بيان دلائل أقسام التوحيد,almkhtsr almfyd fy byan dlayl aqsam altwhyd,Abd al-Razzaq al-Badr,عبد الرزاق بن عبد المحسن البدر,aqeedah,1.1,,https://islamhouse.com/ar/books/316769/
,possible-dupe,القول السديد في الرد على من أنكر تقسيم التوحيد,alqwl alsdyd fy alrd aly mn ankr tqsym altwhyd,Abd al-Razzaq al-Badr,عبد الرزاق بن عبد المحسن البدر,aqeedah,0.9,,https://islamhouse.com/ar/books/316765/
x,ok,توضيح المقصود في نظم ابن أبي داود,twdyh almqswd fy nzm abn aby dawd,Abd al-Rahman al-Barrak,عبد الرحمن البراك,aqeedah,4.7,,https://islamhouse.com/ar/books/314832/
,possible-dupe,شرح الدرة المضية في عقد أهل الفرقة المرضية,shrh aldrh almdyh fy aqd ahl alfrqh almrdyh,Salih al-Fawzan,صالح بن فوزان الفوزان,aqeedah,7.4,,https://islamhouse.com/ar/books/314827/
,possible-dupe,من أصول عقيدة أهل السنة والجماعة,mn aswl aqydh ahl alsnh waljmaah,Salih al-Fawzan,صالح بن فوزان الفوزان,aqeedah,2.8,,https://islamhouse.com/ar/books/314810/
,possible-dupe,بيان حقيقة التوحيد الذي جاءت به الرسل ودحض الشبهات التي أثيرت حوله,byan hqyqh altwhyd aldhy jat bh alrsl wdhd alshbhat alty athyrt hwlh,Salih al-Fawzan,صالح بن فوزان الفوزان,aqeedah,1,,https://islamhouse.com/ar/books/314799/
,possible-dupe,المسائل التي لخصها الشيخ محمد بن عبد الوهاب من كلام شيخ الإسلام ابن تيمية,almsayl alty lkhsha alshykh mhmd bn abd alwhab mn klam shykh alaslam abn tymyh,Muhammad ibn Abd al-Wahhab,محمد بن عبد الوهاب,aqeedah,3.8,,https://islamhouse.com/ar/books/264177/
,possible-dupe,مؤلفات الشيخ محمد بن عبد الوهاب,mwlfat alshykh mhmd bn abd alwhab,Muhammad ibn Abd al-Wahhab,محمد بن عبد الوهاب,aqeedah,5.8,,https://islamhouse.com/ar/books/264145/
,possible-dupe,شرح المنظومة الحائية في عقيدة أهل السنة والجماعة,shrh almnzwmh alhayyh fy aqydh ahl alsnh waljmaah,Salih al-Fawzan,صالح بن فوزان الفوزان,aqeedah,5.5,,https://islamhouse.com/ar/books/233543/
,possible-dupe,فتح الرحيم الملك العلام في علم العقائد والتوحيد والأخلاق والأحكام المستنبطة من القرآن,fth alrhym almlk alalam fy alm alaqayd waltwhyd walakhlaq walahkam almstnbth mn alqran,Abd al-Rahman al-Sa'di,عبد الرحمن بن ناصر السعدي,aqeedah,6.8,,https://islamhouse.com/ar/books/205539/
,possible-dupe,نور الإيمان وظلمات النفاق,nwr alayman wzlmat alnfaq,Sa'id ibn Ali al-Qahtani,سعيد بن علي بن وهف القحطاني,aqeedah,1.4,,https://islamhouse.com/ar/books/193645/
,possible-dupe,تعقيبات على كتاب السلفية ليست مذهباً,taqybat aly ktab alslfyh lyst mdhhba,Salih al-Fawzan,صالح بن فوزان الفوزان,aqeedah,0.8,,https://islamhouse.com/ar/books/172270/
,possible-dupe,درء الفتنة عن أهل السنة,dr alftnh an ahl alsnh,Bakr Abu Zayd,بكر بن عبد الله أبو زيد,aqeedah,1,,https://islamhouse.com/ar/books/152875/
,possible-dupe,شرح كتاب أصول الإيمان,shrh ktab aswl alayman,Muhammad ibn Abd al-Wahhab,محمد بن عبد الوهاب,aqeedah,2.4,,https://islamhouse.com/ar/books/144970/
,possible-dupe,التوحيد أولا يا دعاة الإسلام,altwhyd awla ya daah alaslam,Muhammad Nasir al-Din al-Albani,محمد ناصر الدين الألباني,aqeedah,0.5,,https://islamhouse.com/ar/books/117122/
,possible-dupe,الإبطال لنظرية الخلط بين دين الإسلام وغيره من الأديان,alabtal lnzryh alkhlt byn dyn alaslam wghyrh mn aladyan,Bakr Abu Zayd,بكر بن عبد الله أبو زيد,aqeedah,3.8,,https://islamhouse.com/ar/books/79736/
,possible-dupe,كتاب التوحيد,ktab altwhyd,Salih al-Fawzan,صالح بن فوزان الفوزان,aqeedah,9.3,,https://islamhouse.com/ar/books/75915/
,possible-dupe,بيان التوحيد الذي بعث الله به الرسل جميعًا وبعث به خاتمهم محمدًا صلى الله عليه وسلم,byan altwhyd aldhy bath allh bh alrsl jmyaa wbath bh khatmhm mhmda sly allh alyh wslm,Abd al-Aziz ibn Baz,عبد العزيز بن باز,aqeedah,0.9,,https://islamhouse.com/ar/books/2131/
,possible-dupe,إقامة البراهين على حكم من استغاث بغير الله أو صدق الكهنة والعرافين,aqamh albrahyn aly hkm mn astghath bghyr allh aw sdq alkhnh walarafyn,Abd al-Aziz ibn Baz,عبد العزيز بن باز,aqeedah,0.5,,https://islamhouse.com/ar/books/2130/
,possible-dupe,رسالة في حكم السحر والكهانة,rsalh fy hkm alshr walkhanh,Abd al-Aziz ibn Baz,عبد العزيز بن باز,aqeedah,0.5,,https://islamhouse.com/ar/books/2045/
,possible-dupe,بيان عقيدة أهل السنة والجماعة في ضوء الكتاب والسنة,byan aqydh ahl alsnh waljmaah fy dw alktab walsnh,Sa'id ibn Ali al-Qahtani,سعيد بن علي بن وهف القحطاني,aqeedah,0.7,,https://islamhouse.com/ar/books/1964/
x,ok,أسئلة وأجوبة في الإيمان والكفر,asylh wajwbh fy alayman walkfr,Abd al-Aziz al-Rajihi,عبد العزيز الراجحي,aqeedah,0.6,,https://islamhouse.com/ar/books/1951/
,possible-dupe,نور الإسلام وظلمات الكفر,nwr alaslam wzlmat alkfr,Sa'id ibn Ali al-Qahtani,سعيد بن علي بن وهف القحطاني,aqeedah,0.7,,https://islamhouse.com/ar/books/1944/
,possible-dupe,نور التوحيد وظلمات الشرك,nwr altwhyd wzlmat alshrk,Sa'id ibn Ali al-Qahtani,سعيد بن علي بن وهف القحطاني,aqeedah,1.3,,https://islamhouse.com/ar/books/1941/
,dupe-internal,العقيدة الصحيحة وما يضادها,alaqydh alshyhh wma ydadha,Abd al-Aziz ibn Baz,عبد العزيز بن باز,aqeedah,0.5,,https://islamhouse.com/ar/books/1872/
,possible-dupe,كلمة عامة في أنواع التوحيد,klmh aamh fy anwaa altwhyd,Abd al-Rahman ibn Hasan Al al-Shaykh,عبد الرحمن بن حسن آل الشيخ,aqeedah,0.2,,https://islamhouse.com/ar/books/2834837/
x,ok,التوحيد الحق,altwhyd alhq,Abd al-Aziz al-Rajihi,عبد العزيز الراجحي,aqeedah,1.6,,https://islamhouse.com/ar/books/2834832/
,possible-dupe,عشر رسائل في معنى لا إله إلا الله,ashr rsayl fy many la alh ala allh,Abd al-Rahman ibn Hasan Al al-Shaykh,عبد الرحمن بن حسن آل الشيخ,aqeedah,1.2,,https://islamhouse.com/ar/books/2834826/
x,ok,التوضيح للمسائل العقدية في مقدمة الرسالة القيروانية,altwdyh llmsayl alaqdyh fy mqdmh alrsalh alqyrwanyh,Abd al-Rahman al-Barrak,عبد الرحمن البراك,aqeedah,5.8,,https://islamhouse.com/ar/books/2834765/
,possible-dupe,رسالة أصل الدين وقاعدته أمران، وشرحها,rsalh asl aldyn wqaadth amran wshrhha,Muhammad ibn Abd al-Wahhab,محمد بن عبد الوهاب,aqeedah,0.2,,https://islamhouse.com/ar/books/2831693/
x,ok,شرح الرسالة المفيدة المهمة الجليلة للإمام محمد بن عبد الوهاب,shrh alrsalh almfydh almhmh aljlylh llamam mhmd bn abd alwhab,Abd al-Aziz al-Rajihi,عبد العزيز الراجحي,aqeedah,6,,https://islamhouse.com/ar/books/2830754/
x,ok,فصول في التوحيد,fswl fy altwhyd,Abd al-Aziz al-Rajihi,عبد العزيز الراجحي,aqeedah,3.5,,https://islamhouse.com/ar/books/2830691/
x,ok,التعليقات الإيضاحية على القاعدة المراكشية لشيخ الإسلام ابن تيمية,altalyqat alaydahyh aly alqaadh almrakshyh lshykh alaslam abn tymyh,Abd al-Aziz al-Rajihi,عبد العزيز الراجحي,aqeedah,2.3,,https://islamhouse.com/ar/books/2830669/
x,ok,البيان والتسديد بشرح الأربعين في دلائل التوحيد,albyan waltsdyd bshrh alarbayn fy dlayl altwhyd,Abd al-Aziz al-Rajihi,عبد العزيز الراجحي,aqeedah,20.8,,https://islamhouse.com/ar/books/2830630/
x,ok,البيان لرسالة نواة الإيمان,albyan lrsalh nwah alayman,Abd al-Aziz al-Rajihi,عبد العزيز الراجحي,aqeedah,9.3,,https://islamhouse.com/ar/books/2830597/
,possible-dupe,الله جل جلاله أنيس المحبين,allh jl jlalh anys almhbyn,Sa'id ibn Ali al-Qahtani,سعيد بن علي بن وهف القحطاني,aqeedah,8.8,,https://islamhouse.com/ar/books/2829723/
,possible-dupe,أساليب الشيطان في إفساد الاعتقاد,asalyb alshytan fy afsad alaatqad,Sa'id ibn Ali al-Qahtani,سعيد بن علي بن وهف القحطاني,aqeedah,1.9,,https://islamhouse.com/ar/books/2829517/
,possible-dupe,مكايد الشيطان في مسائل التوحيد والنبوات,mkayd alshytan fy msayl altwhyd walnbwat,Sa'id ibn Ali al-Qahtani,سعيد بن علي بن وهف القحطاني,aqeedah,3.4,,https://islamhouse.com/ar/books/2829516/
,possible-dupe,شرح كتاب التوحيد في سؤال وجواب,shrh ktab altwhyd fy swal wjwab,Salih Al al-Shaykh,صالح بن عبد العزيز آل الشيخ,aqeedah,1.7,,https://islamhouse.com/ar/books/2829205/
x,ok,التوحيد [ من خطب المسجد النبوي ],altwhyd mn khtb almsjd alnbwy,Abd al-Muhsin al-Qasim,عبد المحسن القاسم,aqeedah,6.3,,https://islamhouse.com/ar/books/2828967/
,possible-dupe,اعبدوا الله واجتنبوا الطاغوت,aabdwa allh wajtnbwa altaghwt,Abd al-Aziz ibn Baz,عبد العزيز بن باز,aqeedah,0.8,,https://islamhouse.com/ar/books/2827854/
,possible-dupe,التعليق على كتاب التبصير في معالم الدين للإمام الطبري,altalyq aly ktab altbsyr fy maalm aldyn llamam altbry,Abd al-Aziz ibn Baz,عبد العزيز بن باز,aqeedah,3.3,,https://islamhouse.com/ar/books/2826052/
,possible-dupe,الدين الخالص,aldyn alkhals,Abd al-Aziz ibn Baz,عبد العزيز بن باز,aqeedah,8.1,,https://islamhouse.com/ar/books/2826041/
,possible-dupe,حاشية ستة أصول عظيمة مع متمماتها,hashyh sth aswl azymh ma mtmmatha,Muhammad ibn Abd al-Wahhab,محمد بن عبد الوهاب,aqeedah,2.2,,https://islamhouse.com/ar/books/2824608/
,possible-dupe,فائدة جليلة في قواعد الأسماء الحسنى,faydh jlylh fy qwaad alasma alhsny,Ibn al-Qayyim,ابن قيم الجوزية,aqeedah,1,,https://islamhouse.com/ar/books/2818135/
,possible-dupe,العقيدة الإسلامية من الكتاب والسنة الصحيحة,alaqydh alaslamyh mn alktab walsnh alshyhh,Muhammad ibn Jamil Zeno,محمد بن جميل زينو,aqeedah,1.5,,https://islamhouse.com/ar/books/2817199/
,possible-dupe,إثبات أن «المحسن» من أسماء الله الحسنى,athbat an almhsn mn asma allh alhsny,Abd al-Razzaq al-Badr,عبد الرزاق بن عبد المحسن البدر,aqeedah,0.3,,https://islamhouse.com/ar/books/348307/
,possible-dupe,فقه الأسماء الحسنى,fqh alasma alhsny,Abd al-Razzaq al-Badr,عبد الرزاق بن عبد المحسن البدر,aqeedah,5.7,,https://islamhouse.com/ar/books/344678/
,possible-dupe,تنبيهات على رسالة محمد عادل عزيزة في الصفات,tnbyhat aly rsalh mhmd aadl azyzh fy alsfat,Abd al-Razzaq al-Badr,عبد الرزاق بن عبد المحسن البدر,aqeedah,0.6,,https://islamhouse.com/ar/books/316845/
,possible-dupe,مختصر فقه الأسماء الحسنى,mkhtsr fqh alasma alhsny,Abd al-Razzaq al-Badr,عبد الرزاق بن عبد المحسن البدر,aqeedah,6.6,,https://islamhouse.com/ar/books/316784/
,possible-dupe,الثمر المجتنى مختصر شرح أسماء الله الحسنى,althmr almjtny mkhtsr shrh asma allh alhsny,Sa'id ibn Ali al-Qahtani,سعيد بن علي بن وهف القحطاني,aqeedah,0.9,,https://islamhouse.com/ar/books/268433/
,possible-dupe,شرح أسماء الله الحسنى في ضوء الكتاب والسنة,shrh asma allh alhsny fy dw alktab walsnh,Sa'id ibn Ali al-Qahtani,سعيد بن علي بن وهف القحطاني,aqeedah,3.3,,https://islamhouse.com/ar/books/167466/
,possible-dupe,أقسام التوحيد,aqsam altwhyd,Abd al-Aziz ibn Baz,عبد العزيز بن باز,aqeedah,0.6,,https://islamhouse.com/ar/books/2827852/
x,ok,مختصر قواعد الأسماء والصفات مع بيان أسماء الله الحسنى ومعانيها,mkhtsr qwaad alasma walsfat ma byan asma allh alhsny wmaanyha,Abd al-Muhsin al-Qasim,عبد المحسن القاسم,aqeedah,2.3,,https://islamhouse.com/ar/books/2842718/
,possible-dupe,شرح أسماء الله الحُسْنى ويليه: الفوائد المَسلكيَّة المُسْتفادة من أسماء الله تعالى وصفاته,shrh asma allh alhsny wylyh alfwayd almslkyh almstfadh mn asma allh taaly wsfath,Abd al-Rahman al-Sa'di,عبد الرحمن بن ناصر السعدي,aqeedah,5.1,,https://islamhouse.com/ar/books/2840807/
,possible-dupe,منهج ودراسات لآيات الأسماء والصفات,mnhj wdrasat layat alasma walsfat,Muhammad al-Amin al-Shinqiti,محمد الأمين الشنقيطي,aqeedah,0.6,,https://islamhouse.com/ar/books/2831707/
,possible-dupe,المحاضرات,almhadrat,Muhammad al-Amin al-Shinqiti,محمد الأمين الشنقيطي,aqeedah,2.5,,https://islamhouse.com/ar/books/2831626/
,possible-dupe,اجتماع الجيوش الإسلامية على حرب المعطلة والجهمية,ajtmaa aljywsh alaslamyh aly hrb almatlh waljhmyh,Ibn al-Qayyim,ابن قيم الجوزية,aqeedah,8.3,,https://islamhouse.com/ar/books/2827741/
,possible-dupe,منع جواز المجاز في المنزل للتعبد والإعجاز,mna jwaz almjaz fy almnzl lltabd walaajaz,Muhammad al-Amin al-Shinqiti,محمد الأمين الشنقيطي,aqeedah,0.6,,https://islamhouse.com/ar/books/2827089/
,dupe-internal,طريق الهجرتين وباب السعادتين,tryq alhjrtyn wbab alsaadtyn,Ibn al-Qayyim,ابن قيم الجوزية,spiritual-healing,13.1,,https://islamhouse.com/ar/books/2841154/
x,ok,وجوب التوكل وخطر التطير,wjwb altwkl wkhtr alttyr,Abd al-Aziz al-Rajihi,عبد العزيز الراجحي,aqeedah,0.9,,https://islamhouse.com/ar/books/2839204/
x,ok,شرح رسالة العبودية لشيخ الإسلام ابن تيمية,shrh rsalh alabwdyh lshykh alaslam abn tymyh,Abd al-Aziz al-Rajihi,عبد العزيز الراجحي,aqeedah,3.5,,https://islamhouse.com/ar/books/2830755/
,possible-dupe,مدارج السالكين في منازل السائرين,mdarj alsalkyn fy mnazl alsayryn,Ibn al-Qayyim,ابن قيم الجوزية,spiritual-healing,10.8,,https://islamhouse.com/ar/books/2828127/
,possible-dupe,رسالة في التبرك والتوسل والقبور,rsalh fy altbrk waltwsl walqbwr,Abd al-Aziz ibn Baz,عبد العزيز بن باز,fatwaas-and-prohibited-disliked,0.5,,https://islamhouse.com/ar/books/2826049/
,possible-dupe,الصدق مع الله,alsdq ma allh,Abd al-Razzaq al-Badr,عبد الرزاق بن عبد المحسن البدر,spiritual-healing,2.6,,https://islamhouse.com/ar/books/2824751/
,possible-dupe,هذه مفاهيمنا,hdhh mfahymna,Salih Al al-Shaykh,صالح بن عبد العزيز آل الشيخ,aqeedah,3.8,,https://islamhouse.com/ar/books/167485/
,possible-dupe,الواسطة بين الحق والخلق,alwasth byn alhq walkhlq,Muhammad Nasir al-Din al-Albani,محمد ناصر الدين الألباني,hadith-studies,1.6,,https://islamhouse.com/ar/books/1907/
,dupe-internal,عدة الصابرين وذخيرة الشاكرين,adh alsabryn wdhkhyrh alshakryn,Ibn al-Qayyim,ابن قيم الجوزية,spiritual-healing,9.2,,https://islamhouse.com/ar/books/2827803/
,possible-dupe,الخشوع في الصلاة,alkhshwa fy alslah,Ibn Rajab al-Hanbali,ابن رجب الحنبلي,islamic-jurisprudence,4.8,,https://islamhouse.com/ar/books/471724/
,possible-dupe,منظومة في السير إلى الله والدار الآخرة,mnzwmh fy alsyr aly allh waldar alakhrh,Abd al-Rahman al-Sa'di,عبد الرحمن بن ناصر السعدي,life-after-death,0.3,,https://islamhouse.com/ar/books/461168/
,possible-dupe,الخشوع في الصلاة في ضوء الكتاب والسنة,alkhshwa fy alslah fy dw alktab walsnh,Sa'id ibn Ali al-Qahtani,سعيد بن علي بن وهف القحطاني,hadith-studies,9.5,,https://islamhouse.com/ar/books/272709/
,possible-dupe,كتاب التوحيد : رسالة كلمة الإخلاص وتحقيق معناها,ktab altwhyd rsalh klmh alakhlas wthqyq manaha,Muhammad Nasir al-Din al-Albani,محمد ناصر الدين الألباني,aqeedah,1.7,,https://islamhouse.com/ar/books/2828033/
,possible-dupe,نور الإخلاص وظلمات إرادة الدنيا بعمل الآخرة,nwr alakhlas wzlmat aradh aldnya baml alakhrh,Sa'id ibn Ali al-Qahtani,سعيد بن علي بن وهف القحطاني,life-after-death,0.9,,https://islamhouse.com/ar/books/1947/
,possible-dupe,الاختيارات الفقهية في مسائل العبادات والمعاملات من فتاوى الشيخ ابن باز,alakhtyarat alfqhyh fy msayl alabadat walmaamlat mn ftawy alshykh abn baz,Abd al-Aziz ibn Baz,عبد العزيز بن باز,islamic-economics,9.4,,https://islamhouse.com/ar/books/2801505/
,possible-dupe,مكارم الأخلاق,mkarm alakhlaq,Muhammad ibn Salih al-Uthaymin,محمد بن صالح العثيمين,islamic-etiquette,0.7,,https://islamhouse.com/ar/books/2836872/
,possible-dupe,قول كبار العلماء في التطرف والإرهاب,qwl kbar alalma fy alttrf walarhab,The Permanent Committee (al-Lajnah al-Da'imah),اللجنة الدائمة للبحوث العلمية والإفتاء,knowledge,2.6,,https://islamhouse.com/ar/books/2835454/
,possible-dupe,بيان معنى الإسلام والإيمان,byan many alaslam walayman,Abd al-Rahman ibn Hasan Al al-Shaykh,عبد الرحمن بن حسن آل الشيخ,aqeedah,0.2,,https://islamhouse.com/ar/books/2834839/
,dupe-internal,أصول عظيمة من قواعد الإسلام,aswl azymh mn qwaad alaslam,Abd al-Rahman al-Sa'di,عبد الرحمن بن ناصر السعدي,quran-studies,1.2,,https://islamhouse.com/ar/books/2831772/
,possible-dupe,شرح نواقض الإسلام,shrh nwaqd alaslam,Abd al-Razzaq al-Badr,عبد الرزاق بن عبد المحسن البدر,spiritual-healing,3.7,,https://islamhouse.com/ar/books/2828160/
,possible-dupe,الإسلام هو دين الله ليس له دين سواه,alaslam hw dyn allh lys lh dyn swah,Abd al-Aziz ibn Baz,عبد العزيز بن باز,fatwaas-and-prohibited-disliked,0.9,,https://islamhouse.com/ar/books/2828081/
,possible-dupe,سبل السلام شرح نواقض الإسلام,sbl alslam shrh nwaqd alaslam,Abd al-Aziz ibn Baz,عبد العزيز بن باز,fatwaas-and-prohibited-disliked,7.5,,https://islamhouse.com/ar/books/2826050/
,possible-dupe,أركان الإسلام والإيمان في ضوء الكتاب والسنة,arkan alaslam walayman fy dw alktab walsnh,Muhammad ibn Jamil Zeno,محمد بن جميل زينو,aqeedah,2.7,,https://islamhouse.com/ar/books/2813210/
,possible-dupe,تحفة الإخوان بأجوبة مهمة تتعلق بأركان الإسلام,thfh alakhwan bajwbh mhmh ttalq barkan alaslam,Abd al-Aziz ibn Baz,عبد العزيز بن باز,fatwaas-and-prohibited-disliked,2.3,,https://islamhouse.com/ar/books/794471/
,possible-dupe,أصول عظيمة من قواعد الإسلام,aswl azymh mn qwaad alaslam,Abd al-Rahman al-Sa'di,عبد الرحمن بن ناصر السعدي,quran-studies,4,,https://islamhouse.com/ar/books/348310/
x,ok,شرح نواقض الإسلام [ البراك ],shrh nwaqd alaslam albrak,Abd al-Rahman al-Barrak,عبد الرحمن البراك,aqeedah,4.9,,https://islamhouse.com/ar/books/322168/
,possible-dupe,دروس في شرح نواقض الإسلام,drws fy shrh nwaqd alaslam,Salih al-Fawzan,صالح بن فوزان الفوزان,aqeedah,5,,https://islamhouse.com/ar/books/314803/
,possible-dupe,أركان الإسلام في ضوء الكتاب والسنة,arkan alaslam fy dw alktab walsnh,Sa'id ibn Ali al-Qahtani,سعيد بن علي بن وهف القحطاني,hadith-studies,61.9,,https://islamhouse.com/ar/books/311945/
x,ok,أركان الإسلام [ من خطب المسجد النبوي ],arkan alaslam mn khtb almsjd alnbwy,Abd al-Muhsin al-Qasim,عبد المحسن القاسم,spiritual-healing,5.8,,https://islamhouse.com/ar/books/2837627/
,possible-dupe,الركن الأول من أركان الإسلام,alrkn alawl mn arkan alaslam,Abd al-Aziz ibn Baz,عبد العزيز بن باز,fatwaas-and-prohibited-disliked,0.9,,https://islamhouse.com/ar/books/2828156/
,possible-dupe,أركان الإسلام,arkan alaslam,Abd al-Aziz ibn Baz,عبد العزيز بن باز,fatwaas-and-prohibited-disliked,15.8,,https://islamhouse.com/ar/books/2827819/
,possible-dupe,أصول الدين,aswl aldyn,Abd al-Rahman al-Sa'di,عبد الرحمن بن ناصر السعدي,quran-studies,2,,https://islamhouse.com/ar/books/2826002/
,possible-dupe,التعليق على كتاب التبصير في معالم الدين,altalyq aly ktab altbsyr fy maalm aldyn,Abd al-Aziz ibn Baz,عبد العزيز بن باز,fatwaas-and-prohibited-disliked,1.1,,https://islamhouse.com/ar/books/2802915/
x,ok,حقيقة شهادة أن محمدًا رسول الله,hqyqh shhadh an mhmda rswl allh,Abd al-Aziz Al al-Shaykh,عبد العزيز آل الشيخ,fatwaas-and-prohibited-disliked,1.9,,https://islamhouse.com/ar/books/794359/
,possible-dupe,نظم الجوهرة الفريدة فى تحقيق العقيدة,nzm aljwhrh alfrydh fy thqyq alaqydh,Hafiz al-Hakami,حافظ بن أحمد الحكمي,aqeedah,0.2,,https://islamhouse.com/ar/books/474261/
,possible-dupe,مفتاح دار السلام بتحقيق شهادتي الإسلام,mftah dar alslam bthqyq shhadty alaslam,Hafiz al-Hakami,حافظ بن أحمد الحكمي,aqeedah,0.6,,https://islamhouse.com/ar/books/348187/
,possible-dupe,شرح تفسير كلمة التوحيد للشيخ محمد بن عبد الوهاب,shrh tfsyr klmh altwhyd llshykh mhmd bn abd alwhab,Salih al-Fawzan,صالح بن فوزان الفوزان,aqeedah,3.6,,https://islamhouse.com/ar/books/314814/
,possible-dupe,الرسائل الشخصية,alrsayl alshkhsyh,Muhammad ibn Abd al-Wahhab,محمد بن عبد الوهاب,aqeedah,4.1,,https://islamhouse.com/ar/books/264174/
,possible-dupe,معنى لا إله إلا الله ومقتضاها وآثارها في الفرد والمجتمع,many la alh ala allh wmqtdaha watharha fy alfrd walmjtma,Salih al-Fawzan,صالح بن فوزان الفوزان,aqeedah,0.6,,https://islamhouse.com/ar/books/200121/
,possible-dupe,العروة الوثقى في ضوء الكتاب والسنة,alarwh alwthqy fy dw alktab walsnh,Sa'id ibn Ali al-Qahtani,سعيد بن علي بن وهف القحطاني,hadith-studies,2.4,,https://islamhouse.com/ar/books/193636/
,possible-dupe,شهادة الإسلام,shhadh alaslam,Muhammad ibn Jamil Zeno,محمد بن جميل زينو,new-muslims,1.4,,https://islamhouse.com/ar/books/1889/
x,ok,هداية الأنام إلى مفتاح دار السلام بتحقيق شهادتي الإسلام,hdayh alanam aly mftah dar alslam bthqyq shhadty alaslam,Abd al-Aziz al-Rajihi,عبد العزيز الراجحي,aqeedah,17.1,,https://islamhouse.com/ar/books/2830692/
,possible-dupe,شرح نواقض الإسلام,shrh nwaqd alaslam,Abd al-Muhsin al-Qasim,عبد المحسن القاسم,spiritual-healing,2.8,,https://islamhouse.com/ar/books/2828939/
x,ok,جواب في الإيمان ونواقضه,jwab fy alayman wnwaqdh,Abd al-Rahman al-Barrak,عبد الرحمن البراك,aqeedah,5.6,,https://islamhouse.com/ar/books/2828512/
,possible-dupe,رسالة في نواقض الإسلام وقوادحه,rsalh fy nwaqd alaslam wqwadhh,Abd al-Aziz ibn Baz,عبد العزيز بن باز,fatwaas-and-prohibited-disliked,2,,https://islamhouse.com/ar/books/2828167/
,possible-dupe,القوادح في العقيدة ووسائل السلامة منها,alqwadh fy alaqydh wwsayl alslamh mnha,Abd al-Aziz ibn Baz,عبد العزيز بن باز,aqeedah,6.9,,https://islamhouse.com/ar/books/2809827/
,possible-dupe,العقيدة الصحيحة وما يضادها ورسالة المعية,alaqydh alshyhh wma ydadha wrsalh almayh,Abd al-Aziz ibn Baz,عبد العزيز بن باز,aqeedah,0.4,,https://islamhouse.com/ar/books/794357/
x,ok,أركان الإيمان [ من خطب المسجد النبوي ],arkan alayman mn khtb almsjd alnbwy,Abd al-Muhsin al-Qasim,عبد المحسن القاسم,aqeedah,8.1,,https://islamhouse.com/ar/books/2837628/
x,ok,الإيمان حقيقته ونواقضه,alayman hqyqth wnwaqdh,Abd al-Aziz al-Rajihi,عبد العزيز الراجحي,aqeedah,0.7,,https://islamhouse.com/ar/books/2830732/
,possible-dupe,شرح أصول الإيمان,shrh aswl alayman,Sa'id ibn Ali al-Qahtani,سعيد بن علي بن وهف القحطاني,aqeedah,2.3,,https://islamhouse.com/ar/books/2829522/
,possible-dupe,شرح أصول الإيمان,shrh aswl alayman,Abd al-Rahman al-Sa'di,عبد الرحمن بن ناصر السعدي,aqeedah,2.7,,https://islamhouse.com/ar/books/2826004/
,possible-dupe,حكم المستهزئين بالأنبياء والمرسلين,hkm almsthzyyn balanbya walmrslyn,Abd al-Aziz ibn Baz,عبد العزيز بن باز,aqeedah,0.5,,https://islamhouse.com/ar/books/2801970/
,possible-dupe,شرح أصول الإيمان,shrh aswl alayman,Salih Al al-Shaykh,صالح بن عبد العزيز آل الشيخ,aqeedah,9.5,,https://islamhouse.com/ar/books/420070/
x,review,آراء الصوفية في أركان الإيمان,ara alswfyh fy arkan alayman,Sa'd al-Shithri,سعد الشثري,aqeedah,0.9,,https://islamhouse.com/ar/books/388635/
,possible-dupe,الإيمان بالملائكة وأثره في حياة الأمة,alayman balmlaykh wathrh fy hyah alamh,Salih al-Fawzan,صالح بن فوزان الفوزان,aqeedah,2.9,,https://islamhouse.com/ar/books/314807/
,possible-dupe,الصفدية,alsfdyh,Ibn Taymiyyah,ابن تيمية,aqeedah,13.4,,https://islamhouse.com/ar/books/272837/
x,ok,البراهين الإنجيلية على أن عيسى عليه السلام داخل في العبودية ولا حظ له في الألوهية,albrahyn alanjylyh aly an aysy alyh alslam dakhl fy alabwdyh wla hz lh fy alalwhyh,Taqi al-Din al-Hilali,تقي الدين الهلالي,aqeedah,0.3,,https://islamhouse.com/ar/books/343862/
,possible-dupe,قصص الأنبياء,qss alanbya,Ibn Kathir,ابن كثير,aqeedah,12,,https://islamhouse.com/ar/books/2430/
,possible-dupe,فوائد مستنبطة من قصة يوسف عليه السلام,fwayd mstnbth mn qsh ywsf alyh alslam,Abd al-Rahman al-Sa'di,عبد الرحمن بن ناصر السعدي,aqeedah,0.1,,https://islamhouse.com/ar/books/2136/
,review,تحفة النبلاء من قصص الأنبياء,thfh alnbla mn qss alanbya,Ibn Hajar al-Asqalani,ابن حجر العسقلاني,hadith-studies,5.7,,https://islamhouse.com/ar/books/2827233/
,possible-dupe,نيل السؤل من تاريخ الأمم وسيرة الرسول,nyl alswl mn tarykh alamm wsyrh alrswl,Hafiz al-Hakami,حافظ بن أحمد الحكمي,islamic-history,3.4,,https://islamhouse.com/ar/books/2826183/
x,ok,سياق صلاة النبي صلى الله عليه وسلم,syaq slah alnby sly allh alyh wslm,Abd al-Aziz al-Rajihi,عبد العزيز الراجحي,islamic-jurisprudence,3.5,,https://islamhouse.com/ar/books/2839207/
x,review,ألفية العراقي في السيرة,alfyh alaraqy fy alsyrh,Abd al-Muhsin al-Qasim,عبد المحسن القاسم,islamic-history,6.9,,https://islamhouse.com/ar/books/2837733/
,possible-dupe,الأرجوزة المئية في ذكر حال أشرف البرية,alarjwzh almyyh fy dhkr hal ashrf albryh,Ibn Abi al-Izz al-Hanafi,ابن أبي العز الحنفي,aqeedah,4.9,,https://islamhouse.com/ar/books/2837625/
,possible-dupe,الحق الواضح المبين في الذب عن عرض الصادق الأمين,alhq alwadh almbyn fy aldhb an ard alsadq alamyn,Sa'id ibn Ali al-Qahtani,سعيد بن علي بن وهف القحطاني,spiritual-healing,1.3,,https://islamhouse.com/ar/books/2829530/
x,ok,شرح تفصيلي مصور لقبر النبي صلى الله عليه وسلم,shrh tfsyly mswr lqbr alnby sly allh alyh wslm,Abd al-Muhsin al-Qasim,عبد المحسن القاسم,spiritual-healing,10.7,,https://islamhouse.com/ar/books/2829015/
,possible-dupe,الفضل الكبير في الصلاة على البشير النذير,alfdl alkbyr fy alslah aly albshyr alndhyr,Sa'id ibn Ali al-Qahtani,سعيد بن علي بن وهف القحطاني,islamic-jurisprudence,1.9,,https://islamhouse.com/ar/books/884595/
,possible-dupe,معجزات الرسول صلى الله عليه وسلم,majzat alrswl sly allh alyh wslm,Ibn Kathir,ابن كثير,quran-studies,2.9,,https://islamhouse.com/ar/books/462847/
,possible-dupe,كتاب النبوات,ktab alnbwat,Ibn Taymiyyah,ابن تيمية,aqeedah,15,,https://islamhouse.com/ar/books/272842/
,possible-dupe,مختصر زاد المعاد,mkhtsr zad almaad,Muhammad ibn Abd al-Wahhab,محمد بن عبد الوهاب,aqeedah,7.6,,https://islamhouse.com/ar/books/264166/
,possible-dupe,الملتقط من كتاب طاعة الرسول صلى الله عليه وسلم للإمام أحمد بن حنبل,almltqt mn ktab taah alrswl sly allh alyh wslm llamam ahmd bn hnbl,Imam Ahmad ibn Hanbal,أحمد بن حنبل,hadith-studies,0.3,,https://islamhouse.com/ar/books/233547/
,possible-dupe,زاد المعاد في هدي خير العباد,zad almaad fy hdy khyr alabad,Ibn al-Qayyim,ابن قيم الجوزية,spiritual-healing,13.4,,https://islamhouse.com/ar/books/35239/
,possible-dupe,مختصر جلاء الأفهام في فضل الصلاة والسلام على خير الأنام صلى الله عليه وسلم,mkhtsr jla alafham fy fdl alslah walslam aly khyr alanam sly allh alyh wslm,Ibn al-Qayyim,ابن قيم الجوزية,islamic-jurisprudence,7.1,,https://islamhouse.com/ar/books/2831674/
,possible-dupe,جلاء الأفهام في فضل الصلاة والسلام على خير الأنام صلى الله عليه وسلم,jla alafham fy fdl alslah walslam aly khyr alanam sly allh alyh wslm,Ibn al-Qayyim,ابن قيم الجوزية,islamic-jurisprudence,9.1,,https://islamhouse.com/ar/books/2827764/
,possible-dupe,محمد صلى الله عليه وسلم بين الغالي والجافي,mhmd sly allh alyh wslm byn alghaly waljafy,Abd al-Aziz ibn Baz,عبد العزيز بن باز,fatwaas-and-prohibited-disliked,1.2,,https://islamhouse.com/ar/books/2802938/
,possible-dupe,غزوة فتح مكة في ضوء الكتاب والسنة,ghzwh fth mkh fy dw alktab walsnh,Sa'id ibn Ali al-Qahtani,سعيد بن علي بن وهف القحطاني,hadith-studies,1.6,,https://islamhouse.com/ar/books/270102/
,possible-dupe,بعض فوائد صلح الحديبية,bad fwayd slh alhdybyh,Muhammad ibn Abd al-Wahhab,محمد بن عبد الوهاب,aqeedah,0.2,,https://islamhouse.com/ar/books/264193/
,possible-dupe,رحمة للعالمين,rhmh llaalmyn,Sa'id ibn Ali al-Qahtani,سعيد بن علي بن وهف القحطاني,spiritual-healing,7.2,,https://islamhouse.com/ar/books/2164/
,possible-dupe,وداع الرسول صلى الله عليه وسلم لأمته,wdaa alrswl sly allh alyh wslm lamth,Sa'id ibn Ali al-Qahtani,سعيد بن علي بن وهف القحطاني,spiritual-healing,1.7,,https://islamhouse.com/ar/books/1924/
x,ok,النبي صلى الله عليه وسلم وأصحابه [ من خطب المسجد النبوي ],alnby sly allh alyh wslm washabh mn khtb almsjd alnbwy,Abd al-Muhsin al-Qasim,عبد المحسن القاسم,spiritual-healing,5.5,,https://islamhouse.com/ar/books/2837629/
,possible-dupe,وإنك لعلى خلق عظيم,wank laly khlq azym,Sa'id ibn Ali al-Qahtani,سعيد بن علي بن وهف القحطاني,spiritual-healing,3.6,,https://islamhouse.com/ar/books/2830947/
,possible-dupe,الشمائل المحمدية,alshmayl almhmdyh,al-Tirmidhi,محمد بن عيسى الترمذي,hadith-studies,8.1,,https://islamhouse.com/ar/books/469486/
,possible-dupe,شمائل النبي صلى الله عليه وسلم,shmayl alnby sly allh alyh wslm,al-Tirmidhi,محمد بن عيسى الترمذي,hadith-studies,4.5,,https://islamhouse.com/ar/books/393293/
,possible-dupe,مختصر الشمائل المحمدية,mkhtsr alshmayl almhmdyh,Muhammad Nasir al-Din al-Albani,محمد ناصر الدين الألباني,hadith-studies,3.5,,https://islamhouse.com/ar/books/393292/
,possible-dupe,مباحث اليوم الآخر,mbahth alywm alakhr,Abd al-Rahman al-Sa'di,عبد الرحمن بن ناصر السعدي,life-after-death,2,,https://islamhouse.com/ar/books/2844780/
,possible-dupe,الروح,alrwh,Ibn al-Qayyim,ابن قيم الجوزية,life-after-death,7.6,,https://islamhouse.com/ar/books/2841134/
x,ok,شرح بيان الأدلة الظاهرة في التصديق بالنظر إلى الله تعالى في الآخرة,shrh byan aladlh alzahrh fy altsdyq balnzr aly allh taaly fy alakhrh,Abd al-Aziz al-Rajihi,عبد العزيز الراجحي,life-after-death,19.3,,https://islamhouse.com/ar/books/2830684/
,possible-dupe,كتاب الروح,ktab alrwh,Ibn al-Qayyim,ابن قيم الجوزية,life-after-death,12.7,,https://islamhouse.com/ar/books/2827805/
,possible-dupe,الشفاعة,alshfaah,Muqbil ibn Hadi al-Wadi'i,مقبل بن هادي الوادعي,life-after-death,4.6,,https://islamhouse.com/ar/books/2809787/
,possible-dupe,الفقه في الدين عصمة من الفتن,alfqh fy aldyn asmh mn alftn,Salih al-Fawzan,صالح بن فوزان الفوزان,life-after-death,3.6,,https://islamhouse.com/ar/books/794466/
,possible-dupe,المحجة في سير الدلجة,almhjh fy syr aldljh,Ibn Rajab al-Hanbali,ابن رجب الحنبلي,life-after-death,1.3,,https://islamhouse.com/ar/books/468541/
,possible-dupe,ألا إن سلعة الله غالية .. الجنة,ala an slah allh ghalyh aljnh,Ibn Khuzaymah,ابن خزيمة,life-after-death,0.4,,https://islamhouse.com/ar/books/420830/
,possible-dupe,وصف الجنة من الكتاب والسنة,wsf aljnh mn alktab walsnh,Ibn Khuzaymah,ابن خزيمة,life-after-death,0.3,,https://islamhouse.com/ar/books/420621/
,possible-dupe,تذكر ممشاك إلى القبر,tdhkr mmshak aly alqbr,Ibn Khuzaymah,ابن خزيمة,life-after-death,0.2,,https://islamhouse.com/ar/books/420605/
,possible-dupe,آثار الفتن,athar alftn,Abd al-Razzaq al-Badr,عبد الرزاق بن عبد المحسن البدر,life-after-death,0.5,,https://islamhouse.com/ar/books/316772/
,possible-dupe,الجنة والنار من الكتاب والسنة المطهرة,aljnh walnar mn alktab walsnh almthrh,Sa'id ibn Ali al-Qahtani,سعيد بن علي بن وهف القحطاني,life-after-death,1.4,,https://islamhouse.com/ar/books/269044/
,possible-dupe,رسالتان في فتنة الدجال ويأجوج ومأجوج,rsaltan fy ftnh aldjal wyajwj wmajwj,Abd al-Rahman al-Sa'di,عبد الرحمن بن ناصر السعدي,life-after-death,7.2,,https://islamhouse.com/ar/books/205543/
,possible-dupe,الفوز العظيم والخسران المبين في ضوء الكتاب والسنة,alfwz alazym walkhsran almbyn fy dw alktab walsnh,Sa'id ibn Ali al-Qahtani,سعيد بن علي بن وهف القحطاني,life-after-death,1.1,,https://islamhouse.com/ar/books/193647/
,possible-dupe,سمات المؤمنين في الفتن وتقلب الأحوال,smat almwmnyn fy alftn wtqlb alahwal,Salih Al al-Shaykh,صالح بن عبد العزيز آل الشيخ,life-after-death,0.2,,https://islamhouse.com/ar/books/60363/
,possible-dupe,الجنة دار الأبرار والطريق الموصل إليها,aljnh dar alabrar waltryq almwsl alyha,Abu Bakr al-Jaza'iri,أبو بكر جابر الجزائري,life-after-death,0.2,,https://islamhouse.com/ar/books/2622/
x,ok,أحاديث الدجال في السنة النبوية وتوضيحها بالخرائط المعاصرة,ahadyth aldjal fy alsnh alnbwyh wtwdyhha balkhrayt almaasrh,Abd al-Muhsin al-Qasim,عبد المحسن القاسم,hadith-studies,13.7,,https://islamhouse.com/ar/books/2837705/
,possible-dupe,الضوابط الشرعية لموقف المسلم من الفتن,aldwabt alshrayh lmwqf almslm mn alftn,Salih Al al-Shaykh,صالح بن عبد العزيز آل الشيخ,aqeedah,4.2,,https://islamhouse.com/ar/books/468612/
,possible-dupe,الأصول الشرعية عند حلول الشبهات,alaswl alshrayh and hlwl alshbhat,Salih Al al-Shaykh,صالح بن عبد العزيز آل الشيخ,deviated-sects-and-bidah,0.2,,https://islamhouse.com/ar/books/167472/
,possible-dupe,شفاء العليل في مسائل القضاء والقدر والحكمة والتعليل,shfa alalyl fy msayl alqda walqdr walhkmh waltalyl,Ibn al-Qayyim,ابن قيم الجوزية,aqeedah,8.6,,https://islamhouse.com/ar/books/2831717/
,possible-dupe,الدرة البهية شرح القصيدة التائية في حل المشكلة القدرية,aldrh albhyh shrh alqsydh altayyh fy hl almshklh alqdryh,Abd al-Rahman al-Sa'di,عبد الرحمن بن ناصر السعدي,aqeedah,1.4,,https://islamhouse.com/ar/books/2830484/
,possible-dupe,حكم الدخان والتدخين على ضوء الطب والدين,hkm aldkhan waltdkhyn aly dw altb waldyn,Muhammad ibn Jamil Zeno,محمد بن جميل زينو,aqeedah,1.6,,https://islamhouse.com/ar/books/2830397/
x,ok,طريقة لترك التدخين [اجعلها الأخيرة],tryqh ltrk altdkhyn ajalha alakhyrh,Abd al-Muhsin al-Qasim,عبد المحسن القاسم,aqeedah,1.8,,https://islamhouse.com/ar/books/2828938/
,possible-dupe,تحريم آلات الطرب,thrym alat altrb,Muhammad Nasir al-Din al-Albani,محمد ناصر الدين الألباني,aqeedah,5.4,,https://islamhouse.com/ar/books/2828770/
,possible-dupe,التحذير من الإسراف والتبذير,althdhyr mn alasraf waltbdhyr,Abd al-Aziz ibn Baz,عبد العزيز بن باز,aqeedah,0.8,,https://islamhouse.com/ar/books/2828084/
,possible-dupe,تحذير الداني والقاصي من خطر الذنوب والمعاصي,thdhyr aldany walqasy mn khtr aldhnwb walmaasy,Ibn Khuzaymah,ابن خزيمة,aqeedah,0.3,,https://islamhouse.com/ar/books/420822/
,possible-dupe,كتاب الكبائر للشيخ محمد بن عبد الوهاب,ktab alkbayr llshykh mhmd bn abd alwhab,Muhammad ibn Abd al-Wahhab,محمد بن عبد الوهاب,aqeedah,1.1,,https://islamhouse.com/ar/books/264146/
,possible-dupe,نور التقوى وظلمات المعاصي,nwr altqwy wzlmat almaasy,Sa'id ibn Ali al-Qahtani,سعيد بن علي بن وهف القحطاني,aqeedah,2.3,,https://islamhouse.com/ar/books/193646/
,possible-dupe,نور الهدى وظلمات الضلال,nwr alhdy wzlmat aldlal,Sa'id ibn Ali al-Qahtani,سعيد بن علي بن وهف القحطاني,aqeedah,9.5,,https://islamhouse.com/ar/books/193644/
,possible-dupe,الكبائر,alkbayr,al-Dhahabi,الذهبي,aqeedah,10.3,,https://islamhouse.com/ar/books/141377/
,possible-dupe,الطاغوت,altaghwt,Sa'id ibn Ali al-Qahtani,سعيد بن علي بن وهف القحطاني,spiritual-healing,7.4,,https://islamhouse.com/ar/books/396556/
x,ok,الحسام الماحق لكل مشرك ومنافق,alhsam almahq lkl mshrk wmnafq,Taqi al-Din al-Hilali,تقي الدين الهلالي,dawah,1.8,,https://islamhouse.com/ar/books/344196/
,possible-dupe,تحريم دعاء غير الله - من كلام بعض علماء المذاهب الأربعة -,thrym daa ghyr allh mn klam bad alma almdhahb alarbah,Abd al-Rahman ibn Hasan Al al-Shaykh,عبد الرحمن بن حسن آل الشيخ,scholars,0.3,,https://islamhouse.com/ar/books/2824472/
x,ok,فصول في بيان الشرك الأكبر,fswl fy byan alshrk alakbr,Abd al-Aziz al-Rajihi,عبد العزيز الراجحي,aqeedah,3.4,,https://islamhouse.com/ar/books/2830689/
x,ok,فصول في بيان الشرك الأصغر,fswl fy byan alshrk alasghr,Abd al-Aziz al-Rajihi,عبد العزيز الراجحي,aqeedah,3.1,,https://islamhouse.com/ar/books/2830690/
x,review,بدعة المولد النبوي,bdah almwld alnbwy,Abd al-Aziz al-Rajihi,عبد العزيز الراجحي,deviated-sects-and-bidah,1.1,,https://islamhouse.com/ar/books/2839244/
,possible-dupe,البدع وآثارها السيئة,albda watharha alsyyh,Abd al-Aziz ibn Baz,عبد العزيز بن باز,deviated-sects-and-bidah,1.9,,https://islamhouse.com/ar/books/2828082/
,possible-dupe,حرمة الابتداع في الدين,hrmh alabtdaa fy aldyn,Abu Bakr al-Jaza'iri,أبو بكر جابر الجزائري,deviated-sects-and-bidah,0.4,,https://islamhouse.com/ar/books/2821800/
,possible-dupe,البدعة تعريفها - أنواعها - أحكامها,albdah taryfha anwaaha ahkamha,Salih al-Fawzan,صالح بن فوزان الفوزان,deviated-sects-and-bidah,3.1,,https://islamhouse.com/ar/books/2808339/
,possible-dupe,التحذير من البدع,althdhyr mn albda,Abd al-Aziz ibn Baz,عبد العزيز بن باز,deviated-sects-and-bidah,1.6,,https://islamhouse.com/ar/books/102352/
,possible-dupe,نور السنة وظلمات البدعة,nwr alsnh wzlmat albdah,Sa'id ibn Ali al-Qahtani,سعيد بن علي بن وهف القحطاني,deviated-sects-and-bidah,2.2,,https://islamhouse.com/ar/books/1942/
,possible-dupe,تربية النبي صلى الله عليه وسلم لأصحابه رضوان الله عليهم,trbyh alnby sly allh alyh wslm lashabh rdwan allh alyhm,Imam Muslim,مسلم بن الحجاج,hadith-studies,14.7,,https://islamhouse.com/ar/books/2838813/
,possible-dupe,عهود الصحابة وأثرها في تاريخ الإسلام,ahwd alshabh wathrha fy tarykh alaslam,Imam Muslim,مسلم بن الحجاج,islamic-history,3,,https://islamhouse.com/ar/books/2832023/
,review,تاريخ الخلفاء,tarykh alkhlfa,al-Suyuti,السيوطي,islamic-history,13,,https://islamhouse.com/ar/books/462851/
,possible-dupe,واجبنا نحو الصحابة رضي الله عنهم,wajbna nhw alshabh rdy allh anhm,Abd al-Razzaq al-Badr,عبد الرزاق بن عبد المحسن البدر,learning-arabic,11.8,,https://islamhouse.com/ar/books/381125/
,possible-dupe,مواقف الصحابة رضي الله عنهم في الدعوة إلى الله تعالى,mwaqf alshabh rdy allh anhm fy aldawh aly allh taaly,Sa'id ibn Ali al-Qahtani,سعيد بن علي بن وهف القحطاني,dawah,2.3,,https://islamhouse.com/ar/books/337970/
,review,الثغور الباسمة في مناقب سيدتنا فاطمة بنت رسول الله صلى الله عليه وسلم,althghwr albasmh fy mnaqb sydtna fatmh bnt rswl allh sly allh alyh wslm,al-Suyuti,السيوطي,quran-studies,2.6,,https://islamhouse.com/ar/books/335472/
x,ok,مختصر سيرة النبي صلى الله عليه وسلم وسيرة أصحابه العشرة,mkhtsr syrh alnby sly allh alyh wslm wsyrh ashabh alashrh,Abd al-Ghani al-Maqdisi,عبد الغني المقدسي,islamic-history,3.1,,https://islamhouse.com/ar/books/326813/
x,ok,شرح اللمعة في الأجوبة السبعة,shrh allmah fy alajwbh alsbah,Abd al-Aziz al-Rajihi,عبد العزيز الراجحي,aqeedah,19.9,,https://islamhouse.com/ar/books/2830731/
x,ok,من عادى لي وليًا فقد آذنته بالحرب,mn aady ly wlya fqd adhnth balhrb,Abd al-Aziz al-Rajihi,عبد العزيز الراجحي,aqeedah,3.9,,https://islamhouse.com/ar/books/2830734/
,possible-dupe,فوائد من شرح اقتضاء الصراط المستقيم لمخالفة أصحاب الجحيم,fwayd mn shrh aqtda alsrat almstqym lmkhalfh ashab aljhym,Abd al-Aziz ibn Baz,عبد العزيز بن باز,fatwaas-and-prohibited-disliked,4.4,,https://islamhouse.com/ar/books/2800292/
,possible-dupe,البراهين الجلية في إبطال العادات القبلية الجاهلية المخالفة للشريعة الإسلامية,albrahyn aljlyh fy abtal alaadat alqblyh aljahlyh almkhalfh llshryah alaslamyh,Sa'id ibn Ali al-Qahtani,سعيد بن علي بن وهف القحطاني,spiritual-healing,2.5,,https://islamhouse.com/ar/books/406560/
,possible-dupe,شـرح رسالة الدلائل في حكم موالاة أهل الإشراك,shrh rsalh aldlayl fy hkm mwalah ahl alashrak,Salih al-Fawzan,صالح بن فوزان الفوزان,aqeedah,5.7,,https://islamhouse.com/ar/books/314830/
x,ok,المنهج الصحيح,almnhj alshyh,Abdullah al-Ghunayman,عبد الله الغنيمان,hadith-studies,0.7,,https://islamhouse.com/ar/books/2833321/
x,ok,الهادي الحثيث في شرح عقيدة السلف وأصحاب الحديث,alhady alhthyth fy shrh aqydh alslf washab alhdyth,Abd al-Aziz al-Rajihi,عبد العزيز الراجحي,hadith-studies,6.6,,https://islamhouse.com/ar/books/2830733/
x,ok,عون القاري بالتعليق على شرح السنة للبربهاري,awn alqary baltalyq aly shrh alsnh llbrbhary,Abd al-Aziz al-Rajihi,عبد العزيز الراجحي,hadith-studies,7.5,,https://islamhouse.com/ar/books/2830688/
x,ok,شرح أصول السنة لأبي بكر الحميدي,shrh aswl alsnh laby bkr alhmydy,Abd al-Aziz al-Rajihi,عبد العزيز الراجحي,hadith-studies,11.4,,https://islamhouse.com/ar/books/2830687/
x,ok,شرح أصول السنة للإمام أحمد بن حنبل,shrh aswl alsnh llamam ahmd bn hnbl,Abd al-Aziz al-Rajihi,عبد العزيز الراجحي,hadith-studies,5.7,,https://islamhouse.com/ar/books/2830686/
x,ok,هذه عقيدتي: عقيدة أهل السنة والجماعة,hdhh aqydty aqydh ahl alsnh waljmaah,Abd al-Aziz al-Rajihi,عبد العزيز الراجحي,hadith-studies,5,,https://islamhouse.com/ar/books/2830596/
,possible-dupe,التعليق المختصر على القصيدة النونية,altalyq almkhtsr aly alqsydh alnwnyh,Salih al-Fawzan,صالح بن فوزان الفوزان,hadith-studies,15.2,,https://islamhouse.com/ar/books/205557/
x,ok,الإعانة على تقريب الشرح والإبانة,alaaanh aly tqryb alshrh walabanh,Abd al-Aziz al-Rajihi,عبد العزيز الراجحي,aqeedah,16.1,,https://islamhouse.com/ar/books/2830730/
x,ok,عقيدة الحافظ تقي الدين عبد الغني المقدسي,aqydh alhafz tqy aldyn abd alghny almqdsy,Abd al-Ghani al-Maqdisi,عبد الغني المقدسي,aqeedah,2.1,,https://islamhouse.com/ar/books/2821792/
,possible-dupe,ثبات عقيدة السلف وسلامتها من التغيرات,thbat aqydh alslf wslamtha mn altghyrat,Abd al-Razzaq al-Badr,عبد الرزاق بن عبد المحسن البدر,aqeedah,0.5,,https://islamhouse.com/ar/books/316847/
,possible-dupe,مجمل عقيدة السلف الصالح,mjml aqydh alslf alsalh,Salih al-Fawzan,صالح بن فوزان الفوزان,aqeedah,2.1,,https://islamhouse.com/ar/books/314798/
,dupe-internal,هداية الحيارى في أجوبة اليهود والنصارى,hdayh alhyary fy ajwbh alyhwd walnsary,Ibn al-Qayyim,ابن قيم الجوزية,spiritual-healing,7.8,,https://islamhouse.com/ar/books/2827757/
,possible-dupe,هداية الحيارى في أجوبة اليهود والنصارى,hdayh alhyary fy ajwbh alyhwd walnsary,Ibn al-Qayyim,ابن قيم الجوزية,spiritual-healing,10.1,,https://islamhouse.com/ar/books/2841149/
x,ok,القاديانية : دراسات وتحليل,alqadyanyh drasat wthlyl,Ihsan Ilahi Zahir,إحسان إلهي ظهير,deviated-sects-and-bidah,5.7,,https://islamhouse.com/ar/books/2825039/
,possible-dupe,لمحة عن الفرق الضالة,lmhh an alfrq aldalh,Salih al-Fawzan,صالح بن فوزان الفوزان,deviated-sects-and-bidah,4.8,,https://islamhouse.com/ar/books/314808/
,possible-dupe,الرسالة السنية إلى الطائفة العدوية,alrsalh alsnyh aly altayfh aladwyh,Ibn Taymiyyah,ابن تيمية,deviated-sects-and-bidah,7,,https://islamhouse.com/ar/books/2836701/
,possible-dupe,ذم ما عليه مدعو التصوف من الغناء والرقص,dhm ma alyh mdaw altswf mn alghna walrqs,Ibn Qudamah al-Maqdisi,ابن قدامة المقدسي,deviated-sects-and-bidah,2.8,,https://islamhouse.com/ar/books/2836655/
x,ok,الشيعة والتشيع : فرق وتاريخ,alshyah waltshya frq wtarykh,Ihsan Ilahi Zahir,إحسان إلهي ظهير,deviated-sects-and-bidah,7,,https://islamhouse.com/ar/books/2825666/
x,ok,الشيعة والسنة,alshyah walsnh,Ihsan Ilahi Zahir,إحسان إلهي ظهير,deviated-sects-and-bidah,4.1,,https://islamhouse.com/ar/books/2825665/
x,ok,الشيعة والقرآن,alshyah walqran,Ihsan Ilahi Zahir,إحسان إلهي ظهير,deviated-sects-and-bidah,6.5,,https://islamhouse.com/ar/books/2825664/
x,ok,الشيعة وأهل البيت,alshyah wahl albyt,Ihsan Ilahi Zahir,إحسان إلهي ظهير,deviated-sects-and-bidah,6.5,,https://islamhouse.com/ar/books/2825663/
,possible-dupe,حقيقة دعوة التقريب,hqyqh dawh altqryb,Bakr Abu Zayd,بكر بن عبد الله أبو زيد,deviated-sects-and-bidah,0.6,,https://islamhouse.com/ar/books/2817357/
x,ok,إثراء المقال في شرح رد الإمام على الجهمي الضال,athra almqal fy shrh rd alamam aly aljhmy aldal,Abd al-Aziz al-Rajihi,عبد العزيز الراجحي,deviated-sects-and-bidah,1,,https://islamhouse.com/ar/books/2816861/
,possible-dupe,الصوفية في ميزان الكتاب والسنة,alswfyh fy myzan alktab walsnh,Muhammad ibn Jamil Zeno,محمد بن جميل زينو,deviated-sects-and-bidah,2.7,,https://islamhouse.com/ar/books/2813129/
,possible-dupe,ضلال جماعة الأحباش,dlal jmaah alahbash,The Permanent Committee (al-Lajnah al-Da'imah),اللجنة الدائمة للبحوث العلمية والإفتاء,deviated-sects-and-bidah,1.4,,https://islamhouse.com/ar/books/794369/
,possible-dupe,الإلحاد الخميني في أرض الحرمين,alalhad alkhmyny fy ard alhrmyn,Muqbil ibn Hadi al-Wadi'i,مقبل بن هادي الوادعي,deviated-sects-and-bidah,5.9,,https://islamhouse.com/ar/books/380511/
,possible-dupe,صعقة الزلزال لنسف أباطيل الرفض والاعتزال,saqh alzlzal lnsf abatyl alrfd walaatzal,Muqbil ibn Hadi al-Wadi'i,مقبل بن هادي الوادعي,deviated-sects-and-bidah,7.8,,https://islamhouse.com/ar/books/380506/
x,ok,الهدية الهادية إلى الطائفة التيجانية,alhdyh alhadyh aly altayfh altyjanyh,Taqi al-Din al-Hilali,تقي الدين الهلالي,deviated-sects-and-bidah,3.7,,https://islamhouse.com/ar/books/343863/
x,ok,عقائد الشيعة الاثني عشرية [سؤال وجواب],aqayd alshyah alathny ashryh swal wjwab,Sa'd al-Shithri,سعد الشثري,deviated-sects-and-bidah,3.7,,https://islamhouse.com/ar/books/333189/
,possible-dupe,البيان بالدليل لما في نصيحة الرفاعي ومقدمة البوطي من الكذب الواضح والتضليل,albyan baldlyl lma fy nsyhh alrfaay wmqdmh albwty mn alkdhb alwadh waltdlyl,Salih al-Fawzan,صالح بن فوزان الفوزان,deviated-sects-and-bidah,4.4,,https://islamhouse.com/ar/books/314804/
,possible-dupe,رسالة في الرد على الرافضة,rsalh fy alrd aly alrafdh,Muhammad ibn Abd al-Wahhab,محمد بن عبد الوهاب,deviated-sects-and-bidah,0.8,,https://islamhouse.com/ar/books/264194/
,possible-dupe,المنتقى من منهاج الاعتدال في نقض كلام أهل الرفض والاعتزال [ مختصر منهاج السنة ],almntqy mn mnhaj alaatdal fy nqd klam ahl alrfd walaatzal mkhtsr mnhaj alsnh,al-Dhahabi,الذهبي,deviated-sects-and-bidah,11.9,,https://islamhouse.com/ar/books/263788/
,possible-dupe,حكم الانتماء إلى الفرق والأحزاب والجماعات الإسلامية,hkm alantma aly alfrq walahzab waljmaaat alaslamyh,Bakr Abu Zayd,بكر بن عبد الله أبو زيد,deviated-sects-and-bidah,6.6,,https://islamhouse.com/ar/books/79744/
x,ok,مختصر منهاج السنة لشيخ الإسلام ابن تيمية,mkhtsr mnhaj alsnh lshykh alaslam abn tymyh,Abdullah al-Ghunayman,عبد الله الغنيمان,deviated-sects-and-bidah,9.7,,https://islamhouse.com/ar/books/57807/
,possible-dupe,هذه نصيحتي إلى كل شيعي,hdhh nsyhty aly kl shyay,Abu Bakr al-Jaza'iri,أبو بكر جابر الجزائري,deviated-sects-and-bidah,0.1,,https://islamhouse.com/ar/books/2623/
,possible-dupe,إلى التصوف ياعباد الله,aly altswf yaabad allh,Abu Bakr al-Jaza'iri,أبو بكر جابر الجزائري,deviated-sects-and-bidah,3.4,,https://islamhouse.com/ar/books/2603/
,possible-dupe,حقيقة التصوف وموقف الصوفية من أصول العبادة والدين,hqyqh altswf wmwqf alswfyh mn aswl alabadh waldyn,Salih al-Fawzan,صالح بن فوزان الفوزان,deviated-sects-and-bidah,0.6,,https://islamhouse.com/ar/books/2068/
,possible-dupe,الأسئلة اليامية على العقيدة الإسماعيلية,alasylh alyamyh aly alaqydh alasmaaylyh,Abd al-Aziz ibn Baz,عبد العزيز بن باز,aqeedah,2.6,,https://islamhouse.com/ar/books/2826047/
,possible-dupe,الصواعق المرسلة على الجهمية والمعطلة,alswaaq almrslh aly aljhmyh walmatlh,Ibn al-Qayyim,ابن قيم الجوزية,spiritual-healing,19.9,,https://islamhouse.com/ar/books/2831716/
,possible-dupe,الرد على الزنادقة والجهمية فيما شكت فيه من متشابه القرآن وتأولته على غير تأويله,alrd aly alznadqh waljhmyh fyma shkt fyh mn mtshabh alqran wtawlth aly ghyr tawylh,Imam Ahmad ibn Hanbal,أحمد بن حنبل,deviated-sects-and-bidah,2.9,,https://islamhouse.com/ar/books/2828031/
,possible-dupe,الأدلة القواطع والبراهين في إبطال أصول الملحدين,aladlh alqwata walbrahyn fy abtal aswl almlhdyn,Abd al-Rahman al-Sa'di,عبد الرحمن بن ناصر السعدي,quran-studies,1.9,,https://islamhouse.com/ar/books/2825998/
,possible-dupe,النصيحة الربانية في الرد على المغترين بدعاة الإلحاد والمدنية الغربية,alnsyhh alrbanyh fy alrd aly almghtryn bdaah alalhad walmdnyh alghrbyh,Abd al-Rahman al-Sa'di,عبد الرحمن بن ناصر السعدي,deviated-sects-and-bidah,1.7,,https://islamhouse.com/ar/books/2825997/
,possible-dupe,نقد القومية العربية على ضوء الإسلام والواقع,nqd alqwmyh alarbyh aly dw alaslam walwaqa,Abd al-Aziz ibn Baz,عبد العزيز بن باز,fatwaas-and-prohibited-disliked,0.6,,https://islamhouse.com/ar/books/102357/
,possible-dupe,كيفية دعوة الملحدين إلى الله تعالى في ضوء الكتاب والسنة,kyfyh dawh almlhdyn aly allh taaly fy dw alktab walsnh,Sa'id ibn Ali al-Qahtani,سعيد بن علي بن وهف القحطاني,hadith-studies,2,,https://islamhouse.com/ar/books/338049/
,possible-dupe,الفروسية المحمدية,alfrwsyh almhmdyh,Ibn al-Qayyim,ابن قيم الجوزية,islamic-jurisprudence,7.4,,https://islamhouse.com/ar/books/2841140/
,possible-dupe,إغاثة اللهفان في حكم طلاق الغضبان,aghathh allhfan fy hkm tlaq alghdban,Ibn al-Qayyim,ابن قيم الجوزية,islamic-jurisprudence,1.8,,https://islamhouse.com/ar/books/2841128/
,possible-dupe,أحكام أهل الذمة,ahkam ahl aldhmh,Ibn al-Qayyim,ابن قيم الجوزية,islamic-jurisprudence,20.4,,https://islamhouse.com/ar/books/2841127/
,possible-dupe,مجموع الشروح الفقهية للعلامة الشيخ عبد العزيز ابن باز رحمه الله,mjmwa alshrwh alfqhyh llalamh alshykh abd alazyz abn baz rhmh allh,Abd al-Aziz ibn Baz,عبد العزيز بن باز,islamic-jurisprudence,22.6,,https://islamhouse.com/ar/books/2838540/
x,ok,صحة الإجازة في القرآن الكريم والسنة النبوية عن بُعد,shh alajazh fy alqran alkrym walsnh alnbwyh an bad,Abd al-Muhsin al-Qasim,عبد المحسن القاسم,islamic-jurisprudence,7.6,,https://islamhouse.com/ar/books/2837710/
x,ok,حد السرقة [دراسة فقهية مقارنة],hd alsrqh drash fqhyh mqarnh,Abd al-Muhsin al-Qasim,عبد المحسن القاسم,islamic-jurisprudence,2.8,,https://islamhouse.com/ar/books/2837703/
x,ok,أوعية مستخدمة وما يساويها بالصاع والمد,awayh mstkhdmh wma ysawyha balsaa walmd,Abd al-Muhsin al-Qasim,عبد المحسن القاسم,islamic-jurisprudence,0.3,,https://islamhouse.com/ar/books/2837702/
,possible-dupe,الإجابات على أسئلة الجاليات - ابن عثيمين,alajabat aly asylh aljalyat abn athymyn,Muhammad ibn Salih al-Uthaymin,محمد بن صالح العثيمين,islamic-jurisprudence,1.8,,https://islamhouse.com/ar/books/2836064/
x,ok,الطرق الشرعية لإنشاء المباني الحكومية,altrq alshrayh lansha almbany alhkwmyh,Sa'd al-Shithri,سعد الشثري,islamic-jurisprudence,0.2,,https://islamhouse.com/ar/books/388637/
,possible-dupe,أمن البلاد: أهميته ووسائل تحقيقه وحفظه,amn alblad ahmyth wwsayl thqyqh whfzh,Abd al-Razzaq al-Badr,عبد الرزاق بن عبد المحسن البدر,islamic-jurisprudence,0.5,,https://islamhouse.com/ar/books/344671/
,possible-dupe,أحكام آخر الأيام,ahkam akhr alayam,Abu Bakr al-Jaza'iri,أبو بكر جابر الجزائري,new-muslims,0.4,,https://islamhouse.com/ar/books/407327/
,possible-dupe,مختصر أحكام الجنائز,mkhtsr ahkam aljnayz,Salih al-Fawzan,صالح بن فوزان الفوزان,aqeedah,1.8,,https://islamhouse.com/ar/books/314797/
,possible-dupe,أحكام الجنائز في ضوء الكتاب والسنة,ahkam aljnayz fy dw alktab walsnh,Sa'id ibn Ali al-Qahtani,سعيد بن علي بن وهف القحطاني,hadith-studies,7.5,,https://islamhouse.com/ar/books/53244/
,possible-dupe,كيفية صلاة النبي صلى الله عليه وسلم وأحكام صلاة المريض وطهارته,kyfyh slah alnby sly allh alyh wslm wahkam slah almryd wtharth,Abd al-Aziz ibn Baz,عبد العزيز بن باز,islamic-jurisprudence,0.5,,https://islamhouse.com/ar/books/2828177/
,possible-dupe,حكم إعفاء اللحية وخبر الآحاد,hkm aafa allhyh wkhbr alahad,Abd al-Aziz ibn Baz,عبد العزيز بن باز,fatwaas-and-prohibited-disliked,0.7,,https://islamhouse.com/ar/books/2821793/
,possible-dupe,أذكار الطهارة والصلاة,adhkar altharh walslah,Abd al-Razzaq al-Badr,عبد الرزاق بن عبد المحسن البدر,spiritual-healing,0.8,,https://islamhouse.com/ar/books/316774/
,possible-dupe,رسالة في أحكام الطهارة,rsalh fy ahkam altharh,Muhammad ibn Abd al-Wahhab,محمد بن عبد الوهاب,aqeedah,0.5,,https://islamhouse.com/ar/books/264150/
,possible-dupe,طهور المسلم في ضوء الكتاب والسنة,thwr almslm fy dw alktab walsnh,Sa'id ibn Ali al-Qahtani,سعيد بن علي بن وهف القحطاني,hadith-studies,2.5,,https://islamhouse.com/ar/books/1926/
,possible-dupe,تلخيص صفة صلاة النبي صلى الله عليه وسلم,tlkhys sfh slah alnby sly allh alyh wslm,Muhammad Nasir al-Din al-Albani,محمد ناصر الدين الألباني,islamic-jurisprudence,0.7,,https://islamhouse.com/ar/books/2836019/
x,ok,شرح رسالة شروط الصلاة وواجباتها وأركانها,shrh rsalh shrwt alslah wwajbatha warkanha,Abd al-Aziz al-Rajihi,عبد العزيز الراجحي,islamic-jurisprudence,12.3,,https://islamhouse.com/ar/books/2830693/
,possible-dupe,فتاوى مهمة تتعلق بالصلاة,ftawy mhmh ttalq balslah,Abd al-Aziz ibn Baz,عبد العزيز بن باز,islamic-jurisprudence,1.1,,https://islamhouse.com/ar/books/2828173/
,possible-dupe,فتاوى عن صلاة الفجر,ftawy an slah alfjr,Abd al-Aziz ibn Baz,عبد العزيز بن باز,islamic-jurisprudence,0.7,,https://islamhouse.com/ar/books/2828172/
,possible-dupe,رسالتان في الصلاة,rsaltan fy alslah,Abd al-Aziz ibn Baz,عبد العزيز بن باز,islamic-jurisprudence,0.6,,https://islamhouse.com/ar/books/2828168/
,possible-dupe,رسالة في تعظيم شأن الصلاة,rsalh fy tazym shan alslah,Abd al-Aziz ibn Baz,عبد العزيز بن باز,islamic-jurisprudence,1.6,,https://islamhouse.com/ar/books/2828166/
,dupe-internal,كتاب الصلاة,ktab alslah,Ibn al-Qayyim,ابن قيم الجوزية,islamic-jurisprudence,7.2,,https://islamhouse.com/ar/books/2827763/
,possible-dupe,تعظيم الصلاة,tazym alslah,Abd al-Razzaq al-Badr,عبد الرزاق بن عبد المحسن البدر,islamic-jurisprudence,3.6,,https://islamhouse.com/ar/books/2824768/
,possible-dupe,ثلاث رسائل في الصلاة,thlath rsayl fy alslah,Abd al-Aziz ibn Baz,عبد العزيز بن باز,islamic-jurisprudence,2,,https://islamhouse.com/ar/books/2821818/
,possible-dupe,فتاوى في أحكام قصر وجمع الصلاة,ftawy fy ahkam qsr wjma alslah,Abd al-Aziz ibn Baz,عبد العزيز بن باز,islamic-jurisprudence,3.4,,https://islamhouse.com/ar/books/2821804/
,possible-dupe,شرح شروط الصلاة وأركانها وواجباتها,shrh shrwt alslah warkanha wwajbatha,Abd al-Aziz ibn Baz,عبد العزيز بن باز,islamic-jurisprudence,3.9,,https://islamhouse.com/ar/books/2804100/
,possible-dupe,صفة صلاة النبي صلى الله عليه وسلم من التكبير إلى التسليم كأنك تراها,sfh slah alnby sly allh alyh wslm mn altkbyr aly altslym kank traha,Muhammad Nasir al-Din al-Albani,محمد ناصر الدين الألباني,islamic-jurisprudence,9.1,,https://islamhouse.com/ar/books/469532/
x,ok,رفع اليدين في الصلاة,rfa alydyn fy alslah,Imam al-Bukhari,محمد بن إسماعيل البخاري,islamic-jurisprudence,3.4,,https://islamhouse.com/ar/books/468591/
x,ok,أرحنا بها يا بلال .. الصلاة الصلاة,arhna bha ya blal alslah alslah,Ibn Khuzaymah,ابن خزيمة,islamic-jurisprudence,0.3,,https://islamhouse.com/ar/books/420597/
x,ok,آداب المشي إلى الصلاة,adab almshy aly alslah,Muhammad ibn Abd al-Wahhab,محمد بن عبد الوهاب,islamic-jurisprudence,0.6,,https://islamhouse.com/ar/books/264152/
x,ok,شروط الصلاة وأركانها وواجباتها,shrwt alslah warkanha wwajbatha,Muhammad ibn Abd al-Wahhab,محمد بن عبد الوهاب,islamic-jurisprudence,1.9,,https://islamhouse.com/ar/books/264151/
x,ok,إجابة النداء في ضوء الكتاب العزيز والسنة المطهرة,ajabh alnda fy dw alktab alazyz walsnh almthrh,Sa'id ibn Ali al-Qahtani,سعيد بن علي بن وهف القحطاني,islamic-jurisprudence,0.6,,https://islamhouse.com/ar/books/193640/
x,ok,لا جديد في أحكام الصلاة,la jdyd fy ahkam alslah,Bakr Abu Zayd,بكر بن عبد الله أبو زيد,islamic-jurisprudence,0.9,,https://islamhouse.com/ar/books/169192/
x,ok,شرح كتاب آداب المشي إلى الصلاة,shrh ktab adab almshy aly alslah,Muhammad ibn Ibrahim Al al-Shaykh,محمد بن إبراهيم آل الشيخ,islamic-jurisprudence,5.9,,https://islamhouse.com/ar/books/144995/
x,review,كيفية صلاة النبي صلى الله عليه وسلم,kyfyh slah alnby sly allh alyh wslm,Abd al-Aziz ibn Baz,عبد العزيز بن باز,islamic-jurisprudence,4.6,,https://islamhouse.com/ar/books/62675/
x,ok,صلاة المؤمن في ضوء الكتاب والسنة,slah almwmn fy dw alktab walsnh,Sa'id ibn Ali al-Qahtani,سعيد بن علي بن وهف القحطاني,islamic-jurisprudence,28.1,,https://islamhouse.com/ar/books/58445/
x,ok,أركان الصلاة في ضوء الكتاب والسنة,arkan alslah fy dw alktab walsnh,Sa'id ibn Ali al-Qahtani,سعيد بن علي بن وهف القحطاني,islamic-jurisprudence,0.5,,https://islamhouse.com/ar/books/58440/
x,ok,صلاة التطوع في ضوء الكتاب والسنة,slah alttwa fy dw alktab walsnh,Sa'id ibn Ali al-Qahtani,سعيد بن علي بن وهف القحطاني,islamic-jurisprudence,1.2,,https://islamhouse.com/ar/books/53246/
x,ok,شروط الصلاة في ضوء الكتاب والسنة,shrwt alslah fy dw alktab walsnh,Sa'id ibn Ali al-Qahtani,سعيد بن علي بن وهف القحطاني,islamic-jurisprudence,0.5,,https://islamhouse.com/ar/books/53245/
x,ok,الإمامة في الصلاة في ضوء الكتاب والسنة,alamamh fy alslah fy dw alktab walsnh,Sa'id ibn Ali al-Qahtani,سعيد بن علي بن وهف القحطاني,islamic-jurisprudence,1.1,,https://islamhouse.com/ar/books/2105/
x,ok,قرة عيون المصلين في بيان صفة صلاة المحسنين,qrh aywn almslyn fy byan sfh slah almhsnyn,Sa'id ibn Ali al-Qahtani,سعيد بن علي بن وهف القحطاني,islamic-jurisprudence,1.6,,https://islamhouse.com/ar/books/1948/
x,ok,سجود السهو في ضوء الكتاب والسنة,sjwd alshw fy dw alktab walsnh,Sa'id ibn Ali al-Qahtani,سعيد بن علي بن وهف القحطاني,islamic-jurisprudence,0.3,,https://islamhouse.com/ar/books/1939/
x,ok,صلاة الجماعة في ضوء الكتاب والسنة,slah aljmaah fy dw alktab walsnh,Sa'id ibn Ali al-Qahtani,سعيد بن علي بن وهف القحطاني,islamic-jurisprudence,0.8,,https://islamhouse.com/ar/books/1922/
x,ok,الأذان والإقامة في ضوء الكتاب والسنة,aladhan walaqamh fy dw alktab walsnh,Sa'id ibn Ali al-Qahtani,سعيد بن علي بن وهف القحطاني,islamic-jurisprudence,0.7,,https://islamhouse.com/ar/books/1920/
x,ok,منزلة الصلاة في الإسلام,mnzlh alslah fy alaslam,Sa'id ibn Ali al-Qahtani,سعيد بن علي بن وهف القحطاني,islamic-jurisprudence,0.6,,https://islamhouse.com/ar/books/1915/
x,ok,الفوائد المنتقاة في التعليق على رسالة الصلاة للإمام أحمد بن حنبل,alfwayd almntqah fy altalyq aly rsalh alslah llamam ahmd bn hnbl,Abd al-Aziz al-Rajihi,عبد العزيز الراجحي,islamic-jurisprudence,14.4,,https://islamhouse.com/ar/books/2830727/
x,ok,فضائل الحرمين الشريفين,fdayl alhrmyn alshryfyn,Abd al-Muhsin al-Qasim,عبد المحسن القاسم,islamic-jurisprudence,6.5,,https://islamhouse.com/ar/books/2828969/
x,ok,فضل قيام الليل والتهجد,fdl qyam allyl walthjd,al-Ajurri,الآجري,islamic-jurisprudence,2.1,,https://islamhouse.com/ar/books/2821950/
x,ok,فضائل الصيام وقيام صلاة التراويح,fdayl alsyam wqyam slah altrawyh,Sa'id ibn Ali al-Qahtani,سعيد بن علي بن وهف القحطاني,islamic-jurisprudence,0.7,,https://islamhouse.com/ar/books/53240/
x,ok,كيفية صلاة النبي صلى الله عليه وسلم ووجوب الصلاة في الجماعة,kyfyh slah alnby sly allh alyh wslm wwjwb alslah fy aljmaah,Abd al-Aziz ibn Baz,عبد العزيز بن باز,islamic-jurisprudence,0.4,,https://islamhouse.com/ar/books/2833957/
x,ok,التعليق على صفة صلاة النبي صلى الله عليه وسلم,altalyq aly sfh slah alnby sly allh alyh wslm,Muhammad ibn Salih al-Uthaymin,محمد بن صالح العثيمين,islamic-jurisprudence,2.4,,https://islamhouse.com/ar/books/2830424/
x,ok,رفع اليدين في الصلاة,rfa alydyn fy alslah,Ibn al-Qayyim,ابن قيم الجوزية,islamic-jurisprudence,4.8,,https://islamhouse.com/ar/books/2827761/
x,ok,أحكام صلاة الجمعة والجماعة والعيدين في زمن كورونا,ahkam slah aljmah waljmaah walaydyn fy zmn kwrwna,Muhammad al-Amin al-Shinqiti,محمد الأمين الشنقيطي,islamic-jurisprudence,0.7,,https://islamhouse.com/ar/books/2831192/
x,ok,صلاة العيدين في المصلى هي السنة,slah alaydyn fy almsly hy alsnh,Muhammad Nasir al-Din al-Albani,محمد ناصر الدين الألباني,islamic-jurisprudence,0.6,,https://islamhouse.com/ar/books/233618/
x,ok,صلاة العيدين في ضوء الكتاب والسنة,slah alaydyn fy dw alktab walsnh,Sa'id ibn Ali al-Qahtani,سعيد بن علي بن وهف القحطاني,islamic-jurisprudence,1.4,,https://islamhouse.com/ar/books/58443/
x,ok,قيام رمضان,qyam rmdan,Muhammad Nasir al-Din al-Albani,محمد ناصر الدين الألباني,islamic-jurisprudence,0.1,,https://islamhouse.com/ar/books/53518/
x,ok,صلاة الكسوف في ضوء الكتاب والسنة,slah alkswf fy dw alktab walsnh,Sa'id ibn Ali al-Qahtani,سعيد بن علي بن وهف القحطاني,islamic-jurisprudence,0.6,,https://islamhouse.com/ar/books/1943/
x,ok,صلاة الاستسقاء في ضوء الكتاب والسنة,slah alastsqa fy dw alktab walsnh,Sa'id ibn Ali al-Qahtani,سعيد بن علي بن وهف القحطاني,islamic-jurisprudence,0.6,,https://islamhouse.com/ar/books/1938/
x,ok,قيام الليل في ضوء الكتاب والسنة,qyam allyl fy dw alktab walsnh,Sa'id ibn Ali al-Qahtani,سعيد بن علي بن وهف القحطاني,islamic-jurisprudence,1,,https://islamhouse.com/ar/books/1919/
x,ok,من أعمال رمضان,mn aamal rmdan,Abd al-Aziz ibn Baz,عبد العزيز بن باز,islamic-jurisprudence,3.9,,https://islamhouse.com/ar/books/2828181/
x,ok,الجواب الصحيح في أحكام صلاة التراويح,aljwab alshyh fy ahkam slah altrawyh,Abd al-Aziz ibn Baz,عبد العزيز بن باز,islamic-jurisprudence,0.4,,https://islamhouse.com/ar/books/2801973/
x,ok,شرح الصدور بفتاوى القبور,shrh alsdwr bftawy alqbwr,Abd al-Aziz ibn Baz,عبد العزيز بن باز,fatwaas-and-prohibited-disliked,0.8,,https://islamhouse.com/ar/books/2826046/
x,ok,لحظات الاحتضار,lhzat alahtdar,Ibn Khuzaymah,ابن خزيمة,aqeedah,0.3,,https://islamhouse.com/ar/books/420821/
x,review,الإحداد في ضوء الكتاب والسنة,alahdad fy dw alktab walsnh,Sa'id ibn Ali al-Qahtani,سعيد بن علي بن وهف القحطاني,hadith-studies,0.9,,https://islamhouse.com/ar/books/394883/
x,review,العزاء في ضوء السنة المطهرة,alaza fy dw alsnh almthrh,Sa'id ibn Ali al-Qahtani,سعيد بن علي بن وهف القحطاني,hadith-studies,0.8,,https://islamhouse.com/ar/books/394882/
x,ok,التذكرة في أحكام المقبرة العقدية والفقهية,altdhkrh fy ahkam almqbrh alaqdyh walfqhyh,Sa'd al-Shithri,سعد الشثري,islamic-jurisprudence,4.3,,https://islamhouse.com/ar/books/333186/
x,ok,تعزية أصحاب المصائب,tazyh ashab almsayb,Sa'id ibn Ali al-Qahtani,سعيد بن علي بن وهف القحطاني,spiritual-healing,0.5,,https://islamhouse.com/ar/books/193671/
x,ok,شرح الصدور بتحريم رفع القبور,shrh alsdwr bthrym rfa alqbwr,al-Shawkani,الشوكاني,islamic-jurisprudence,0.5,,https://islamhouse.com/ar/books/2106/
x,ok,ثواب القرب المهداة إلى أموات المسلمين في ضوء الكتاب والسنة,thwab alqrb almhdah aly amwat almslmyn fy dw alktab walsnh,Sa'id ibn Ali al-Qahtani,سعيد بن علي بن وهف القحطاني,life-after-death,0.6,,https://islamhouse.com/ar/books/268340/
x,ok,زيارة القبور بين المشروع والممنوع,zyarh alqbwr byn almshrwa walmmnwa,Muhammad ibn Salih al-Uthaymin,محمد بن صالح العثيمين,islamic-jurisprudence,1.8,,https://islamhouse.com/ar/books/2828169/
x,ok,النصح والتذكير بفريضة الزكاة,alnsh waltdhkyr bfrydh alzkah,Abd al-Aziz ibn Baz,عبد العزيز بن باز,islamic-jurisprudence,0.9,,https://islamhouse.com/ar/books/2828163/
x,ok,الزكاة,alzkah,Abd al-Aziz ibn Baz,عبد العزيز بن باز,islamic-jurisprudence,1.5,,https://islamhouse.com/ar/books/496743/
x,ok,رسالتان موجزتان في الزكاة والصيام,rsaltan mwjztan fy alzkah walsyam,Abd al-Aziz ibn Baz,عبد العزيز بن باز,islamic-jurisprudence,2.5,,https://islamhouse.com/ar/books/231263/
x,ok,صدقة التطوع في الإسلام في ضوء الكتاب والسنة,sdqh alttwa fy alaslam fy dw alktab walsnh,Sa'id ibn Ali al-Qahtani,سعيد بن علي بن وهف القحطاني,islamic-jurisprudence,1.4,,https://islamhouse.com/ar/books/193661/
x,ok,زكاة الفطر في ضوء الكتاب والسنة,zkah alftr fy dw alktab walsnh,Sa'id ibn Ali al-Qahtani,سعيد بن علي بن وهف القحطاني,islamic-jurisprudence,0.6,,https://islamhouse.com/ar/books/193660/
x,ok,مصارف الزكاة في الإسلام في ضوء الكتاب والسنة,msarf alzkah fy alaslam fy dw alktab walsnh,Sa'id ibn Ali al-Qahtani,سعيد بن علي بن وهف القحطاني,islamic-jurisprudence,0.9,,https://islamhouse.com/ar/books/193657/
x,ok,زكاة عروض التجارة والأسهم والسندات في ضوء الكتاب والسنة,zkah arwd altjarh walashm walsndat fy dw alktab walsnh,Sa'id ibn Ali al-Qahtani,سعيد بن علي بن وهف القحطاني,islamic-jurisprudence,0.7,,https://islamhouse.com/ar/books/193656/
x,ok,زكاة الأثمان في ضوء الكتاب والسنة,zkah alathman fy dw alktab walsnh,Sa'id ibn Ali al-Qahtani,سعيد بن علي بن وهف القحطاني,islamic-jurisprudence,0.8,,https://islamhouse.com/ar/books/193655/
x,ok,زكاة الخارج من الأرض في ضوء الكتاب والسنة,zkah alkharj mn alard fy dw alktab walsnh,Sa'id ibn Ali al-Qahtani,سعيد بن علي بن وهف القحطاني,islamic-jurisprudence,0.6,,https://islamhouse.com/ar/books/193653/
x,ok,زكاة بهيمة الأنعام السائمة في ضوء الكتاب والسنة,zkah bhymh alanaam alsaymh fy dw alktab walsnh,Sa'id ibn Ali al-Qahtani,سعيد بن علي بن وهف القحطاني,islamic-jurisprudence,0.6,,https://islamhouse.com/ar/books/193651/
x,ok,منزلة الزكاة في الإسلام في ضوء الكتاب والسنة,mnzlh alzkah fy alaslam fy dw alktab walsnh,Sa'id ibn Ali al-Qahtani,سعيد بن علي بن وهف القحطاني,islamic-jurisprudence,1,,https://islamhouse.com/ar/books/193650/
x,ok,الزكاة في الإسلام في ضوء الكتاب والسنة,alzkah fy alaslam fy dw alktab walsnh,Sa'id ibn Ali al-Qahtani,سعيد بن علي بن وهف القحطاني,islamic-jurisprudence,11.2,,https://islamhouse.com/ar/books/193637/
,dupe-internal,دروس في رمضان,drws fy rmdan,Abd al-Aziz al-Rajihi,عبد العزيز الراجحي,islamic-jurisprudence,9.4,,https://islamhouse.com/ar/books/2834053/
x,ok,الدرر البهية من الفوائد البازية - كتاب الصيام -,aldrr albhyh mn alfwayd albazyh ktab alsyam,Abd al-Aziz ibn Baz,عبد العزيز بن باز,islamic-jurisprudence,1.2,,https://islamhouse.com/ar/books/2828092/
x,ok,فتاوى الشيخ صالح آل الشيخ في الصيام,ftawy alshykh salh al alshykh fy alsyam,Salih Al al-Shaykh,صالح بن عبد العزيز آل الشيخ,islamic-jurisprudence,7.4,,https://islamhouse.com/ar/books/2806225/
x,ok,ثلاثون سؤالا في الصيام,thlathwn swala fy alsyam,Abd al-Aziz ibn Baz,عبد العزيز بن باز,islamic-jurisprudence,0.5,,https://islamhouse.com/ar/books/2801974/
x,ok,حقيقة الصيام,hqyqh alsyam,Ibn Taymiyyah,ابن تيمية,islamic-jurisprudence,1.1,,https://islamhouse.com/ar/books/273066/
x,ok,الصيام في الإسلام,alsyam fy alaslam,Sa'id ibn Ali al-Qahtani,سعيد بن علي بن وهف القحطاني,islamic-jurisprudence,13.4,,https://islamhouse.com/ar/books/193638/
x,ok,أحاديث الصيام من الصحيحين,ahadyth alsyam mn alshyhyn,Abd al-Muhsin al-Qasim,عبد المحسن القاسم,islamic-jurisprudence,0.9,,https://islamhouse.com/ar/books/2842721/
x,ok,مختصر في أحكام الصيام,mkhtsr fy ahkam alsyam,Abd al-Aziz al-Rajihi,عبد العزيز الراجحي,islamic-jurisprudence,0.4,,https://islamhouse.com/ar/books/2830682/
x,ok,الإلمام بشيء من أحكام الصيام,alalmam bshy mn ahkam alsyam,Abd al-Aziz al-Rajihi,عبد العزيز الراجحي,islamic-jurisprudence,10.7,,https://islamhouse.com/ar/books/2830681/
x,ok,أحاديث الحج من الصحيحين,ahadyth alhj mn alshyhyn,Abd al-Muhsin al-Qasim,عبد المحسن القاسم,hajj-and-umrah,1.4,,https://islamhouse.com/ar/books/2842719/
x,ok,مناسك الحج والعمرة,mnask alhj walamrh,Abd al-Rahman ibn Hasan Al al-Shaykh,عبد الرحمن بن حسن آل الشيخ,hajj-and-umrah,27.9,,https://islamhouse.com/ar/books/2840435/
x,ok,الحج والإخبات لله جل جلاله,alhj walakhbat llh jl jlalh,Abd al-Razzaq al-Badr,عبد الرزاق بن عبد المحسن البدر,hajj-and-umrah,15.9,,https://islamhouse.com/ar/books/2838985/
x,ok,مناسك العمرة,mnask alamrh,Abd al-Aziz ibn Baz,عبد العزيز بن باز,hajj-and-umrah,1.2,,https://islamhouse.com/ar/books/2837481/
x,ok,صفة حجة النبي - صلى الله عليه وسلم -,sfh hjh alnby sly allh alyh wslm,Muhammad ibn Jamil Zeno,محمد بن جميل زينو,hajj-and-umrah,0.3,,https://islamhouse.com/ar/books/2835539/
,possible-dupe,صفة الحج والعمرة,sfh alhj walamrh,Muhammad ibn Salih al-Uthaymin,محمد بن صالح العثيمين,hajj-and-umrah,1.8,,https://islamhouse.com/ar/books/2833903/
x,ok,من آداب الحج وأحكامه,mn adab alhj wahkamh,Abd al-Aziz al-Rajihi,عبد العزيز الراجحي,hajj-and-umrah,2.7,,https://islamhouse.com/ar/books/2830736/
x,ok,الوصية بالتوحيد لحجاج بيت الله العتيق,alwsyh baltwhyd lhjaj byt allh alatyq,Abd al-Aziz al-Rajihi,عبد العزيز الراجحي,hajj-and-umrah,3,,https://islamhouse.com/ar/books/2830683/
x,ok,فوائد من كتاب الحج من صحيح مسلم,fwayd mn ktab alhj mn shyh mslm,Abd al-Aziz al-Rajihi,عبد العزيز الراجحي,hajj-and-umrah,0.3,,https://islamhouse.com/ar/books/2830252/
x,ok,من عبد العزيز بن باز إلى حجاج بيت الله الحرام,mn abd alazyz bn baz aly hjaj byt allh alhram,Abd al-Aziz ibn Baz,عبد العزيز بن باز,hajj-and-umrah,10.3,,https://islamhouse.com/ar/books/2828182/
x,ok,صفة الحج وأحكام الزيارة,sfh alhj wahkam alzyarh,Abd al-Aziz ibn Baz,عبد العزيز بن باز,hajj-and-umrah,1.9,,https://islamhouse.com/ar/books/2824930/
x,ok,كيفية زيارة مسجد الرسول صلى الله عليه وسلم,kyfyh zyarh msjd alrswl sly allh alyh wslm,Abd al-Aziz ibn Baz,عبد العزيز بن باز,hajj-and-umrah,4.3,,https://islamhouse.com/ar/books/2824929/
x,ok,خير الدعاء دعاء يوم عرفة,khyr aldaa daa ywm arfh,Abd al-Aziz ibn Baz,عبد العزيز بن باز,hajj-and-umrah,0.5,,https://islamhouse.com/ar/books/2824928/
x,ok,مقاصد الحج,mqasd alhj,Abd al-Razzaq al-Badr,عبد الرزاق بن عبد المحسن البدر,hajj-and-umrah,2.6,,https://islamhouse.com/ar/books/2824754/
x,ok,حجة النبي صلى الله عليه وسلم كما رواها عنه جابر رضي الله عنه,hjh alnby sly allh alyh wslm kma rwaha anh jabr rdy allh anh,Muhammad Nasir al-Din al-Albani,محمد ناصر الدين الألباني,hajj-and-umrah,1.8,,https://islamhouse.com/ar/books/2813040/
x,ok,بيان ما تشرع زيارته وما لا تشرع زيارته من مساجد المدينة النبوية,byan ma tshra zyarth wma la tshra zyarth mn msajd almdynh alnbwyh,The Permanent Committee (al-Lajnah al-Da'imah),اللجنة الدائمة للبحوث العلمية والإفتاء,hajj-and-umrah,1.4,,https://islamhouse.com/ar/books/794470/
x,ok,دروس في مناسك الحج,drws fy mnask alhj,Muhammad al-Amin al-Shinqiti,محمد الأمين الشنقيطي,hajj-and-umrah,2.6,,https://islamhouse.com/ar/books/731152/
x,ok,منسك الحج,mnsk alhj,Muhammad ibn Abd al-Wahhab,محمد بن عبد الوهاب,hajj-and-umrah,4.8,,https://islamhouse.com/ar/books/729243/
x,ok,فتاوى مهمة تتعلق بالحج والعمرة,ftawy mhmh ttalq balhj walamrh,Abd al-Aziz ibn Baz,عبد العزيز بن باز,hajj-and-umrah,0.2,,https://islamhouse.com/ar/books/469213/
x,ok,فتاوى تتعلق بأحكام الحج والعمرة والزيارة,ftawy ttalq bahkam alhj walamrh walzyarh,The Permanent Committee (al-Lajnah al-Da'imah),اللجنة الدائمة للبحوث العلمية والإفتاء,hajj-and-umrah,3.7,,https://islamhouse.com/ar/books/469147/
x,ok,من مدرسة الحج,mn mdrsh alhj,Abd al-Razzaq al-Badr,عبد الرزاق بن عبد المحسن البدر,hajj-and-umrah,2.7,,https://islamhouse.com/ar/books/344681/
x,ok,دليل الحاج الحنيف,dlyl alhaj alhnyf,Taqi al-Din al-Hilali,تقي الدين الهلالي,hajj-and-umrah,1.1,,https://islamhouse.com/ar/books/344197/
x,review,رسالة مختصرة في مناسك الحج والعمرة,rsalh mkhtsrh fy mnask alhj walamrh,Abd al-Rahman al-Sa'di,عبد الرحمن بن ناصر السعدي,hajj-and-umrah,2.8,,https://islamhouse.com/ar/books/343854/
x,ok,دروس عقدية مستفادة من الحج,drws aqdyh mstfadh mn alhj,Abd al-Razzaq al-Badr,عبد الرزاق بن عبد المحسن البدر,hajj-and-umrah,1.1,,https://islamhouse.com/ar/books/316770/
x,ok,الحج وتهذيب النفوس,alhj wthdhyb alnfws,Abd al-Razzaq al-Badr,عبد الرزاق بن عبد المحسن البدر,hajj-and-umrah,1.5,,https://islamhouse.com/ar/books/316763/
x,ok,شرح مناسك الحج والعمرة,shrh mnask alhj walamrh,Salih al-Fawzan,صالح بن فوزان الفوزان,hajj-and-umrah,2.3,,https://islamhouse.com/ar/books/314829/
x,ok,مناسك الحج والعمرة في ضوء الكتاب والسنة وآثار السلف,mnask alhj walamrh fy dw alktab walsnh wathar alslf,Muhammad Nasir al-Din al-Albani,محمد ناصر الدين الألباني,hajj-and-umrah,0.8,,https://islamhouse.com/ar/books/305488/
x,ok,العمرة والحج والزيارة في ضوء الكتاب والسنة,alamrh walhj walzyarh fy dw alktab walsnh,Sa'id ibn Ali al-Qahtani,سعيد بن علي بن وهف القحطاني,hajj-and-umrah,2.3,,https://islamhouse.com/ar/books/270599/
x,ok,مرشد المعتمر والحاج والزائر في ضوء الكتاب والسنة,mrshd almatmr walhaj walzayr fy dw alktab walsnh,Sa'id ibn Ali al-Qahtani,سعيد بن علي بن وهف القحطاني,hajj-and-umrah,1,,https://islamhouse.com/ar/books/268368/
x,ok,بيان ما يفعله الحاج والمعتمر,byan ma yfalh alhaj walmatmr,Salih al-Fawzan,صالح بن فوزان الفوزان,hajj-and-umrah,2.7,,https://islamhouse.com/ar/books/205552/
x,ok,رمي الجمرات في ضوء الكتاب والسنة وآثار الصحابة رضي الله عنهم,rmy aljmrat fy dw alktab walsnh wathar alshabh rdy allh anhm,Sa'id ibn Ali al-Qahtani,سعيد بن علي بن وهف القحطاني,hajj-and-umrah,1,,https://islamhouse.com/ar/books/193662/
x,ok,مناسك الحج والعمرة في الإسلام,mnask alhj walamrh fy alaslam,Sa'id ibn Ali al-Qahtani,سعيد بن علي بن وهف القحطاني,hajj-and-umrah,4.2,,https://islamhouse.com/ar/books/193639/
x,ok,مسائل يكثر السؤال عنها في الحج,msayl ykthr alswal anha fy alhj,Salih al-Fawzan,صالح بن فوزان الفوزان,hajj-and-umrah,0.3,,https://islamhouse.com/ar/books/2158/
x,ok,التحقيق والإيضاح لكثير من مسائل الحج والعمرة والزيارة,althqyq walaydah lkthyr mn msayl alhj walamrh walzyarh,Abd al-Aziz ibn Baz,عبد العزيز بن باز,hajj-and-umrah,3.5,,https://islamhouse.com/ar/books/2155/
x,ok,الحج المبرور,alhj almbrwr,Muhammad ibn Jamil Zeno,محمد بن جميل زينو,hajj-and-umrah,0.4,,https://islamhouse.com/ar/books/1890/
x,ok,نفحات إيمانية لزائرة الحرمين,nfhat aymanyh lzayrh alhrmyn,Sa'id ibn Ali al-Qahtani,سعيد بن علي بن وهف القحطاني,aqeedah,0.8,,https://islamhouse.com/ar/books/2839907/
x,ok,ثلاث رسائل للشيخ السعدي,thlath rsayl llshykh alsady,Abd al-Rahman al-Sa'di,عبد الرحمن بن ناصر السعدي,quran-studies,0.2,,https://islamhouse.com/ar/books/205544/
x,ok,صلاة المريض في ضوء الكتاب والسنة,slah almryd fy dw alktab walsnh,Sa'id ibn Ali al-Qahtani,سعيد بن علي بن وهف القحطاني,islamic-jurisprudence,0.5,,https://islamhouse.com/ar/books/58444/
x,ok,صلاة المسافر في ضوء الكتاب والسنة,slah almsafr fy dw alktab walsnh,Sa'id ibn Ali al-Qahtani,سعيد بن علي بن وهف القحطاني,islamic-jurisprudence,1.2,,https://islamhouse.com/ar/books/1925/
x,ok,صلاة الخوف في ضوء الكتاب والسنة,slah alkhwf fy dw alktab walsnh,Sa'id ibn Ali al-Qahtani,سعيد بن علي بن وهف القحطاني,islamic-jurisprudence,0.4,,https://islamhouse.com/ar/books/1949/
x,ok,الفرق بين البيع والربا في الشريعة الإسلامية,alfrq byn albya walrba fy alshryah alaslamyh,Salih al-Fawzan,صالح بن فوزان الفوزان,islamic-economics,8.6,,https://islamhouse.com/ar/books/314805/
x,ok,نصيحة هامة في التحذير من المعاملات الربوية,nsyhh hamh fy althdhyr mn almaamlat alrbwyh,Abd al-Aziz ibn Baz,عبد العزيز بن باز,islamic-economics,1.9,,https://islamhouse.com/ar/books/2821803/
x,ok,فتاوى الوقف,ftawy alwqf,The Permanent Committee (al-Lajnah al-Da'imah),اللجنة الدائمة للبحوث العلمية والإفتاء,fatwaas-and-prohibited-disliked,4.3,,https://islamhouse.com/ar/books/727769/
x,ok,الربا أضراره وآثاره في ضوء الكتاب والسنة,alrba adrarh watharh fy dw alktab walsnh,Sa'id ibn Ali al-Qahtani,سعيد بن علي بن وهف القحطاني,hadith-studies,0.7,,https://islamhouse.com/ar/books/2050/
x,ok,الوصية والوقف طريقة عملية لكتابتهما,alwsyh walwqf tryqh amlyh lktabthma,Abd al-Muhsin al-Qasim,عبد المحسن القاسم,spiritual-healing,6.4,,https://islamhouse.com/ar/books/2828970/
x,ok,الغناء والمعازف في ضوء الكتاب والسنة وآثار الصحابة,alghna walmaazf fy dw alktab walsnh wathar alshabh,Sa'id ibn Ali al-Qahtani,سعيد بن علي بن وهف القحطاني,hadith-studies,3,,https://islamhouse.com/ar/books/2827006/
x,ok,متن الرحبية ويليه الفوائد الجلية في المباحث الفرضية,mtn alrhbyh wylyh alfwayd aljlyh fy almbahth alfrdyh,Abd al-Aziz ibn Baz,عبد العزيز بن باز,fatwaas-and-prohibited-disliked,1.3,,https://islamhouse.com/ar/books/2821806/
x,ok,النور الفائض من شمس الوحي في علم الفرائض,alnwr alfayd mn shms alwhy fy alm alfrayd,Hafiz al-Hakami,حافظ بن أحمد الحكمي,aqeedah,0.9,,https://islamhouse.com/ar/books/474262/
x,ok,التحقيقات المرضية في المباحث الفرضية,althqyqat almrdyh fy almbahth alfrdyh,Salih al-Fawzan,صالح بن فوزان الفوزان,aqeedah,7,,https://islamhouse.com/ar/books/314801/
x,ok,الفوائد الجلية في المباحث الفرضية,alfwayd aljlyh fy almbahth alfrdyh,Abd al-Aziz ibn Baz,عبد العزيز بن باز,fatwaas-and-prohibited-disliked,0.3,,https://islamhouse.com/ar/books/102350/
x,ok,التبيان في أيمان القرآن,altbyan fy ayman alqran,Ibn al-Qayyim,ابن قيم الجوزية,aqeedah,13.8,,https://islamhouse.com/ar/books/2841130/
,dupe-internal,التبيان في أيمان القرآن,altbyan fy ayman alqran,Ibn al-Qayyim,ابن قيم الجوزية,aqeedah,11.5,,https://islamhouse.com/ar/books/265620/
x,ok,تحفة المودود بأحكام المولود,thfh almwdwd bahkam almwlwd,Ibn al-Qayyim,ابن قيم الجوزية,family-and-marriage,10.9,,https://islamhouse.com/ar/books/2841144/
x,ok,من وصايا السلف للشباب,mn wsaya alslf llshbab,Abd al-Razzaq al-Badr,عبد الرزاق بن عبد المحسن البدر,family-and-marriage,2,,https://islamhouse.com/ar/books/2824756/
x,ok,أحكام الخلع في الإسلام,ahkam alkhla fy alaslam,Taqi al-Din al-Hilali,تقي الدين الهلالي,family-and-marriage,0.9,,https://islamhouse.com/ar/books/343861/
x,ok,من مشكلات الشباب وكيف عالجها الإسلام,mn mshklat alshbab wkyf aaljha alaslam,Salih al-Fawzan,صالح بن فوزان الفوزان,family-and-marriage,2,,https://islamhouse.com/ar/books/314809/
x,ok,الإعلام بنقد كتاب الحلال والحرام,alaalam bnqd ktab alhlal walhram,Salih al-Fawzan,صالح بن فوزان الفوزان,family-and-marriage,10.6,,https://islamhouse.com/ar/books/314806/
x,ok,توجيهات إسلامية لإصلاح الفرد والمجتمع,twjyhat aslamyh laslah alfrd walmjtma,Muhammad ibn Jamil Zeno,محمد بن جميل زينو,family-and-marriage,0.7,,https://islamhouse.com/ar/books/116963/
x,ok,مفاسد المغالاة في المهور,mfasd almghalah fy almhwr,Abd al-Aziz ibn Baz,عبد العزيز بن باز,family-and-marriage,0.9,,https://islamhouse.com/ar/books/2828180/
x,ok,دليل الزوجين,dlyl alzwjyn,Abd al-Aziz ibn Baz,عبد العزيز بن باز,family-and-marriage,2.9,,https://islamhouse.com/ar/books/2801975/
x,review,مستجدات فقهية في قضايا الزواج والطلاق,mstjdat fqhyh fy qdaya alzwaj waltlaq,Umar al-Ashqar,عمر سليمان الأشقر,family-and-marriage,4,,https://islamhouse.com/ar/books/398608/
x,ok,صفات الزوجة الصالحة,sfat alzwjh alsalhh,Abd al-Razzaq al-Badr,عبد الرزاق بن عبد المحسن البدر,family-and-marriage,0.3,,https://islamhouse.com/ar/books/316842/
x,review,آداب الزفاف في السنة المطهرة,adab alzfaf fy alsnh almthrh,Muhammad Nasir al-Din al-Albani,محمد ناصر الدين الألباني,family-and-marriage,4.5,,https://islamhouse.com/ar/books/276162/
,dupe-internal,إغاثة اللهفان في حكم طلاق الغضبان,aghathh allhfan fy hkm tlaq alghdban,Ibn al-Qayyim,ابن قيم الجوزية,spiritual-healing,1.4,,https://islamhouse.com/ar/books/2827742/
x,ok,الرد على السبكي في مسألة تعليق الطلاق,alrd aly alsbky fy msalh talyq altlaq,Ibn Taymiyyah,ابن تيمية,deviated-sects-and-bidah,15.3,,https://islamhouse.com/ar/books/2827375/
x,ok,تحريم حلق اللحى,thrym hlq allhy,Abd al-Aziz ibn Baz,عبد العزيز بن باز,fatwaas-and-prohibited-disliked,0.1,,https://islamhouse.com/ar/books/102360/
x,ok,زينة المرأة المسلمة,zynh almrah almslmh,Salih al-Fawzan,صالح بن فوزان الفوزان,guidance-for-sisters,0.7,,https://islamhouse.com/ar/books/2056/
x,ok,المسابقات وأحكامها في الشريعة الإسلامية,almsabqat wahkamha fy alshryah alaslamyh,Sa'd al-Shithri,سعد الشثري,islamic-jurisprudence,2.7,,https://islamhouse.com/ar/books/388567/
x,ok,أنموذج النصيحة الشرعية للمسلمين ، ولولي أمر المسلمين,anmwdhj alnsyhh alshrayh llmslmyn wlwly amr almslmyn,Abd al-Rahman ibn Hasan Al al-Shaykh,عبد الرحمن بن حسن آل الشيخ,aqeedah,0.5,,https://islamhouse.com/ar/books/2834893/
x,ok,عمل المسلم,aml almslm,Abd al-Aziz ibn Baz,عبد العزيز بن باز,fatwaas-and-prohibited-disliked,0.7,,https://islamhouse.com/ar/books/2828171/
x,ok,عوامل إصلاح المجتمع,awaml aslah almjtma,Abd al-Aziz ibn Baz,عبد العزيز بن باز,fatwaas-and-prohibited-disliked,0.9,,https://islamhouse.com/ar/books/2827810/
,dupe-internal,الوسائل المفيدة للحياة السعيدة,alwsayl almfydh llhyah alsaydh,Abd al-Rahman al-Sa'di,عبد الرحمن بن ناصر السعدي,quran-studies,0.8,,https://islamhouse.com/ar/books/2816219/
x,ok,مقاصد الشريعة الإسلامية في المحافظة على ضرورة العرض ووسائلها من خلال محاربة الشائعات,mqasd alshryah alaslamyh fy almhafzh aly drwrh alard wwsaylha mn khlal mharbh alshayaat,Sa'd al-Shithri,سعد الشثري,islamic-jurisprudence,0.5,,https://islamhouse.com/ar/books/388585/
x,ok,الاختلاط,alakhtlat,Sa'id ibn Ali al-Qahtani,سعيد بن علي بن وهف القحطاني,spiritual-healing,1.8,,https://islamhouse.com/ar/books/364799/
x,ok,رسائل تهم المرأة المسلمة,rsayl thm almrah almslmh,Abd al-Razzaq al-Badr,عبد الرزاق بن عبد المحسن البدر,guidance-for-sisters,3.7,,https://islamhouse.com/ar/books/2824758/
x,ok,موعظة النساء,mwazh alnsa,Abd al-Razzaq al-Badr,عبد الرزاق بن عبد المحسن البدر,guidance-for-sisters,1.9,,https://islamhouse.com/ar/books/2824753/
x,ok,حكم السفور والحجاب ونكاح الشغار,hkm alsfwr walhjab wnkah alshghar,Abd al-Aziz ibn Baz,عبد العزيز بن باز,guidance-for-sisters,0.3,,https://islamhouse.com/ar/books/2821794/
x,ok,فتاوى ومقالات في حراسة الحجاب,ftawy wmqalat fy hrash alhjab,Abd al-Aziz ibn Baz,عبد العزيز بن باز,guidance-for-sisters,0.8,,https://islamhouse.com/ar/books/2803263/
x,ok,ألا فعودي يا أخية,ala fawdy ya akhyh,Ibn Khuzaymah,ابن خزيمة,guidance-for-sisters,0.3,,https://islamhouse.com/ar/books/420801/
x,ok,لا يا أُخية,la ya akhyh,Ibn Khuzaymah,ابن خزيمة,guidance-for-sisters,0.3,,https://islamhouse.com/ar/books/420784/
x,ok,الحجاب فضيلة وعفاف,alhjab fdylh wafaf,Ibn Khuzaymah,ابن خزيمة,guidance-for-sisters,0.3,,https://islamhouse.com/ar/books/420536/
x,ok,إظهار الحق والصواب في حكم الحجاب,azhar alhq walswab fy hkm alhjab,Sa'id ibn Ali al-Qahtani,سعيد بن علي بن وهف القحطاني,guidance-for-sisters,5.4,,https://islamhouse.com/ar/books/364920/
x,ok,تكريم الإسلام للمرأة,tkrym alaslam llmrah,Abd al-Razzaq al-Badr,عبد الرزاق بن عبد المحسن البدر,guidance-for-sisters,1.2,,https://islamhouse.com/ar/books/208990/
x,ok,تنبيهات على أحكام تختص بالمؤمنات,tnbyhat aly ahkam tkhts balmwmnat,Salih al-Fawzan,صالح بن فوزان الفوزان,guidance-for-sisters,2.9,,https://islamhouse.com/ar/books/57886/
x,ok,الرسائل والفتاوى النسائية,alrsayl walftawy alnsayyh,Abd al-Aziz ibn Baz,عبد العزيز بن باز,guidance-for-sisters,1.3,,https://islamhouse.com/ar/books/2828093/
x,ok,ركائز في تربية الأبناء,rkayz fy trbyh alabna,Abd al-Razzaq al-Badr,عبد الرزاق بن عبد المحسن البدر,spiritual-healing,1.2,,https://islamhouse.com/ar/books/2824757/
x,ok,الهدي النبوي في تربية الأولاد,alhdy alnbwy fy trbyh alawlad,Sa'id ibn Ali al-Qahtani,سعيد بن علي بن وهف القحطاني,spiritual-healing,6.9,,https://islamhouse.com/ar/books/320894/
x,ok,تسمية المولود,tsmyh almwlwd,Bakr Abu Zayd,بكر بن عبد الله أبو زيد,knowledge,0.8,,https://islamhouse.com/ar/books/1961/
x,ok,نداء إلى المربين والمربيات لتوجيه الأبناء والبنات,nda aly almrbyn walmrbyat ltwjyh alabna walbnat,Muhammad ibn Jamil Zeno,محمد بن جميل زينو,new-muslims,1.7,,https://islamhouse.com/ar/books/1892/
x,ok,كيف نربي أولادنا وما هو واجب الآباء والأبناء؟,kyf nrby awladna wma hw wajb alaba walabna,Muhammad ibn Jamil Zeno,محمد بن جميل زينو,new-muslims,1.1,,https://islamhouse.com/ar/books/1888/
,dupe-internal,تحفة المودود بأحكام المولود,thfh almwdwd bahkam almwlwd,Ibn al-Qayyim,ابن قيم الجوزية,spiritual-healing,7.5,,https://islamhouse.com/ar/books/2827744/
x,ok,فصول في التربية,fswl fy altrbyh,Abd al-Aziz al-Rajihi,عبد العزيز الراجحي,aqeedah,1,,https://islamhouse.com/ar/books/2830631/
x,ok,التصفية والتربية وحاجة المسلمين إليهما,altsfyh waltrbyh whajh almslmyn alyhma,Muhammad Nasir al-Din al-Albani,محمد ناصر الدين الألباني,hadith-studies,0.8,,https://islamhouse.com/ar/books/344363/
x,ok,عشر وصايا للوقاية من الوباء,ashr wsaya llwqayh mn alwba,Abd al-Razzaq al-Badr,عبد الرزاق بن عبد المحسن البدر,spiritual-healing,0.8,,https://islamhouse.com/ar/books/2829133/
x,ok,العلاج والرقى,alalaj walrqy,Abd al-Aziz ibn Baz,عبد العزيز بن باز,spiritual-healing,1.7,,https://islamhouse.com/ar/books/2828158/
x,ok,الفتاوى الشرعية على المشكل في المسائل الطبية,alftawy alshrayh aly almshkl fy almsayl altbyh,Abd al-Aziz ibn Baz,عبد العزيز بن باز,spiritual-healing,0.6,,https://islamhouse.com/ar/books/2801972/
x,ok,العلاج بالرقى من الكتاب والسنة,alalaj balrqy mn alktab walsnh,Sa'id ibn Ali al-Qahtani,سعيد بن علي بن وهف القحطاني,spiritual-healing,0.9,,https://islamhouse.com/ar/books/339732/
x,ok,التبيين لدعوات المرضى والمصابين,altbyyn ldawat almrdy walmsabyn,Abd al-Razzaq al-Badr,عبد الرزاق بن عبد المحسن البدر,spiritual-healing,0.8,,https://islamhouse.com/ar/books/316773/
x,ok,أحكام الجراحة الطبية والآثار المترتبة عليها,ahkam aljrahh altbyh walathar almtrtbh alyha,Muhammad al-Amin al-Shinqiti,محمد الأمين الشنقيطي,spiritual-healing,11,,https://islamhouse.com/ar/books/13296/
x,ok,السحر [خطره والتحصن منه وكيفية حله],alshr khtrh walthsn mnh wkyfyh hlh,Abd al-Muhsin al-Qasim,عبد المحسن القاسم,spiritual-healing,2.3,,https://islamhouse.com/ar/books/2837704/
x,ok,عشرة أسباب للوقاية من السحر والعين,ashrh asbab llwqayh mn alshr walayn,Abd al-Razzaq al-Badr,عبد الرزاق بن عبد المحسن البدر,spiritual-healing,2.1,,https://islamhouse.com/ar/books/2833391/
x,ok,كيفية حل السحر,kyfyh hl alshr,Abd al-Muhsin al-Qasim,عبد المحسن القاسم,spiritual-healing,6.5,,https://islamhouse.com/ar/books/2828971/
x,ok,أحكام السحر والسحرة,ahkam alshr walshrh,Abd al-Aziz ibn Baz,عبد العزيز بن باز,spiritual-healing,1.9,,https://islamhouse.com/ar/books/2827818/
x,ok,علاج السحر والعين والحسد,alaj alshr walayn walhsd,Abd al-Aziz ibn Baz,عبد العزيز بن باز,spiritual-healing,7.8,,https://islamhouse.com/ar/books/2826040/
x,ok,الذكر والدعاء والعلاج بالرقى من الكتاب والسنة,aldhkr waldaa walalaj balrqy mn alktab walsnh,Sa'id ibn Ali al-Qahtani,سعيد بن علي بن وهف القحطاني,spiritual-healing,28,,https://islamhouse.com/ar/books/117065/
x,ok,مفهوم الغذاء الحلال,mfhwm alghdha alhlal,Sa'd al-Shithri,سعد الشثري,islamic-jurisprudence,0.2,,https://islamhouse.com/ar/books/388633/
x,ok,الجيرة بين المشروع والممنوع,aljyrh byn almshrwa walmmnwa,Sa'id ibn Ali al-Qahtani,سعيد بن علي بن وهف القحطاني,spiritual-healing,10.3,,https://islamhouse.com/ar/books/406561/
,dupe-internal,أحكام أهل الذمة,ahkam ahl aldhmh,Ibn al-Qayyim,ابن قيم الجوزية,islamic-etiquette,9,,https://islamhouse.com/ar/books/2831714/
x,ok,المعلوم من واجب العلاقة بين الحاكم والمحكوم,almalwm mn wajb alalaqh byn alhakm walmhkwm,Abd al-Aziz ibn Baz,عبد العزيز بن باز,islamic-etiquette,0.4,,https://islamhouse.com/ar/books/2802221/
x,ok,همزية الإصلاح في تشجيع الإسلام وأهله والتمسك كل التمسك بأساسه وأصله,hmzyh alaslah fy tshjya alaslam wahlh waltmsk kl altmsk basash waslh,Hafiz al-Hakami,حافظ بن أحمد الحكمي,islamic-etiquette,0.7,,https://islamhouse.com/ar/books/474278/
x,ok,بيان حقوق ولاة الأمور على الأمة بالأدلة من الكتاب والسنة وبيان ما يترتب على الإخلال بذلك,byan hqwq wlah alamwr aly alamh baladlh mn alktab walsnh wbyan ma ytrtb aly alakhlal bdhlk,Abd al-Aziz ibn Baz,عبد العزيز بن باز,islamic-etiquette,0.3,,https://islamhouse.com/ar/books/453246/
x,ok,القطوف الجياد من حكم وأحكام الجهاد,alqtwf aljyad mn hkm wahkam aljhad,Abd al-Razzaq al-Badr,عبد الرزاق بن عبد المحسن البدر,islamic-etiquette,0.9,,https://islamhouse.com/ar/books/316766/
x,ok,المفاهيم الصحيحة للجهاد في سبيل الله في ضوء الكتاب والسنة,almfahym alshyhh lljhad fy sbyl allh fy dw alktab walsnh,Sa'id ibn Ali al-Qahtani,سعيد بن علي بن وهف القحطاني,islamic-etiquette,0.5,,https://islamhouse.com/ar/books/272698/
x,ok,الجهاد في الإسلام في ضوء الكتاب والسنة,aljhad fy alaslam fy dw alktab walsnh,Sa'id ibn Ali al-Qahtani,سعيد بن علي بن وهف القحطاني,islamic-etiquette,1.2,,https://islamhouse.com/ar/books/270600/
x,ok,جهاد الأعداء ووجوب التعاون بين المسلمين,jhad alaada wwjwb altaawn byn almslmyn,Abd al-Rahman al-Sa'di,عبد الرحمن بن ناصر السعدي,islamic-etiquette,1.4,,https://islamhouse.com/ar/books/2134/
x,ok,الجهاد في سبيل الله في ضوء الكتاب والسنة,aljhad fy sbyl allh fy dw alktab walsnh,Sa'id ibn Ali al-Qahtani,سعيد بن علي بن وهف القحطاني,islamic-etiquette,0.8,,https://islamhouse.com/ar/books/1921/
x,ok,تعليقات على الرسالة المغنية في السكوت ولزوم البيوت,talyqat aly alrsalh almghnyh fy alskwt wlzwm albywt,Abd al-Razzaq al-Badr,عبد الرزاق بن عبد المحسن البدر,islamic-jurisprudence,0.7,,https://islamhouse.com/ar/books/2829171/
x,review,فقه النوازل,fqh alnwazl,Bakr Abu Zayd,بكر بن عبد الله أبو زيد,islamic-jurisprudence,2.8,,https://islamhouse.com/ar/books/172263/
x,ok,الأخطاء العقدية المتعلقة بوباء كورونا,alakhta alaqdyh almtalqh bwba kwrwna,Sa'id ibn Ali al-Qahtani,سعيد بن علي بن وهف القحطاني,spiritual-healing,0.7,,https://islamhouse.com/ar/books/2831204/
x,ok,تحقيق مناط الضرورة والحاجة في التزاحم على أجهزة التنفس والعلاج في ظل وباء كورونا المستجد: دراسة فقهية مقاصدية,thqyq mnat aldrwrh walhajh fy altzahm aly ajhzh altnfs walalaj fy zl wba kwrwna almstjd drash fqhyh mqasdyh,Sa'id ibn Ali al-Qahtani,سعيد بن علي بن وهف القحطاني,islamic-jurisprudence,0.6,,https://islamhouse.com/ar/books/2831198/
,dupe-internal,الطرق الحكمية في السياسة الشرعية,altrq alhkmyh fy alsyash alshrayh,Ibn al-Qayyim,ابن قيم الجوزية,spiritual-healing,10.9,,https://islamhouse.com/ar/books/2841139/
x,ok,الطرق الحكمية في السياسة الشرعية,altrq alhkmyh fy alsyash alshrayh,Ibn al-Qayyim,ابن قيم الجوزية,spiritual-healing,15.3,,https://islamhouse.com/ar/books/265612/
x,ok,السياسة الشرعية في إصلاح الراعي والرعية,alsyash alshrayh fy aslah alraay walrayh,Ibn Taymiyyah,ابن تيمية,aqeedah,5.3,,https://islamhouse.com/ar/books/104626/
x,ok,السبل السوية لفقه السنن المروية,alsbl alswyh lfqh alsnn almrwyh,Hafiz al-Hakami,حافظ بن أحمد الحكمي,islamic-jurisprudence,2.4,,https://islamhouse.com/ar/books/2826184/
x,ok,حل العقدة في شرح العمدة [ عمدة الفقه ],hl alaqdh fy shrh alamdh amdh alfqh,Abd al-Aziz al-Rajihi,عبد العزيز الراجحي,islamic-jurisprudence,26.5,,https://islamhouse.com/ar/books/2816883/
x,review,المغني,almghny,Ibn Qudamah al-Maqdisi,ابن قدامة المقدسي,islamic-jurisprudence,17.6,,https://islamhouse.com/ar/books/480992/
x,ok,لمع حافلة بذكر الفقه والتفقه والفقهاء فى الصحابة والتابعين,lma haflh bdhkr alfqh waltfqh walfqha fy alshabh waltabayn,Hafiz al-Hakami,حافظ بن أحمد الحكمي,islamic-jurisprudence,6.1,,https://islamhouse.com/ar/books/474263/
x,ok,إرشاد أولي البصائر والألباب لنيل الفقه بأقرب الطرق وأيسر الأسباب,arshad awly albsayr walalbab lnyl alfqh baqrb altrq waysr alasbab,Abd al-Rahman al-Sa'di,عبد الرحمن بن ناصر السعدي,islamic-jurisprudence,4.6,,https://islamhouse.com/ar/books/461167/
x,ok,مختصر الإنصاف والشرح الكبير,mkhtsr alansaf walshrh alkbyr,Muhammad ibn Abd al-Wahhab,محمد بن عبد الوهاب,islamic-jurisprudence,14.5,,https://islamhouse.com/ar/books/264147/
x,review,المسبوك على منحة السلوك في شرح تحفة الملوك,almsbwk aly mnhh alslwk fy shrh thfh almlwk,Abd al-Muhsin al-Qasim,عبد المحسن القاسم,islamic-jurisprudence,7.6,,https://islamhouse.com/ar/books/203877/
x,ok,عمدة الفقه,amdh alfqh,Ibn Qudamah al-Maqdisi,ابن قدامة المقدسي,islamic-jurisprudence,2.5,,https://islamhouse.com/ar/books/2832689/
x,review,شرح العمدة,shrh alamdh,Ibn Taymiyyah,ابن تيمية,aqeedah,10.4,,https://islamhouse.com/ar/books/2827404/
x,ok,فتوى نادرة لفضيلة الشيخ المحدث محمد ناصر الدين الألباني في مسألتين,ftwy nadrh lfdylh alshykh almhdth mhmd nasr aldyn alalbany fy msaltyn,Muhammad Nasir al-Din al-Albani,محمد ناصر الدين الألباني,fatwaas-and-prohibited-disliked,0.4,,https://islamhouse.com/ar/books/2834759/
x,ok,الفتاوى للشيخ محمد الأمين الشنقيطي,alftawy llshykh mhmd alamyn alshnqyty,Muhammad al-Amin al-Shinqiti,محمد الأمين الشنقيطي,fatwaas-and-prohibited-disliked,1.6,,https://islamhouse.com/ar/books/2831625/
x,ok,فتاوى مهمة لعموم الأمة,ftawy mhmh lamwm alamh,The Permanent Committee (al-Lajnah al-Da'imah),اللجنة الدائمة للبحوث العلمية والإفتاء,fatwaas-and-prohibited-disliked,3.5,,https://islamhouse.com/ar/books/2828175/
x,review,فتاوى اللجنة الدائمة للبحوث العلمية والإفتاء,ftawy alljnh aldaymh llbhwth alalmyh walafta,The Permanent Committee (al-Lajnah al-Da'imah),اللجنة الدائمة للبحوث العلمية والإفتاء,fatwaas-and-prohibited-disliked,8.9,,https://islamhouse.com/ar/books/2807990/
x,ok,فتاوى نور على الدرب للشيخ ابن باز,ftawy nwr aly aldrb llshykh abn baz,Abd al-Aziz ibn Baz,عبد العزيز بن باز,fatwaas-and-prohibited-disliked,40.8,,https://islamhouse.com/ar/books/2804200/
x,ok,فتاوى ومسائل,ftawy wmsayl,Muhammad ibn Abd al-Wahhab,محمد بن عبد الوهاب,fatwaas-and-prohibited-disliked,1.9,,https://islamhouse.com/ar/books/264160/
x,ok,الفتاوى السعدية,alftawy alsadyh,Abd al-Rahman al-Sa'di,عبد الرحمن بن ناصر السعدي,fatwaas-and-prohibited-disliked,9.7,,https://islamhouse.com/ar/books/205547/
x,review,مجموع فتاوى ومقالات متنوعة للشيخ ابن باز,mjmwa ftawy wmqalat mtnwah llshykh abn baz,Abd al-Aziz ibn Baz,عبد العزيز بن باز,fatwaas-and-prohibited-disliked,2.5,,https://islamhouse.com/ar/books/179315/
x,ok,مجموع فتاوى ورسائل الشيخ محمد بن إبراهيم آل الشيخ,mjmwa ftawy wrsayl alshykh mhmd bn abrahym al alshykh,Muhammad ibn Ibrahim Al al-Shaykh,محمد بن إبراهيم آل الشيخ,fatwaas-and-prohibited-disliked,89.7,,https://islamhouse.com/ar/books/21535/
x,ok,فتيا في صيغة الحمد,ftya fy syghh alhmd,Ibn al-Qayyim,ابن قيم الجوزية,fatwaas-and-prohibited-disliked,3.4,,https://islamhouse.com/ar/books/2841152/
x,ok,فتاوى وتنبيهات ونصائح,ftawy wtnbyhat wnsayh,Abd al-Aziz ibn Baz,عبد العزيز بن باز,fatwaas-and-prohibited-disliked,16.5,,https://islamhouse.com/ar/books/2828176/
x,ok,أبحاث هيئة كبار العلماء في المملكة العربية السعودية,abhath hyyh kbar alalma fy almmlkh alarbyh alsawdyh,The Permanent Committee (al-Lajnah al-Da'imah),اللجنة الدائمة للبحوث العلمية والإفتاء,fatwaas-and-prohibited-disliked,97.9,,https://islamhouse.com/ar/books/443201/
x,review,مسائل أبي عمر السدحان للإمام عبد العزيز بن باز,msayl aby amr alsdhan llamam abd alazyz bn baz,Abd al-Aziz ibn Baz,عبد العزيز بن باز,fatwaas-and-prohibited-disliked,0.9,,https://islamhouse.com/ar/books/233551/
x,review,فتاوى ابن تيمية,ftawy abn tymyh,Ibn Taymiyyah,ابن تيمية,fatwaas-and-prohibited-disliked,12.2,,https://islamhouse.com/ar/books/2630/
x,review,أعلام الموقعين عن رب العالمين,aalam almwqayn an rb alaalmyn,Ibn al-Qayyim,ابن قيم الجوزية,islamic-jurisprudence,9.5,,https://islamhouse.com/ar/books/2831715/
x,ok,منهج التشريع الإسلامي وحكمته,mnhj altshrya alaslamy whkmth,Muhammad al-Amin al-Shinqiti,محمد الأمين الشنقيطي,islamic-jurisprudence,0.5,,https://islamhouse.com/ar/books/2831708/
x,ok,المصالح المرسلة,almsalh almrslh,Muhammad al-Amin al-Shinqiti,محمد الأمين الشنقيطي,islamic-jurisprudence,0.3,,https://islamhouse.com/ar/books/2831706/
x,ok,مذكرة أصول الفقه على روضة الناظر,mdhkrh aswl alfqh aly rwdh alnazr,Muhammad al-Amin al-Shinqiti,محمد الأمين الشنقيطي,islamic-jurisprudence,5.8,,https://islamhouse.com/ar/books/2831623/
x,ok,أفحكم الجاهلية يبغون؟,afhkm aljahlyh ybghwn,Abd al-Aziz ibn Baz,عبد العزيز بن باز,islamic-jurisprudence,0.6,,https://islamhouse.com/ar/books/2827851/
x,ok,آداب البحث والمناظرة,adab albhth walmnazrh,Muhammad al-Amin al-Shinqiti,محمد الأمين الشنقيطي,islamic-jurisprudence,4.4,,https://islamhouse.com/ar/books/2827091/
x,ok,شرح مراقي السعود المسمى: نثر الورود,shrh mraqy alsawd almsmy nthr alwrwd,Muhammad al-Amin al-Shinqiti,محمد الأمين الشنقيطي,islamic-jurisprudence,10,,https://islamhouse.com/ar/books/2827090/
x,ok,الشريعة الإسلامية ومحاسنها وضرورة البشر إليها,alshryah alaslamyh wmhasnha wdrwrh albshr alyha,Abd al-Aziz ibn Baz,عبد العزيز بن باز,islamic-jurisprudence,0.9,,https://islamhouse.com/ar/books/2826042/
x,ok,القواعد الأصولية الفقهية المتعلقة بالمسلم غير المجتهد,alqwaad alaswlyh alfqhyh almtalqh balmslm ghyr almjthd,Sa'd al-Shithri,سعد الشثري,islamic-jurisprudence,0.6,,https://islamhouse.com/ar/books/2825805/
x,ok,وجوب تحكيم شرع الله ونبذ ما خالفه,wjwb thkym shra allh wnbdh ma khalfh,Abd al-Aziz ibn Baz,عبد العزيز بن باز,islamic-jurisprudence,0.6,,https://islamhouse.com/ar/books/2821820/
x,ok,فوائد من شرح إعلام الموقعين عن رب العالمين,fwayd mn shrh aalam almwqayn an rb alaalmyn,Abd al-Aziz ibn Baz,عبد العزيز بن باز,islamic-jurisprudence,3,,https://islamhouse.com/ar/books/2800963/
x,ok,التقليد وأحكامه,altqlyd wahkamh,Sa'd al-Shithri,سعد الشثري,islamic-jurisprudence,2.3,,https://islamhouse.com/ar/books/388634/
x,ok,قوادح الاستدلال بالإجماع,qwadh alastdlal balajmaa,Sa'd al-Shithri,سعد الشثري,islamic-jurisprudence,6,,https://islamhouse.com/ar/books/388631/
x,ok,شرح المختصر في أصول الفقه,shrh almkhtsr fy aswl alfqh,Sa'd al-Shithri,سعد الشثري,islamic-jurisprudence,12.4,,https://islamhouse.com/ar/books/388582/
x,ok,شرح رسالة في أصول الفقه,shrh rsalh fy aswl alfqh,Sa'd al-Shithri,سعد الشثري,islamic-jurisprudence,3.2,,https://islamhouse.com/ar/books/388580/
x,ok,شرح الأصول في علم الأصول,shrh alaswl fy alm alaswl,Sa'd al-Shithri,سعد الشثري,islamic-jurisprudence,5.6,,https://islamhouse.com/ar/books/388578/
x,ok,الأصول والفروع حقيقتهما والفرق بينهما والأحكام المتعلقة بهما,alaswl walfrwa hqyqthma walfrq bynhma walahkam almtalqh bhma,Sa'd al-Shithri,سعد الشثري,islamic-jurisprudence,9.6,,https://islamhouse.com/ar/books/388555/
x,ok,شرح مختصر روضة الناظر,shrh mkhtsr rwdh alnazr,Sa'd al-Shithri,سعد الشثري,islamic-jurisprudence,27.4,,https://islamhouse.com/ar/books/388554/
x,ok,القواعد الفقهية: المنظومة وشرحها,alqwaad alfqhyh almnzwmh wshrhha,Abd al-Rahman al-Sa'di,عبد الرحمن بن ناصر السعدي,islamic-jurisprudence,3.2,,https://islamhouse.com/ar/books/380515/
x,ok,مبحث الاجتهاد والخلاف,mbhth alajthad walkhlaf,Muhammad ibn Abd al-Wahhab,محمد بن عبد الوهاب,islamic-jurisprudence,0.5,,https://islamhouse.com/ar/books/264149/
x,ok,تحفة أهل الطلب في تجريد أصول قواعد ابن رجب,thfh ahl altlb fy tjryd aswl qwaad abn rjb,Abd al-Rahman al-Sa'di,عبد الرحمن بن ناصر السعدي,islamic-jurisprudence,1.1,,https://islamhouse.com/ar/books/205541/
x,ok,القواعد والأصول الجامعة والفروق والتقاسيم البديعة النافعة,alqwaad walaswl aljamah walfrwq waltqasym albdyah alnafah,Abd al-Rahman al-Sa'di,عبد الرحمن بن ناصر السعدي,islamic-jurisprudence,0.6,,https://islamhouse.com/ar/books/205540/
x,ok,شرح المنظومة السعدية في القواعد الفقهية,shrh almnzwmh alsadyh fy alqwaad alfqhyh,Sa'd al-Shithri,سعد الشثري,islamic-jurisprudence,2.5,,https://islamhouse.com/ar/books/1950/
x,ok,شرح منظومة القواعد الفقهية,shrh mnzwmh alqwaad alfqhyh,Abd al-Rahman al-Sa'di,عبد الرحمن بن ناصر السعدي,islamic-jurisprudence,0.8,,https://islamhouse.com/ar/books/2832480/
x,ok,القواعد النورانية الفقهية لشيخ الإسلام ابن تيمية,alqwaad alnwranyh alfqhyh lshykh alaslam abn tymyh,Ibn Taymiyyah,ابن تيمية,islamic-jurisprudence,13.8,,https://islamhouse.com/ar/books/2828784/
x,ok,القواعد الأصولية والفقهية,alqwaad alaswlyh walfqhyh,Sa'd al-Shithri,سعد الشثري,islamic-jurisprudence,0.3,,https://islamhouse.com/ar/books/388583/
x,ok,شرح كتاب قواعد الأصول ومعاقد الفصول,shrh ktab qwaad alaswl wmaaqd alfswl,Sa'd al-Shithri,سعد الشثري,islamic-jurisprudence,6.6,,https://islamhouse.com/ar/books/388562/
x,review,الجامع لفوائد بلوغ المرام,aljama lfwayd blwgh almram,Abd al-Rahman al-Barrak,عبد الرحمن البراك,islamic-jurisprudence,61.6,,https://islamhouse.com/ar/books/2834790/
x,ok,العدة في فوائد أحاديث العمدة,aladh fy fwayd ahadyth alamdh,Abd al-Rahman al-Barrak,عبد الرحمن البراك,islamic-jurisprudence,11.4,,https://islamhouse.com/ar/books/2828517/
x,ok,جامع تراث العلامة الألباني في الفقه,jama trath alalamh alalbany fy alfqh,Muhammad Nasir al-Din al-Albani,محمد ناصر الدين الألباني,islamic-jurisprudence,56.1,,https://islamhouse.com/ar/books/2827934/
,possible-dupe,بدائع الفوائد,bdaya alfwayd,Ibn al-Qayyim,ابن قيم الجوزية,islamic-jurisprudence,27.1,,https://islamhouse.com/ar/books/2827804/
,dupe-internal,الفوائد,alfwayd,Ibn al-Qayyim,ابن قيم الجوزية,islamic-jurisprudence,4.7,,https://islamhouse.com/ar/books/2827802/
x,ok,اختيارات شيخ الإسلام ابن تيمية,akhtyarat shykh alaslam abn tymyh,Ibn al-Qayyim,ابن قيم الجوزية,islamic-jurisprudence,0.5,,https://islamhouse.com/ar/books/2827388/
,dupe-internal,الفروسية المحمدية,alfrwsyh almhmdyh,Ibn al-Qayyim,ابن قيم الجوزية,islamic-jurisprudence,6.5,,https://islamhouse.com/ar/books/265614/
x,ok,نور البصائر والألباب في أحكام العبادات والمعاملات والحقوق والآداب,nwr albsayr walalbab fy ahkam alabadat walmaamlat walhqwq waladab,Abd al-Rahman al-Sa'di,عبد الرحمن بن ناصر السعدي,islamic-jurisprudence,0.5,,https://islamhouse.com/ar/books/205538/
x,ok,بواعث الخلاص من الذنوب,bwaath alkhlas mn aldhnwb,Ibn al-Qayyim,ابن قيم الجوزية,islamic-etiquette,21.6,,https://islamhouse.com/ar/books/2845106/
,possible-dupe,عدة الصابرين وذخيرة الشاكرين,adh alsabryn wdhkhyrh alshakryn,Ibn al-Qayyim,ابن قيم الجوزية,islamic-etiquette,14.4,,https://islamhouse.com/ar/books/2841153/
x,ok,جلاء الأفهام في فضائل الصلاة والسلام على خير الأنام,jla alafham fy fdayl alslah walslam aly khyr alanam,Ibn al-Qayyim,ابن قيم الجوزية,islamic-etiquette,13.8,,https://islamhouse.com/ar/books/2841145/
x,ok,الوابل الصيب من الكلم الطيب,alwabl alsyb mn alklm altyb,Ibn al-Qayyim,ابن قيم الجوزية,islamic-etiquette,12.7,,https://islamhouse.com/ar/books/2841143/
,possible-dupe,الرسالة التبوكية,alrsalh altbwkyh,Ibn al-Qayyim,ابن قيم الجوزية,islamic-etiquette,4.4,,https://islamhouse.com/ar/books/2841133/
,possible-dupe,الداء والدواء,alda waldwa,Ibn al-Qayyim,ابن قيم الجوزية,islamic-etiquette,11,,https://islamhouse.com/ar/books/2841132/
,possible-dupe,عشر يجري ثوابها بعد الممات,ashr yjry thwabha bad almmat,Abd al-Razzaq al-Badr,عبد الرزاق بن عبد المحسن البدر,islamic-etiquette,5.5,,https://islamhouse.com/ar/books/2838560/
x,ok,شرح رسالة واجبنا نحو ما أمرنا الله به,shrh rsalh wajbna nhw ma amrna allh bh,Abd al-Razzaq al-Badr,عبد الرزاق بن عبد المحسن البدر,islamic-etiquette,3,,https://islamhouse.com/ar/books/2837467/
x,ok,البر والصلة,albr walslh,Abd al-Aziz ibn Baz,عبد العزيز بن باز,islamic-etiquette,1.7,,https://islamhouse.com/ar/books/2828083/
x,ok,الآداب الإسلامية,aladab alaslamyh,Abd al-Aziz ibn Baz,عبد العزيز بن باز,islamic-etiquette,1.6,,https://islamhouse.com/ar/books/2828063/
x,ok,فاستبقوا الخيرات,fastbqwa alkhyrat,Ibn Khuzaymah,ابن خزيمة,islamic-etiquette,0.2,,https://islamhouse.com/ar/books/2820804/
x,review,الأخلاق الإسلامية,alakhlaq alaslamyh,Abd al-Aziz ibn Baz,عبد العزيز بن باز,islamic-etiquette,1.5,,https://islamhouse.com/ar/books/2809467/
x,ok,الأخلاق في الإسلام في ضوء الكتاب والسنة,alakhlaq fy alaslam fy dw alktab walsnh,Sa'id ibn Ali al-Qahtani,سعيد بن علي بن وهف القحطاني,islamic-etiquette,17.9,,https://islamhouse.com/ar/books/900175/
x,ok,عبادات يسيرة أجورها كبيرة,abadat ysyrh ajwrha kbyrh,Ibn Khuzaymah,ابن خزيمة,islamic-etiquette,0.2,,https://islamhouse.com/ar/books/420537/
x,ok,تعليقات على رسالة: «واجبنا نحو ما أمرنا الله به»,talyqat aly rsalh wajbna nhw ma amrna allh bh,Abd al-Razzaq al-Badr,عبد الرزاق بن عبد المحسن البدر,islamic-etiquette,13.8,,https://islamhouse.com/ar/books/381124/
,possible-dupe,مفاتيح الخير,mfatyh alkhyr,Abd al-Razzaq al-Badr,عبد الرزاق بن عبد المحسن البدر,islamic-etiquette,0.5,,https://islamhouse.com/ar/books/316782/
x,ok,كيف تكون مفتاحًا للخير؟,kyf tkwn mftaha llkhyr,Abd al-Razzaq al-Badr,عبد الرزاق بن عبد المحسن البدر,islamic-etiquette,0.9,,https://islamhouse.com/ar/books/316778/
x,ok,صلة الأرحام في ضوء الكتاب والسنة,slh alarham fy dw alktab walsnh,Sa'id ibn Ali al-Qahtani,سعيد بن علي بن وهف القحطاني,islamic-etiquette,2.2,,https://islamhouse.com/ar/books/276147/
x,ok,بر الوالدين في ضوء الكتاب والسنة,br alwaldyn fy dw alktab walsnh,Sa'id ibn Ali al-Qahtani,سعيد بن علي بن وهف القحطاني,islamic-etiquette,2.2,,https://islamhouse.com/ar/books/276146/
x,ok,لطائف المعارف فيما لمواسم العام من الوظائف,ltayf almaarf fyma lmwasm alaam mn alwzayf,Ibn Rajab al-Hanbali,ابن رجب الحنبلي,islamic-etiquette,27.4,,https://islamhouse.com/ar/books/2116/
x,ok,فضائل الصحابة,fdayl alshabh,Imam Ahmad ibn Hanbal,أحمد بن حنبل,islamic-etiquette,15.3,,https://islamhouse.com/ar/books/2103/
x,ok,شرح كتاب وظائف رمضان,shrh ktab wzayf rmdan,Abd al-Aziz ibn Baz,عبد العزيز بن باز,fatwaas-and-prohibited-disliked,2.5,,https://islamhouse.com/ar/books/2802955/
x,ok,بغية الإنسان في وظائف رمضان,bghyh alansan fy wzayf rmdan,Ibn Rajab al-Hanbali,ابن رجب الحنبلي,spiritual-healing,1.8,,https://islamhouse.com/ar/books/231269/
x,ok,إتحاف أهل الإيمان بدروس شهر رمضان,athaf ahl alayman bdrws shhr rmdan,Salih al-Fawzan,صالح بن فوزان الفوزان,aqeedah,1.4,,https://islamhouse.com/ar/books/53513/
,dupe-internal,إغاثة اللهفان في مصايد الشيطان,aghathh allhfan fy msayd alshytan,Ibn al-Qayyim,ابن قيم الجوزية,islamic-etiquette,11.3,,https://islamhouse.com/ar/books/2841129/
x,ok,الأخلاق [ من خطب المسجد النبوي ],alakhlaq mn khtb almsjd alnbwy,Abd al-Muhsin al-Qasim,عبد المحسن القاسم,islamic-etiquette,6.3,,https://islamhouse.com/ar/books/2837630/
x,ok,أحاديث الأخلاق,ahadyth alakhlaq,Abd al-Razzaq al-Badr,عبد الرزاق بن عبد المحسن البدر,islamic-etiquette,13.3,,https://islamhouse.com/ar/books/2830240/
x,ok,الأخوة والأخلاق الإسلامية والتعاون بين المؤمنين,alakhwh walakhlaq alaslamyh waltaawn byn almwmnyn,Abd al-Aziz ibn Baz,عبد العزيز بن باز,islamic-etiquette,2.5,,https://islamhouse.com/ar/books/2828080/
x,ok,تنبيه ذوي الأفهام إلى رأب الصدع والوئام على منهج السلف الكرام,tnbyh dhwy alafham aly rab alsda walwyam aly mnhj alslf alkram,Salih al-Suhaymi,صالح السحيمي,islamic-etiquette,3.5,,https://islamhouse.com/ar/books/2825358/
x,ok,حقوق كبار السن في الإسلام,hqwq kbar alsn fy alaslam,Abd al-Razzaq al-Badr,عبد الرزاق بن عبد المحسن البدر,islamic-etiquette,12.4,,https://islamhouse.com/ar/books/381126/
x,ok,الخلق الحسن في ضوء الكتاب والسنة,alkhlq alhsn fy dw alktab walsnh,Sa'id ibn Ali al-Qahtani,سعيد بن علي بن وهف القحطاني,islamic-etiquette,5,,https://islamhouse.com/ar/books/282604/
x,ok,سلامة الصدر في ضوء الكتاب والسنة,slamh alsdr fy dw alktab walsnh,Sa'id ibn Ali al-Qahtani,سعيد بن علي بن وهف القحطاني,islamic-etiquette,2.3,,https://islamhouse.com/ar/books/276148/
,possible-dupe,تصنيف الناس بين الظن واليقين,tsnyf alnas byn alzn walyqyn,Bakr Abu Zayd,بكر بن عبد الله أبو زيد,islamic-etiquette,2.4,,https://islamhouse.com/ar/books/172262/
x,ok,المتحابين في الله,almthabyn fy allh,Ibn Qudamah al-Maqdisi,ابن قدامة المقدسي,islamic-etiquette,1.4,,https://islamhouse.com/ar/books/55322/
x,ok,لنت لهم,lnt lhm,al-Nasa'i,أحمد بن شعيب النسائي,islamic-etiquette,2.6,,https://islamhouse.com/ar/books/2829529/
x,ok,وجوب التثبت من الأخبار واحترام العلماء,wjwb altthbt mn alakhbar wahtram alalma,Salih al-Fawzan,صالح بن فوزان الفوزان,islamic-etiquette,4.3,,https://islamhouse.com/ar/books/314811/
x,review,مختصر الأذكار والآداب,mkhtsr aladhkar waladab,Abd al-Muhsin al-Qasim,عبد المحسن القاسم,islamic-etiquette,3.1,,https://islamhouse.com/ar/books/2833475/
x,ok,شرح قصيدة أبي إسحاق الإلبيري,shrh qsydh aby ashaq alalbyry,Abd al-Muhsin al-Qasim,عبد المحسن القاسم,islamic-etiquette,1.7,,https://islamhouse.com/ar/books/2828960/
x,review,الأذكار والآداب,aladhkar waladab,Abd al-Muhsin al-Qasim,عبد المحسن القاسم,islamic-etiquette,3.6,,https://islamhouse.com/ar/books/2807403/
x,ok,الرد على الشاذلي في حزبيه وما صنفه من آداب الطريق,alrd aly alshadhly fy hzbyh wma snfh mn adab altryq,Ibn Taymiyyah,ابن تيمية,islamic-etiquette,5.3,,https://islamhouse.com/ar/books/273063/
x,ok,معجم المناهي اللفظية,majm almnahy allfzyh,Bakr Abu Zayd,بكر بن عبد الله أبو زيد,islamic-etiquette,3.2,,https://islamhouse.com/ar/books/169026/
x,ok,المساجد في ضوء الكتاب والسنة,almsajd fy dw alktab walsnh,Sa'id ibn Ali al-Qahtani,سعيد بن علي بن وهف القحطاني,islamic-etiquette,0.8,,https://islamhouse.com/ar/books/58441/
x,ok,المسجد وبيت المسلم,almsjd wbyt almslm,Abu Bakr al-Jaza'iri,أبو بكر جابر الجزائري,islamic-etiquette,7.9,,https://islamhouse.com/ar/books/2599/
x,ok,آفات اللسان في ضوء الكتاب والسنة,afat allsan fy dw alktab walsnh,Sa'id ibn Ali al-Qahtani,سعيد بن علي بن وهف القحطاني,islamic-etiquette,1.3,,https://islamhouse.com/ar/books/1923/
x,ok,الأوراد والأذكار الشرعية في حياة المسلم مما أخرجه البخاري ومسلم,alawrad waladhkar alshrayh fy hyah almslm mma akhrjh albkhary wmslm,Abd al-Aziz al-Rajihi,عبد العزيز الراجحي,islamic-etiquette,20.7,,https://islamhouse.com/ar/books/2836760/
x,ok,الدعاء,aldaa,Abd al-Muhsin al-Qasim,عبد المحسن القاسم,islamic-etiquette,6.8,,https://islamhouse.com/ar/books/2835433/
x,ok,أحاديث الأذكار والأدعية,ahadyth aladhkar waladayh,Abd al-Razzaq al-Badr,عبد الرزاق بن عبد المحسن البدر,islamic-etiquette,15.3,,https://islamhouse.com/ar/books/2834788/
x,ok,من جوامع الدعاء ومعانيها,mn jwama aldaa wmaanyha,Abd al-Aziz al-Rajihi,عبد العزيز الراجحي,islamic-etiquette,0.4,,https://islamhouse.com/ar/books/2834133/
x,ok,النصيحة في الأدعية الصحيحة,alnsyhh fy aladayh alshyhh,Abd al-Ghani al-Maqdisi,عبد الغني المقدسي,islamic-etiquette,0.4,,https://islamhouse.com/ar/books/407360/
x,ok,كلمة في فقه الدعاء,klmh fy fqh aldaa,Abd al-Razzaq al-Badr,عبد الرزاق بن عبد المحسن البدر,islamic-etiquette,0.8,,https://islamhouse.com/ar/books/316781/
x,ok,شروط الدعاء وموانع الإجابة,shrwt aldaa wmwana alajabh,Sa'id ibn Ali al-Qahtani,سعيد بن علي بن وهف القحطاني,islamic-etiquette,2.5,,https://islamhouse.com/ar/books/1932/
x,ok,جوامع الأدعية النبوية,jwama aladayh alnbwyh,Abd al-Aziz ibn Baz,عبد العزيز بن باز,hadith-studies,0.3,,https://islamhouse.com/ar/books/2837045/
x,ok,دعوات الأنبياء,dawat alanbya,Abd al-Razzaq al-Badr,عبد الرزاق بن عبد المحسن البدر,hadith-studies,3.7,,https://islamhouse.com/ar/books/2824752/
x,ok,كتاب الذكر والدعاء في ضوء الكتاب والسنة,ktab aldhkr waldaa fy dw alktab walsnh,Abd al-Razzaq al-Badr,عبد الرزاق بن عبد المحسن البدر,hadith-studies,4.2,,https://islamhouse.com/ar/books/144875/
,dupe-internal,الأوراد والأذكار الشرعية في حياة المسلم مما أخرجه البخاري ومسلم,alawrad waladhkar alshrayh fy hyah almslm mma akhrjh albkhary wmslm,Abd al-Aziz al-Rajihi,عبد العزيز الراجحي,spiritual-healing,10.9,,https://islamhouse.com/ar/books/2830694/
x,ok,ذكر الله [فضله - ثمراته - أحكامه - آدابه - بدعه],dhkr allh fdlh thmrath ahkamh adabh bdah,Abd al-Aziz ibn Baz,عبد العزيز بن باز,spiritual-healing,2.3,,https://islamhouse.com/ar/books/2826053/
x,ok,قاعدة حسنة في الباقيات الصالحات,qaadh hsnh fy albaqyat alsalhat,Ibn Taymiyyah,ابن تيمية,spiritual-healing,1.9,,https://islamhouse.com/ar/books/2825909/
x,ok,اتحاف المسلم بشرح حصن المسلم من أذكار الكتاب والسنة,athaf almslm bshrh hsn almslm mn adhkar alktab walsnh,Sa'id ibn Ali al-Qahtani,سعيد بن علي بن وهف القحطاني,spiritual-healing,71.1,,https://islamhouse.com/ar/books/890822/
x,ok,فوائد الذكر وثمراته,fwayd aldhkr wthmrath,Abd al-Razzaq al-Badr,عبد الرزاق بن عبد المحسن البدر,spiritual-healing,0.8,,https://islamhouse.com/ar/books/344677/
x,ok,دراسات في الباقيات الصالحات,drasat fy albaqyat alsalhat,Abd al-Razzaq al-Badr,عبد الرزاق بن عبد المحسن البدر,spiritual-healing,2.7,,https://islamhouse.com/ar/books/344668/
x,ok,الحوقلة: مفهومها وفضائلها ودلالاتها العقدية,alhwqlh mfhwmha wfdaylha wdlalatha alaqdyh,Abd al-Razzaq al-Badr,عبد الرزاق بن عبد المحسن البدر,spiritual-healing,0.6,,https://islamhouse.com/ar/books/316764/
x,review,تحفة الأخيار ببيان جملة نافعة مما ورد في الكتاب والسنة من الأدعية والأذكار,thfh alakhyar bbyan jmlh nafah mma wrd fy alktab walsnh mn aladayh waladhkar,Abd al-Aziz ibn Baz,عبد العزيز بن باز,spiritual-healing,1.8,,https://islamhouse.com/ar/books/70858/
x,ok,فضل الكلمات الأربع,fdl alklmat alarba,Abd al-Razzaq al-Badr,عبد الرزاق بن عبد المحسن البدر,spiritual-healing,2.2,,https://islamhouse.com/ar/books/2825089/
x,ok,فقه الأدعية والأذكار,fqh aladayh waladhkar,Abd al-Razzaq al-Badr,عبد الرزاق بن عبد المحسن البدر,spiritual-healing,17.1,,https://islamhouse.com/ar/books/316777/
x,ok,فضائل الكلمات الأربع,fdayl alklmat alarba,Abd al-Razzaq al-Badr,عبد الرزاق بن عبد المحسن البدر,spiritual-healing,0.2,,https://islamhouse.com/ar/books/316776/
x,review,حصن المسلم من أذكار الكتاب والسنة,hsn almslm mn adhkar alktab walsnh,Sa'id ibn Ali al-Qahtani,سعيد بن علي بن وهف القحطاني,spiritual-healing,38.9,,https://islamhouse.com/ar/books/2522/
x,ok,أثر الأذكار الشرعية في طرد الهم والغم,athr aladhkar alshrayh fy trd alhm walghm,Abd al-Razzaq al-Badr,عبد الرزاق بن عبد المحسن البدر,spiritual-healing,0.7,,https://islamhouse.com/ar/books/316771/
x,ok,تحقيق القول في حد الغيلة,thqyq alqwl fy hd alghylh,Abd al-Muhsin al-Qasim,عبد المحسن القاسم,spiritual-healing,1.1,,https://islamhouse.com/ar/books/2837712/
x,ok,القاعدة المدنية - تعليم القراءة للمبتدئين,alqaadh almdnyh talym alqrah llmbtdyyn,Abd al-Muhsin al-Qasim,عبد المحسن القاسم,learning-arabic,18.8,,https://islamhouse.com/ar/books/2837713/
x,ok,تعليم الكتابة للمبتدئين,talym alktabh llmbtdyyn,Abd al-Muhsin al-Qasim,عبد المحسن القاسم,learning-arabic,18.5,,https://islamhouse.com/ar/books/2828937/
x,ok,أبيات جمع الشتات,abyat jma alshtat,Abd al-Razzaq al-Badr,عبد الرزاق بن عبد المحسن البدر,learning-arabic,0.2,,https://islamhouse.com/ar/books/2825586/
x,review,دليل السالك إلى ألفية ابن مالك,dlyl alsalk aly alfyh abn malk,Salih al-Fawzan,صالح بن فوزان الفوزان,learning-arabic,16.6,,https://islamhouse.com/ar/books/2794653/
x,ok,لامية الأفعال,lamyh alafaal,Abd al-Muhsin al-Qasim,عبد المحسن القاسم,learning-arabic,4.3,,https://islamhouse.com/ar/books/2833511/
x,ok,التعليق وكشف النقاب على نظم قواعد الإعراب,altalyq wkshf alnqab aly nzm qwaad alaarab,Abd al-Rahman al-Sa'di,عبد الرحمن بن ناصر السعدي,learning-arabic,2.7,,https://islamhouse.com/ar/books/2830483/
x,ok,الزيادات على المنظومة الشبراوية,alzyadat aly almnzwmh alshbrawyh,Hafiz al-Hakami,حافظ بن أحمد الحكمي,learning-arabic,1.8,,https://islamhouse.com/ar/books/474266/
x,ok,عشر وصايا وتوجيهات في الشدائد والملمات,ashr wsaya wtwjyhat fy alshdayd walmlmat,Abd al-Razzaq al-Badr,عبد الرزاق بن عبد المحسن البدر,dawah,4.4,,https://islamhouse.com/ar/books/2844677/
x,ok,‎⁨لقاء مدراء الجاليات مع ابن عثيمين⁩,lqa mdra aljalyat ma abn athymyn,Muhammad ibn Salih al-Uthaymin,محمد بن صالح العثيمين,dawah,0.8,,https://islamhouse.com/ar/books/2836115/
x,ok,التحذير من الغلو والتطرف,althdhyr mn alghlw walttrf,Abd al-Aziz ibn Baz,عبد العزيز بن باز,dawah,2.3,,https://islamhouse.com/ar/books/2826044/
x,ok,هذه دعوتنا,hdhh dawtna,Muhammad Nasir al-Din al-Albani,محمد ناصر الدين الألباني,dawah,1.1,,https://islamhouse.com/ar/books/474046/
x,ok,كيفية دعوة عصاة المسلمين إلى الله تعالى,kyfyh dawh asah almslmyn aly allh taaly,Sa'id ibn Ali al-Qahtani,سعيد بن علي بن وهف القحطاني,dawah,1.6,,https://islamhouse.com/ar/books/338065/
x,ok,كيفية دعوة أهل الكتاب إلى الله تعالى في ضوء الكتاب والسنة,kyfyh dawh ahl alktab aly allh taaly fy dw alktab walsnh,Sa'id ibn Ali al-Qahtani,سعيد بن علي بن وهف القحطاني,dawah,2.4,,https://islamhouse.com/ar/books/338053/
x,ok,كيفية دعوة الوثنيين إلى الله تعالى,kyfyh dawh alwthnyyn aly allh taaly,Sa'id ibn Ali al-Qahtani,سعيد بن علي بن وهف القحطاني,dawah,1.8,,https://islamhouse.com/ar/books/338052/
x,ok,مفهوم الحكمة في الدعوة إلى الله تعالى في ضوء الكتاب والسنة,mfhwm alhkmh fy aldawh aly allh taaly fy dw alktab walsnh,Sa'id ibn Ali al-Qahtani,سعيد بن علي بن وهف القحطاني,dawah,0.9,,https://islamhouse.com/ar/books/337986/
x,ok,مواقف العلماء عبر العصور في الدعوة إلى الله تعالى,mwaqf alalma abr alaswr fy aldawh aly allh taaly,Sa'id ibn Ali al-Qahtani,سعيد بن علي بن وهف القحطاني,dawah,2.1,,https://islamhouse.com/ar/books/337980/
x,ok,مواقف التابعين وأتباعهم في الدعوة إلى الله تعالى,mwaqf altabayn watbaahm fy aldawh aly allh taaly,Sa'id ibn Ali al-Qahtani,سعيد بن علي بن وهف القحطاني,dawah,2.1,,https://islamhouse.com/ar/books/337971/
x,ok,مواقف النبي صلى الله عليه وسلم في الدعوة إلى الله تعالى,mwaqf alnby sly allh alyh wslm fy aldawh aly allh taaly,Sa'id ibn Ali al-Qahtani,سعيد بن علي بن وهف القحطاني,dawah,2.4,,https://islamhouse.com/ar/books/337969/
x,ok,العلاقة المثلى بين العلماء والدعاة ووسائل الاتصال الحديثة في ضوء الكتاب والسنة,alalaqh almthly byn alalma waldaah wwsayl alatsal alhdythh fy dw alktab walsnh,Sa'id ibn Ali al-Qahtani,سعيد بن علي بن وهف القحطاني,dawah,1,,https://islamhouse.com/ar/books/320895/
x,ok,مكانة الدعوة إلى الله وأسس دعوة غير المسلمين,mkanh aldawh aly allh wass dawh ghyr almslmyn,Abd al-Razzaq al-Badr,عبد الرزاق بن عبد المحسن البدر,dawah,0.6,,https://islamhouse.com/ar/books/316783/
x,ok,الحكمة في الدعوة إلى الله تعالى,alhkmh fy aldawh aly allh taaly,Sa'id ibn Ali al-Qahtani,سعيد بن علي بن وهف القحطاني,dawah,7.4,,https://islamhouse.com/ar/books/276139/
x,ok,مقومات الداعية الناجح,mqwmat aldaayh alnajh,Sa'id ibn Ali al-Qahtani,سعيد بن علي بن وهف القحطاني,dawah,5.4,,https://islamhouse.com/ar/books/193642/
x,ok,المنظار في بيان كثير من الأخطاء الشائعة,almnzar fy byan kthyr mn alakhta alshayah,Salih Al al-Shaykh,صالح بن عبد العزيز آل الشيخ,dawah,5.1,,https://islamhouse.com/ar/books/167482/
x,ok,كشف الكربة في وصف حال أهل الغربة,kshf alkrbh fy wsf hal ahl alghrbh,Ibn Rajab al-Hanbali,ابن رجب الحنبلي,dawah,0.2,,https://islamhouse.com/ar/books/116946/
x,ok,الدعوة إلى الله وأخلاق الدعاة,aldawh aly allh wakhlaq aldaah,Abd al-Aziz ibn Baz,عبد العزيز بن باز,dawah,0.6,,https://islamhouse.com/ar/books/1886/
,possible-dupe,الإسلام دين كامل,alaslam dyn kaml,Muhammad al-Amin al-Shinqiti,محمد الأمين الشنقيطي,quran-studies,0.6,,https://islamhouse.com/ar/books/453245/
x,ok,أصول الدين الإسلامي مع قواعده الأربع ويليها عقيدة السلف الصالح,aswl aldyn alaslamy ma qwaadh alarba wylyha aqydh alslf alsalh,Muhammad ibn Abd al-Wahhab,محمد بن عبد الوهاب,aqeedah,0.4,,https://islamhouse.com/ar/books/144966/
x,ok,التعليق على كتاب فضل الإسلام,altalyq aly ktab fdl alaslam,Abd al-Aziz ibn Baz,عبد العزيز بن باز,fatwaas-and-prohibited-disliked,0.8,,https://islamhouse.com/ar/books/2802917/
x,ok,فضل الإسلام,fdl alaslam,Muhammad ibn Abd al-Wahhab,محمد بن عبد الوهاب,aqeedah,3,,https://islamhouse.com/ar/books/2389/
x,ok,الدين الصحيح يحل جميع المشاكل,aldyn alshyh yhl jmya almshakl,Abd al-Rahman al-Sa'di,عبد الرحمن بن ناصر السعدي,quran-studies,0.1,,https://islamhouse.com/ar/books/2132/
x,ok,قصة إسلام قسيس ويليها أسباب الخير والسعادة في الدنيا والآخرة,qsh aslam qsys wylyha asbab alkhyr walsaadh fy aldnya walakhrh,Abd al-Razzaq al-Badr,عبد الرزاق بن عبد المحسن البدر,life-after-death,4.2,,https://islamhouse.com/ar/books/2827948/
x,ok,حول شبهة الرقيق,hwl shbhh alrqyq,Muhammad al-Amin al-Shinqiti,محمد الأمين الشنقيطي,deviated-sects-and-bidah,0.2,,https://islamhouse.com/ar/books/2831704/
x,ok,شرح الأربعين النووية,shrh alarbayn alnwwyh,Muhammad ibn Ibrahim Al al-Shaykh,محمد بن إبراهيم آل الشيخ,fatwaas-and-prohibited-disliked,12.6,,https://islamhouse.com/ar/books/2839052/
x,ok,شرح الأربعين النووية,shrh alarbayn alnwwyh,Abd al-Muhsin al-Qasim,عبد المحسن القاسم,spiritual-healing,2.7,,https://islamhouse.com/ar/books/2828965/
,possible-dupe,شرح الدروس المهمة لعامة الأمة,shrh aldrws almhmh laamh alamh,Abd al-Razzaq al-Badr,عبد الرزاق بن عبد المحسن البدر,spiritual-healing,7,,https://islamhouse.com/ar/books/2824469/
x,ok,خذ عقيدتك من الكتاب والسنة الصحيحة,khdh aqydtk mn alktab walsnh alshyhh,Muhammad ibn Jamil Zeno,محمد بن جميل زينو,hadith-studies,0.5,,https://islamhouse.com/ar/books/2823866/
x,review,ثلاثة الأصول وأدلتها,thlathh alaswl wadltha,Muhammad ibn Abd al-Wahhab,محمد بن عبد الوهاب,aqeedah,2.8,,https://islamhouse.com/ar/books/2388/
,review,الأربعون النووية,alarbawn alnwwyh,al-Nawawi,النووي,hadith-studies,0.6,,https://islamhouse.com/ar/books/5271/
x,review,كتاب التوحيد الذي هو حق الله على العبيد,ktab altwhyd aldhy hw hq allh aly alabyd,Muhammad ibn Abd al-Wahhab,محمد بن عبد الوهاب,aqeedah,11.6,,https://islamhouse.com/ar/books/1898/
x,ok,الدروس المهمة لعامة الأمة,aldrws almhmh laamh alamh,Abd al-Aziz ibn Baz,عبد العزيز بن باز,fatwaas-and-prohibited-disliked,1.5,,https://islamhouse.com/ar/books/1871/
x,ok,الرَّغبة والرَّهبة منهجٌ ثابتٌ في الكتَابِ والسُّنَّة,alrghbh walrhbh mnhj thabt fy alktab walsnh,Muhammad ibn Jamil Zeno,محمد بن جميل زينو,spiritual-healing,0.4,,https://islamhouse.com/ar/books/2835541/
x,ok,الوسطية والاعتدال وأثرهما على حياة المسلمين,alwstyh walaatdal wathrhma aly hyah almslmyn,Salih Al al-Shaykh,صالح بن عبد العزيز آل الشيخ,spiritual-healing,5.1,,https://islamhouse.com/ar/books/2835421/
x,ok,الدرة الفاخرة في التعليق على منظومة السير إلى الله والدار الآخرة,aldrh alfakhrh fy altalyq aly mnzwmh alsyr aly allh waldar alakhrh,Abd al-Rahman al-Sa'di,عبد الرحمن بن ناصر السعدي,spiritual-healing,0.7,,https://islamhouse.com/ar/books/2832688/
x,ok,الرحلة إلى أفريقيا,alrhlh aly afryqya,Muhammad al-Amin al-Shinqiti,محمد الأمين الشنقيطي,spiritual-healing,2.1,,https://islamhouse.com/ar/books/2831624/
x,ok,الهبة اللدنية في التعليق على الوصية الولدية,alhbh alldnyh fy altalyq aly alwsyh alwldyh,Abd al-Aziz al-Rajihi,عبد العزيز الراجحي,spiritual-healing,23.6,,https://islamhouse.com/ar/books/2830674/
x,ok,الإيضاح والتبيين لبعض صفات المؤمنين,alaydah waltbyyn lbad sfat almwmnyn,Abd al-Aziz al-Rajihi,عبد العزيز الراجحي,spiritual-healing,2.5,,https://islamhouse.com/ar/books/2830673/
x,ok,شرح كفاية المتعبد وتحفة المتزهد للحافظ المنذري,shrh kfayh almtabd wthfh almtzhd llhafz almndhry,Abd al-Razzaq al-Badr,عبد الرزاق بن عبد المحسن البدر,spiritual-healing,5,,https://islamhouse.com/ar/books/2830239/
x,ok,خطوات إلى السعادة,khtwat aly alsaadh,Abd al-Muhsin al-Qasim,عبد المحسن القاسم,spiritual-healing,3,,https://islamhouse.com/ar/books/2828936/
x,ok,التحف بالمأثور عن السلف,althf balmathwr an alslf,Abd al-Razzaq al-Badr,عبد الرزاق بن عبد المحسن البدر,spiritual-healing,1.2,,https://islamhouse.com/ar/books/2828078/
x,ok,الوصية الصغرى,alwsyh alsghry,Ibn Taymiyyah,ابن تيمية,spiritual-healing,1,,https://islamhouse.com/ar/books/2828032/
,possible-dupe,طريق الهجرتين وباب السعادتين,tryq alhjrtyn wbab alsaadtyn,Ibn al-Qayyim,ابن قيم الجوزية,spiritual-healing,15.1,,https://islamhouse.com/ar/books/2827749/
x,ok,شرح القصيدة الهائية,shrh alqsydh alhayyh,Abd al-Razzaq al-Badr,عبد الرزاق بن عبد المحسن البدر,spiritual-healing,4,,https://islamhouse.com/ar/books/2824767/
x,ok,وجوب التوبة إلى الله والضراعة إليه عند نزول المصائب,wjwb altwbh aly allh waldraah alyh and nzwl almsayb,The Permanent Committee (al-Lajnah al-Da'imah),اللجنة الدائمة للبحوث العلمية والإفتاء,spiritual-healing,1.5,,https://islamhouse.com/ar/books/2821819/
x,ok,المنظومة الهائية في الزهد والترغيب والترهيب,almnzwmh alhayyh fy alzhd waltrghyb waltrhyb,Hafiz al-Hakami,حافظ بن أحمد الحكمي,spiritual-healing,0.8,,https://islamhouse.com/ar/books/474265/
x,ok,حاسبوا أنفسكم قبل أن تحاسبوا,hasbwa anfskm qbl an thasbwa,Ibn Khuzaymah,ابن خزيمة,spiritual-healing,0.3,,https://islamhouse.com/ar/books/420823/
x,ok,أيها العاصي أقبل,ayha alaasy aqbl,Ibn Khuzaymah,ابن خزيمة,spiritual-healing,0.4,,https://islamhouse.com/ar/books/420728/
x,ok,عائدات من رحلة الضياع,aaydat mn rhlh aldyaa,Ibn Khuzaymah,ابن خزيمة,spiritual-healing,0.3,,https://islamhouse.com/ar/books/408965/
x,ok,عشر قواعد في الاستقامة,ashr qwaad fy alastqamh,Abd al-Razzaq al-Badr,عبد الرزاق بن عبد المحسن البدر,spiritual-healing,0.9,,https://islamhouse.com/ar/books/344672/
x,ok,الغفلة .. مفهومها، وخطرها، وعلاماتها، وأسبابها، وعلاجها,alghflh mfhwmha wkhtrha walamatha wasbabha walajha,Sa'id ibn Ali al-Qahtani,سعيد بن علي بن وهف القحطاني,spiritual-healing,2.2,,https://islamhouse.com/ar/books/339777/
x,ok,مكفرات الذنوب والخطايا وأسباب المغفرة من الكتاب والسنة,mkfrat aldhnwb walkhtaya wasbab almghfrh mn alktab walsnh,Sa'id ibn Ali al-Qahtani,سعيد بن علي بن وهف القحطاني,spiritual-healing,0.9,,https://islamhouse.com/ar/books/339418/
x,ok,الاستقامة,alastqamh,Ibn Taymiyyah,ابن تيمية,spiritual-healing,13.3,,https://islamhouse.com/ar/books/272830/
,dupe-internal,الداء والدواء,alda waldwa,Ibn al-Qayyim,ابن قيم الجوزية,spiritual-healing,9.9,,https://islamhouse.com/ar/books/265625/
x,ok,رسالة ابن القيم إلى أحد إخوانه,rsalh abn alqym aly ahd akhwanh,Ibn al-Qayyim,ابن قيم الجوزية,spiritual-healing,1.3,,https://islamhouse.com/ar/books/265607/
x,ok,أنواع الصبر ومجالاته في ضوء الكتاب والسنة,anwaa alsbr wmjalath fy dw alktab walsnh,Sa'id ibn Ali al-Qahtani,سعيد بن علي بن وهف القحطاني,spiritual-healing,1,,https://islamhouse.com/ar/books/193648/
x,ok,النور والظلمات في ضوء الكتاب والسنة,alnwr walzlmat fy dw alktab walsnh,Sa'id ibn Ali al-Qahtani,سعيد بن علي بن وهف القحطاني,spiritual-healing,2.2,,https://islamhouse.com/ar/books/193643/
x,ok,مختصر منهاج القاصدين,mkhtsr mnhaj alqasdyn,Ibn Qudamah al-Maqdisi,ابن قدامة المقدسي,spiritual-healing,10,,https://islamhouse.com/ar/books/192850/
x,ok,تبريد حرارة المصيبة عند موت الأحباب وفقد ثمرات الأفئدة وفلذات الأكباد,tbryd hrarh almsybh and mwt alahbab wfqd thmrat alafydh wfldhat alakbad,Sa'id ibn Ali al-Qahtani,سعيد بن علي بن وهف القحطاني,spiritual-healing,0.7,,https://islamhouse.com/ar/books/1940/
x,ok,التحفة العراقية في الأعمال القلبية,althfh alaraqyh fy alaamal alqlbyh,Ibn Taymiyyah,ابن تيمية,spiritual-healing,8.3,,https://islamhouse.com/ar/books/1905/
,dupe-internal,القول البين الأظهر في الدعوة إلى الله والأمر بالمعروف والنهي عن المنكر,alqwl albyn alazhr fy aldawh aly allh walamr balmarwf walnhy an almnkr,Abd al-Aziz al-Rajihi,عبد العزيز الراجحي,dawah,18.1,,https://islamhouse.com/ar/books/2832939/
x,ok,الأمر بالمعروف والنهي عن المنكر أصل من أصول الدين,alamr balmarwf walnhy an almnkr asl mn aswl aldyn,Abd al-Muhsin al-Qasim,عبد المحسن القاسم,spiritual-healing,1.4,,https://islamhouse.com/ar/books/2828966/
x,ok,وجوب الأمر بالمعروف والنهي عن المنكر,wjwb alamr balmarwf walnhy an almnkr,Abd al-Aziz ibn Baz,عبد العزيز بن باز,fatwaas-and-prohibited-disliked,0.8,,https://islamhouse.com/ar/books/2828183/
x,ok,رسالة الأمر بالمعروف والنهى عن المنكر,rsalh alamr balmarwf walnhy an almnkr,Hafiz al-Hakami,حافظ بن أحمد الحكمي,aqeedah,1,,https://islamhouse.com/ar/books/474259/
x,ok,إحياء الآثار,ahya alathar,Salih al-Fawzan,صالح بن فوزان الفوزان,islamic-history,4.8,,https://islamhouse.com/ar/books/2844996/
x,ok,كتاب المغازي لابن أبي شيبة,ktab almghazy labn aby shybh,Ibn Abi Shaybah,ابن أبي شيبة,islamic-history,8.9,,https://islamhouse.com/ar/books/2826473/
x,ok,مجمل تاريخ الأندلس,mjml tarykh alandls,Hafiz al-Hakami,حافظ بن أحمد الحكمي,islamic-history,0.7,,https://islamhouse.com/ar/books/474277/
x,ok,تخريج أحاديث فضائل الشام ودمشق,tkhryj ahadyth fdayl alsham wdmshq,Muhammad Nasir al-Din al-Albani,محمد ناصر الدين الألباني,islamic-history,0.8,,https://islamhouse.com/ar/books/393474/
x,ok,فوائد مستنبطة من قصة لقمان الحكيم,fwayd mstnbth mn qsh lqman alhkym,Abd al-Razzaq al-Badr,عبد الرزاق بن عبد المحسن البدر,islamic-history,0.4,,https://islamhouse.com/ar/books/316775/
x,ok,خصائص جزيرة العرب,khsays jzyrh alarb,Bakr Abu Zayd,بكر بن عبد الله أبو زيد,islamic-history,1.3,,https://islamhouse.com/ar/books/172261/
x,ok,من بدائع القصص النبوي الصحيح,mn bdaya alqss alnbwy alshyh,Muhammad ibn Jamil Zeno,محمد بن جميل زينو,islamic-history,1.8,,https://islamhouse.com/ar/books/1894/
x,ok,ترجمة الشيخ محمد عبد الوهاب ، وبيان حقيقة دعوته,trjmh alshykh mhmd abd alwhab wbyan hqyqh dawth,Abd al-Rahman ibn Hasan Al al-Shaykh,عبد الرحمن بن حسن آل الشيخ,biographies,0.8,,https://islamhouse.com/ar/books/2834838/
x,ok,الإمام محمد بن عبد الوهاب [ دعوته وسيرته ],alamam mhmd bn abd alwhab dawth wsyrth,Abd al-Aziz ibn Baz,عبد العزيز بن باز,fatwaas-and-prohibited-disliked,2,,https://islamhouse.com/ar/books/102354/
x,ok,دعوة الشيخ محمد بن عبد الوهاب بين المعارضين والمنصفين والمؤيدين,dawh alshykh mhmd bn abd alwhab byn almaardyn walmnsfyn walmwydyn,Muhammad ibn Jamil Zeno,محمد بن جميل زينو,dawah,8,,https://islamhouse.com/ar/books/71247/
x,ok,الجامع لسيرة الإمام ابن قيم الجوزية,aljama lsyrh alamam abn qym aljwzyh,Ibn al-Qayyim,ابن قيم الجوزية,biographies,8.9,,https://islamhouse.com/ar/books/2841131/
x,ok,من أعلام المجددين,mn aalam almjddyn,Salih al-Fawzan,صالح بن فوزان الفوزان,biographies,11.2,,https://islamhouse.com/ar/books/794465/
x,review,سير أعلام النبلاء,syr aalam alnbla,al-Dhahabi,الذهبي,biographies,13.8,,https://islamhouse.com/ar/books/479837/
x,ok,سؤالات ابن وهف لشيخ الإسلام الإمام المجدد عبد العزيز بن باز,swalat abn whf lshykh alaslam alamam almjdd abd alazyz bn baz,Sa'id ibn Ali al-Qahtani,سعيد بن علي بن وهف القحطاني,biographies,4.3,,https://islamhouse.com/ar/books/385671/
x,ok,الأجوبة النافعة عن المسائل الواقعة,alajwbh alnafah an almsayl alwaqah,Abd al-Rahman al-Sa'di,عبد الرحمن بن ناصر السعدي,biographies,12.5,,https://islamhouse.com/ar/books/371022/
x,ok,سيرة الشاب الصالح عبد الرحمن بن سعيد بن علي بن وهف القحطاني رحمه الله,syrh alshab alsalh abd alrhmn bn sayd bn aly bn whf alqhtany rhmh allh,Sa'id ibn Ali al-Qahtani,سعيد بن علي بن وهف القحطاني,biographies,1.2,,https://islamhouse.com/ar/books/270595/
x,ok,أبراج الزجاج في سيرة الحجاج بن يوسف الثقفي,abraj alzjaj fy syrh alhjaj bn ywsf althqfy,Sa'id ibn Ali al-Qahtani,سعيد بن علي بن وهف القحطاني,biographies,1.6,,https://islamhouse.com/ar/books/269034/
x,ok,مواقف لا تنسى من سيرة والدتي رحمها الله تعالى,mwaqf la tnsy mn syrh waldty rhmha allh taaly,Sa'id ibn Ali al-Qahtani,سعيد بن علي بن وهف القحطاني,biographies,0.4,,https://islamhouse.com/ar/books/193649/
,possible-dupe,طبقات النسابين,tbqat alnsabyn,Bakr Abu Zayd,بكر بن عبد الله أبو زيد,biographies,3.1,,https://islamhouse.com/ar/books/172260/
x,ok,المداخل إلى آثار شيخ الإسلام ابن تيمية وما لحقها من أعمال,almdakhl aly athar shykh alaslam abn tymyh wma lhqha mn aamal,Bakr Abu Zayd,بكر بن عبد الله أبو زيد,biographies,1.3,,https://islamhouse.com/ar/books/166553/
x,ok,رفع الملام عن الأئمة الأعلام,rfa almlam an alaymh alaalam,Ibn Taymiyyah,ابن تيمية,biographies,1,,https://islamhouse.com/ar/books/1953/
x,ok,تقييد الشوارد من القواعد والفوائد,tqyyd alshward mn alqwaad walfwayd,Abd al-Aziz al-Rajihi,عبد العزيز الراجحي,aqeedah,9.5,,https://islamhouse.com/ar/books/2830757/
x,ok,ضعف المسلمين أمام عدوهم,daf almslmyn amam adwhm,Abd al-Aziz ibn Baz,عبد العزيز بن باز,fatwaas-and-prohibited-disliked,3.6,,https://islamhouse.com/ar/books/2828170/
x,ok,رسائل الجزائرى - ست وعشرون رسالة فى مواضيع دينية وإصلاحية مختلفة - المجموعة الخامسة -,rsayl aljzayry st washrwn rsalh fy mwadya dynyh waslahyh mkhtlfh almjmwah alkhamsh,Abu Bakr al-Jaza'iri,أبو بكر جابر الجزائري,new-muslims,7.2,,https://islamhouse.com/ar/books/438839/
x,ok,رسائل الجزائرى - خمسة عشرة رسالة فى مواضيع علمية وإصلاحية مختلفة - المجموعة الرابعة -,rsayl aljzayry khmsh ashrh rsalh fy mwadya almyh waslahyh mkhtlfh almjmwah alrabah,Abu Bakr al-Jaza'iri,أبو بكر جابر الجزائري,new-muslims,10.5,,https://islamhouse.com/ar/books/438838/
x,ok,رسائل الجزائرى - ست عشرة رسالة فى مواضيع دينية وإصلاحية مختلفة - المجموعة الثالثة -,rsayl aljzayry st ashrh rsalh fy mwadya dynyh waslahyh mkhtlfh almjmwah althalthh,Abu Bakr al-Jaza'iri,أبو بكر جابر الجزائري,new-muslims,8.4,,https://islamhouse.com/ar/books/438837/
x,ok,رسائل الجزائرى - خمسة عشر رسالة فى مواضيع علمية وإصلاحية مختلفة - المجموعة الثانية -,rsayl aljzayry khmsh ashr rsalh fy mwadya almyh waslahyh mkhtlfh almjmwah althanyh,Abu Bakr al-Jaza'iri,أبو بكر جابر الجزائري,new-muslims,11.2,,https://islamhouse.com/ar/books/438836/
x,ok,رسائل الجزائرى - ثلاثون رسالة فى مواضيع دينية وإصلاحية مختلفة - المجموعة الأولى -,rsayl aljzayry thlathwn rsalh fy mwadya dynyh waslahyh mkhtlfh almjmwah alawly,Abu Bakr al-Jaza'iri,أبو بكر جابر الجزائري,new-muslims,13.8,,https://islamhouse.com/ar/books/438835/
x,ok,المجموع المفيد الممتاز من كتب العلامة ابن باز,almjmwa almfyd almmtaz mn ktb alalamh abn baz,Abd al-Aziz ibn Baz,عبد العزيز بن باز,fatwaas-and-prohibited-disliked,0.8,,https://islamhouse.com/ar/books/411810/
x,ok,حكم زيارة أماكن السيرة النبوية,hkm zyarh amakn alsyrh alnbwyh,Sa'd al-Shithri,سعد الشثري,islamic-history,0.4,,https://islamhouse.com/ar/books/388636/
x,ok,مجموعة رسائل علمية,mjmwah rsayl almyh,Muqbil ibn Hadi al-Wadi'i,مقبل بن هادي الوادعي,hadith-studies,5.2,,https://islamhouse.com/ar/books/381134/
x,ok,منهج أهل السنة في توحيد الأمة,mnhj ahl alsnh fy twhyd alamh,Abd al-Razzaq al-Badr,عبد الرزاق بن عبد المحسن البدر,aqeedah,0.8,,https://islamhouse.com/ar/books/344680/
x,ok,رسالة في الحث على اجتماع كلمة المسلمين وذم التفرق والاختلاف,rsalh fy alhth aly ajtmaa klmh almslmyn wdhm altfrq walakhtlaf,Abd al-Rahman al-Sa'di,عبد الرحمن بن ناصر السعدي,deviated-sects-and-bidah,4.2,,https://islamhouse.com/ar/books/343853/
x,ok,تنبيه الرجل العاقل على تمويه الجدل الباطل,tnbyh alrjl alaaql aly tmwyh aljdl albatl,Ibn Taymiyyah,ابن تيمية,aqeedah,9.9,,https://islamhouse.com/ar/books/273059/
x,ok,الرد على المنطقيين,alrd aly almntqyyn,Ibn Taymiyyah,ابن تيمية,deviated-sects-and-bidah,12.2,,https://islamhouse.com/ar/books/273056/
x,ok,مجموع رسائل الشاب الصالح عبد الرحمن بن سعيد بن علي بن وهف القحطاني رحمه الله تعالى,mjmwa rsayl alshab alsalh abd alrhmn bn sayd bn aly bn whf alqhtany rhmh allh taaly,Sa'id ibn Ali al-Qahtani,سعيد بن علي بن وهف القحطاني,spiritual-healing,3.4,,https://islamhouse.com/ar/books/273033/
x,review,مجموعة الحديث للشيخ محمد بن عبد الوهاب,mjmwah alhdyth llshykh mhmd bn abd alwhab,Muhammad ibn Abd al-Wahhab,محمد بن عبد الوهاب,hadith-studies,8.3,,https://islamhouse.com/ar/books/264175/
x,ok,المناظرات الفقهية,almnazrat alfqhyh,Abd al-Rahman al-Sa'di,عبد الرحمن بن ناصر السعدي,islamic-jurisprudence,2.4,,https://islamhouse.com/ar/books/205546/
x,ok,أدب الهاتف,adb alhatf,Bakr Abu Zayd,بكر بن عبد الله أبو زيد,knowledge,0.9,,https://islamhouse.com/ar/books/169016/
x,ok,انتصار الحق,antsar alhq,Abd al-Rahman al-Sa'di,عبد الرحمن بن ناصر السعدي,quran-studies,0.3,,https://islamhouse.com/ar/books/2161/
x,review,الإنصاف فيما قيل في المولد من الغلو والإجحاف,alansaf fyma qyl fy almwld mn alghlw walajhaf,Abu Bakr al-Jaza'iri,أبو بكر جابر الجزائري,new-muslims,0.3,,https://islamhouse.com/ar/books/2698/
x,review,الإسراء والمعراج وذكر أحاديثهما وتخريجها وبيان صحيحها من سقيمها,alasra walmaraj wdhkr ahadythhma wtkhryjha wbyan shyhha mn sqymha,Muhammad Nasir al-Din al-Albani,محمد ناصر الدين الألباني,hadith-studies,1.5,,https://islamhouse.com/ar/books/2083/
x,review,حكم الاحتفال بالمولد النبوي والرد على من أجازه,hkm alahtfal balmwld alnbwy walrd aly mn ajazh,Muhammad ibn Ibrahim Al al-Shaykh,محمد بن إبراهيم آل الشيخ,deviated-sects-and-bidah,6.1,,https://islamhouse.com/ar/books/2835426/
x,ok,مجالس شهر رمضان,mjals shhr rmdan,Muhammad ibn Salih al-Uthaymin,محمد بن صالح العثيمين,islamic-jurisprudence,41.9,,https://islamhouse.com/ar/books/2836649/
x,ok,المفيد في مجالس شهر رمضان,almfyd fy mjals shhr rmdan,Abd al-Aziz ibn Baz,عبد العزيز بن باز,fatwaas-and-prohibited-disliked,39.1,,https://islamhouse.com/ar/books/2822860/
x,ok,دروس في رمضان,drws fy rmdan,Abd al-Aziz al-Rajihi,عبد العزيز الراجحي,aqeedah,9.5,,https://islamhouse.com/ar/books/2830680/
x,ok,فضائل رمضان,fdayl rmdan,Abd al-Ghani al-Maqdisi,عبد الغني المقدسي,hadith-studies,1.7,,https://islamhouse.com/ar/books/2823010/
x,ok,فضائل شهر الله المحرم ويوم عاشوراء,fdayl shhr allh almhrm wywm aashwra,Ibn Rajab al-Hanbali,ابن رجب الحنبلي,spiritual-healing,2.3,,https://islamhouse.com/ar/books/2831992/
x,ok,فضل عاشوراء وشهر الله المحرم,fdl aashwra wshhr allh almhrm,Muhammad ibn Salih al-Uthaymin,محمد بن صالح العثيمين,islamic-jurisprudence,1.8,,https://islamhouse.com/ar/books/2831901/
x,ok,جهود الشيخ ابن عثيمين ومنهجه في تقرير توحيد الألوهية,jhwd alshykh abn athymyn wmnhjh fy tqryr twhyd alalwhyh,Salih al-Fawzan,صالح بن فوزان الفوزان,knowledge,1.4,,https://islamhouse.com/ar/books/2829938/
x,ok,لماذا تحزن ؟,lmadha thzn,Ibn Khuzaymah,ابن خزيمة,aqeedah,0.3,,https://islamhouse.com/ar/books/420800/
x,ok,ثمان وعشرون وسيلة لاستغلال الوقت,thman washrwn wsylh lastghlal alwqt,Ibn Khuzaymah,ابن خزيمة,aqeedah,0.3,,https://islamhouse.com/ar/books/420596/
x,ok,شرح صريح السنة للإمام أبي جعفر الطبري,shrh sryh alsnh llamam aby jafr altbry,Abd al-Aziz al-Rajihi,عبد العزيز الراجحي,hadith-studies,1.4,,https://islamhouse.com/ar/books/2830756/
x,ok,بذل المساعي في شرح رسالة في اعتقاد الإمام الشافعي,bdhl almsaay fy shrh rsalh fy aatqad alamam alshafay,Abd al-Aziz al-Rajihi,عبد العزيز الراجحي,aqeedah,18.9,,https://islamhouse.com/ar/books/2830735/
x,review,شروح رسائل الإمام المجدد محمد بن عبد الوهاب,shrwh rsayl alamam almjdd mhmd bn abd alwhab,Abd al-Aziz al-Rajihi,عبد العزيز الراجحي,aqeedah,31,,https://islamhouse.com/ar/books/2830729/
x,ok,شرح أصل السنة واعتقاد الدين للإمامين الرازيين,shrh asl alsnh waatqad aldyn llamamyn alrazyyn,Abd al-Aziz al-Rajihi,عبد العزيز الراجحي,hadith-studies,2.2,,https://islamhouse.com/ar/books/2830685/
x,ok,التعليق على مسائل عقدية من مجموع فتاوى شيخ الإسلام ابن تيمية,altalyq aly msayl aqdyh mn mjmwa ftawy shykh alaslam abn tymyh,Abd al-Aziz al-Rajihi,عبد العزيز الراجحي,fatwaas-and-prohibited-disliked,7.7,,https://islamhouse.com/ar/books/2830670/
x,ok,الأصول الستة,alaswl alsth,Muhammad ibn Abd al-Wahhab,محمد بن عبد الوهاب,aqeedah,0.3,,https://islamhouse.com/ar/books/2830535/
x,ok,أصول العقائد الدينية,aswl alaqayd aldynyh,Abd al-Rahman al-Sa'di,عبد الرحمن بن ناصر السعدي,quran-studies,0.8,,https://islamhouse.com/ar/books/2830464/
x,ok,الفتوى الحموية الكبرى لشيخ الإسلام ابن تيمية رحمه الله,alftwy alhmwyh alkbry lshykh alaslam abn tymyh rhmh allh,Ibn Taymiyyah,ابن تيمية,fatwaas-and-prohibited-disliked,23.7,,https://islamhouse.com/ar/books/2830076/
x,ok,مكايد الشيطان في مسائل الغيبيات,mkayd alshytan fy msayl alghybyat,Sa'id ibn Ali al-Qahtani,سعيد بن علي بن وهف القحطاني,spiritual-healing,2.6,,https://islamhouse.com/ar/books/2829515/
,possible-dupe,شرح القواعد الأربع,shrh alqwaad alarba,Abd al-Muhsin al-Qasim,عبد المحسن القاسم,spiritual-healing,2.6,,https://islamhouse.com/ar/books/2828940/
x,ok,شرح الأصول الستة,shrh alaswl alsth,Abd al-Razzaq al-Badr,عبد الرزاق بن عبد المحسن البدر,spiritual-healing,10.1,,https://islamhouse.com/ar/books/2828244/
,possible-dupe,شرح القواعد الأربع,shrh alqwaad alarba,Abd al-Aziz ibn Baz,عبد العزيز بن باز,fatwaas-and-prohibited-disliked,0.4,,https://islamhouse.com/ar/books/2802932/
x,review,القواعد الأربع,alqwaad alarba,Muhammad ibn Abd al-Wahhab,محمد بن عبد الوهاب,aqeedah,0.7,,https://islamhouse.com/ar/books/497019/
x,ok,شرح الأصول الستة,shrh alaswl alsth,Salih al-Fawzan,صالح بن فوزان الفوزان,aqeedah,4.5,,https://islamhouse.com/ar/books/314813/
,possible-dupe,عقيدة المسلم في ضوء الكتاب والسنة,aqydh almslm fy dw alktab walsnh,Sa'id ibn Ali al-Qahtani,سعيد بن علي بن وهف القحطاني,aqeedah,20.8,,https://islamhouse.com/ar/books/193635/
x,ok,الوافي في اختصار شرح عقيدة أبي جعفر الطحاوي,alwafy fy akhtsar shrh aqydh aby jafr althawy,Salih Al al-Shaykh,صالح بن عبد العزيز آل الشيخ,aqeedah,5.2,,https://islamhouse.com/ar/books/172706/
x,ok,كمال الأمة في صلاح عقيدتها,kmal alamh fy slah aqydtha,Abu Bakr al-Jaza'iri,أبو بكر جابر الجزائري,new-muslims,0.6,,https://islamhouse.com/ar/books/172271/
x,ok,مختصر العقيدة الإسلامية من الكتاب والسنة الصحيحة,mkhtsr alaqydh alaslamyh mn alktab walsnh alshyhh,Muhammad ibn Jamil Zeno,محمد بن جميل زينو,aqeedah,0.4,,https://islamhouse.com/ar/books/71245/
,possible-dupe,شرح القواعد الأربع,shrh alqwaad alarba,Salih Al al-Shaykh,صالح بن عبد العزيز آل الشيخ,aqeedah,0.3,,https://islamhouse.com/ar/books/2620/
,possible-dupe,شرح القواعد الأربع,shrh alqwaad alarba,Abd al-Aziz al-Rajihi,عبد العزيز الراجحي,aqeedah,0.6,,https://islamhouse.com/ar/books/2417/
,possible-dupe,شرح القواعد الأربع,shrh alqwaad alarba,Abd al-Rahman al-Barrak,عبد الرحمن البراك,aqeedah,3.6,,https://islamhouse.com/ar/books/2416/
,possible-dupe,شرح القواعد الأربع,shrh alqwaad alarba,Salih al-Fawzan,صالح بن فوزان الفوزان,aqeedah,2.9,,https://islamhouse.com/ar/books/2403/
x,ok,أعلام السنة المنشورة لاعتقاد الطائفة الناجية المنصورة,aalam alsnh almnshwrh laatqad altayfh alnajyh almnswrh,Hafiz al-Hakami,حافظ بن أحمد الحكمي,hadith-studies,2,,https://islamhouse.com/ar/books/1876/
x,ok,شرح اقتضاء العلم العمل,shrh aqtda alalm alaml,Abd al-Razzaq al-Badr,عبد الرزاق بن عبد المحسن البدر,knowledge,1.8,,https://islamhouse.com/ar/books/2830435/
x,ok,أهمية العلم في محاربة الأفكار الهدامة,ahmyh alalm fy mharbh alafkar alhdamh,Abd al-Aziz ibn Baz,عبد العزيز بن باز,knowledge,0.6,,https://islamhouse.com/ar/books/2827853/
x,ok,مفتاح دار السعادة ومنشور ولاية العلم والإرادة,mftah dar alsaadh wmnshwr wlayh alalm walaradh,Ibn al-Qayyim,ابن قيم الجوزية,knowledge,25.7,,https://islamhouse.com/ar/books/2827758/
x,ok,الطريق إلى النبوغ العلمي,altryq aly alnbwgh alalmy,Salih Al al-Shaykh,صالح بن عبد العزيز آل الشيخ,knowledge,28.3,,https://islamhouse.com/ar/books/2810324/
x,ok,مختصر حلية طالب العلم,mkhtsr hlyh talb alalm,Bakr Abu Zayd,بكر بن عبد الله أبو زيد,knowledge,0.3,,https://islamhouse.com/ar/books/2809826/
x,ok,فضل علم السلف على الخلف,fdl alm alslf aly alkhlf,Ibn Rajab al-Hanbali,ابن رجب الحنبلي,knowledge,1,,https://islamhouse.com/ar/books/468632/
x,ok,ثمرة العلم العمل,thmrh alalm alaml,Abd al-Razzaq al-Badr,عبد الرزاق بن عبد المحسن البدر,knowledge,0.8,,https://islamhouse.com/ar/books/316846/
x,ok,الدلائل القرآنية في أن العلوم والأعمال النافعة العصرية داخلة في الدين الإسلامي,aldlayl alqranyh fy an alalwm walaamal alnafah alasryh dakhlh fy aldyn alaslamy,Abd al-Rahman al-Sa'di,عبد الرحمن بن ناصر السعدي,knowledge,0.2,,https://islamhouse.com/ar/books/2133/
x,ok,آداب طالب العلم,adab talb alalm,Abd al-Muhsin al-Qasim,عبد المحسن القاسم,knowledge,2.4,,https://islamhouse.com/ar/books/2837708/
x,ok,العلماء يحفظون المتون,alalma yhfzwn almtwn,Abd al-Muhsin al-Qasim,عبد المحسن القاسم,knowledge,2.2,,https://islamhouse.com/ar/books/2837701/
x,ok,مسؤولية طالب العلم,mswwlyh talb alalm,Abd al-Aziz ibn Baz,عبد العزيز بن باز,knowledge,1.1,,https://islamhouse.com/ar/books/2828179/
x,ok,التعالم وأثره على الفكر والكتاب,altaalm wathrh aly alfkr walktab,Bakr Abu Zayd,بكر بن عبد الله أبو زيد,knowledge,4.1,,https://islamhouse.com/ar/books/2808060/
x,ok,المنظومة الميمية فى الوصايا والآداب العلمية,almnzwmh almymyh fy alwsaya waladab alalmyh,Hafiz al-Hakami,حافظ بن أحمد الحكمي,knowledge,0.9,,https://islamhouse.com/ar/books/474267/
x,ok,اقتضاء العلم العمل,aqtda alalm alaml,al-Khatib al-Baghdadi,الخطيب البغدادي,knowledge,1.6,,https://islamhouse.com/ar/books/471713/
x,ok,شرح المنظومة الميمية في الوصايا والآداب العلمية,shrh almnzwmh almymyh fy alwsaya waladab alalmyh,Abd al-Razzaq al-Badr,عبد الرزاق بن عبد المحسن البدر,knowledge,9.8,,https://islamhouse.com/ar/books/316841/
x,ok,أربع قواعد تدور الأحكام عليها ويليها نبذة في اتباع النصوص مع احترام العلماء,arba qwaad tdwr alahkam alyha wylyha nbdhh fy atbaa alnsws ma ahtram alalma,Muhammad ibn Abd al-Wahhab,محمد بن عبد الوهاب,knowledge,0.6,,https://islamhouse.com/ar/books/264148/
,possible-dupe,حلية طالب العلم,hlyh talb alalm,Bakr Abu Zayd,بكر بن عبد الله أبو زيد,knowledge,5.2,,https://islamhouse.com/ar/books/233627/
x,ok,الوصايا الجلية للاستفادة من الدروس العلمية,alwsaya aljlyh llastfadh mn aldrws alalmyh,Salih Al al-Shaykh,صالح بن عبد العزيز آل الشيخ,knowledge,4.4,,https://islamhouse.com/ar/books/167478/
x,ok,أخلاق العلماء,akhlaq alalma,al-Ajurri,الآجري,knowledge,1.7,,https://islamhouse.com/ar/books/2453/
x,ok,مؤلفات فضيلة الشيخ الدكتور عبد المحسن بن محمد القاسم وتحقيقاته وشروحه,mwlfat fdylh alshykh aldktwr abd almhsn bn mhmd alqasm wthqyqath wshrwhh,Abd al-Muhsin al-Qasim,عبد المحسن القاسم,knowledge,0.4,,https://islamhouse.com/ar/books/2842722/
x,ok,أسهل طريقة لحفظ المتون العلمية وطلب العلم الشرعي,ashl tryqh lhfz almtwn alalmyh wtlb alalm alshray,Abd al-Muhsin al-Qasim,عبد المحسن القاسم,knowledge,1.9,,https://islamhouse.com/ar/books/2837707/
x,review,متون طالب العلم,mtwn talb alalm,Abd al-Muhsin al-Qasim,عبد المحسن القاسم,knowledge,12.9,,https://islamhouse.com/ar/books/2833476/
x,ok,دليلك إلى أكثر من 350 كتاب مع أجود الطبعات,dlylk aly akthr mn 350 ktab ma ajwd altbaat,Salih al-Fawzan,صالح بن فوزان الفوزان,knowledge,0.5,,https://islamhouse.com/ar/books/385307/
x,ok,النفحات المسكية في التعليق على الفتوى الحموية,alnfhat almskyh fy altalyq aly alftwy alhmwyh,Abd al-Aziz al-Rajihi,عبد العزيز الراجحي,aqeedah,5.9,,https://islamhouse.com/ar/books/2830726/
x,ok,الهداية الربانية في شرح العقيدة الطحاوية,alhdayh alrbanyh fy shrh alaqydh althawyh,Abd al-Aziz al-Rajihi,عبد العزيز الراجحي,aqeedah,19.1,,https://islamhouse.com/ar/books/2830671/
x,ok,شرح كشف الشبهات,shrh kshf alshbhat,Abd al-Razzaq al-Badr,عبد الرزاق بن عبد المحسن البدر,aqeedah,3.8,,https://islamhouse.com/ar/books/2830258/
x,ok,شرح العقيدة الواسطية,shrh alaqydh alwastyh,Abd al-Muhsin al-Qasim,عبد المحسن القاسم,aqeedah,7.2,,https://islamhouse.com/ar/books/2828964/
,possible-dupe,شرح كتاب التوحيد,shrh ktab altwhyd,Abd al-Muhsin al-Qasim,عبد المحسن القاسم,aqeedah,7.2,,https://islamhouse.com/ar/books/2828961/
x,review,الكافية الشافية في الانتصار للفرقة الناجية,alkafyh alshafyh fy alantsar llfrqh alnajyh,Ibn al-Qayyim,ابن قيم الجوزية,aqeedah,22.4,,https://islamhouse.com/ar/books/2827756/
x,ok,تعليقات سماحة الشيخ ابن باز على الرسالة الحموية الكبرى,talyqat smahh alshykh abn baz aly alrsalh alhmwyh alkbry,Abd al-Aziz ibn Baz,عبد العزيز بن باز,aqeedah,7.5,,https://islamhouse.com/ar/books/2826051/
x,ok,الكواكب الدرية من تعليقات سماحة الشيخ ابن باز على الفتوى الحموية,alkwakb aldryh mn talyqat smahh alshykh abn baz aly alftwy alhmwyh,Abd al-Aziz ibn Baz,عبد العزيز بن باز,aqeedah,7.3,,https://islamhouse.com/ar/books/2826043/
,possible-dupe,شرح ثلاثة الأصول,shrh thlathh alaswl,Abd al-Aziz al-Rajihi,عبد العزيز الراجحي,aqeedah,2.2,,https://islamhouse.com/ar/books/2816911/
x,ok,شرح العقيدة الواسطية,shrh alaqydh alwastyh,Abd al-Aziz al-Rajihi,عبد العزيز الراجحي,aqeedah,4.1,,https://islamhouse.com/ar/books/2816908/
x,ok,مسائل الجاهلية,msayl aljahlyh,Muhammad ibn Abd al-Wahhab,محمد بن عبد الوهاب,aqeedah,0.4,,https://islamhouse.com/ar/books/2814960/
x,ok,شرح العقيدة الواسطية,shrh alaqydh alwastyh,Salih al-Fawzan,صالح بن فوزان الفوزان,aqeedah,1.3,,https://islamhouse.com/ar/books/2814037/
x,ok,القول السديد في شرح كتاب التوحيد الذي هو حق الله على العبيد,alqwl alsdyd fy shrh ktab altwhyd aldhy hw hq allh aly alabyd,Abd al-Rahman al-Sa'di,عبد الرحمن بن ناصر السعدي,aqeedah,4.9,,https://islamhouse.com/ar/books/2813583/
x,ok,التعليقات البازية على شرح الطحاوية,altalyqat albazyh aly shrh althawyh,Abd al-Aziz ibn Baz,عبد العزيز بن باز,aqeedah,24,,https://islamhouse.com/ar/books/2803258/
x,ok,التعليق على الفتوى الحموية,altalyq aly alftwy alhmwyh,Abd al-Aziz ibn Baz,عبد العزيز بن باز,aqeedah,6.9,,https://islamhouse.com/ar/books/2803257/
x,ok,شرح الأصول الثلاثة,shrh alaswl althlathh,Abd al-Aziz ibn Baz,عبد العزيز بن باز,aqeedah,1.3,,https://islamhouse.com/ar/books/2802935/
x,ok,شرح كشف الشبهات,shrh kshf alshbhat,Abd al-Aziz ibn Baz,عبد العزيز بن باز,aqeedah,1.7,,https://islamhouse.com/ar/books/2802929/
x,ok,شرح العقيدة الواسطية,shrh alaqydh alwastyh,Abd al-Aziz ibn Baz,عبد العزيز بن باز,aqeedah,2.1,,https://islamhouse.com/ar/books/2802928/
x,ok,فوائد من شرح تيسير العزيز الحميد في شرح كتاب التوحيد,fwayd mn shrh tysyr alazyz alhmyd fy shrh ktab altwhyd,Abd al-Aziz ibn Baz,عبد العزيز بن باز,aqeedah,18.1,,https://islamhouse.com/ar/books/2800966/
x,ok,فوائد من شرح كتاب التوحيد,fwayd mn shrh ktab altwhyd,Abd al-Aziz ibn Baz,عبد العزيز بن باز,aqeedah,3.7,,https://islamhouse.com/ar/books/2800965/
x,ok,العقيدة الطحاوية شرح وتعليق,alaqydh althawyh shrh wtalyq,Muhammad Nasir al-Din al-Albani,محمد ناصر الدين الألباني,aqeedah,1.3,,https://islamhouse.com/ar/books/322227/
x,ok,تعليقات الشيخ ابن باز على متن العقيدة الطحاوية,talyqat alshykh abn baz aly mtn alaqydh althawyh,Abd al-Aziz ibn Baz,عبد العزيز بن باز,aqeedah,0.2,,https://islamhouse.com/ar/books/322226/
x,ok,شرح الرسالة التدمرية [ البراك ],shrh alrsalh altdmryh albrak,Abd al-Rahman al-Barrak,عبد الرحمن البراك,aqeedah,2.4,,https://islamhouse.com/ar/books/322216/
x,ok,شرح الفتوى الحموية الكبرى [ صالح آل الشيخ ],shrh alftwy alhmwyh alkbry salh al alshykh,Salih Al al-Shaykh,صالح بن عبد العزيز آل الشيخ,aqeedah,1.4,,https://islamhouse.com/ar/books/322206/
x,ok,شرح كشف الشبهات [ البراك ],shrh kshf alshbhat albrak,Abd al-Rahman al-Barrak,عبد الرحمن البراك,aqeedah,12.4,,https://islamhouse.com/ar/books/322167/
x,review,شرح لمعة الاعتقاد [ صالح آل الشيخ ],shrh lmah alaatqad salh al alshykh,Salih Al al-Shaykh,صالح بن عبد العزيز آل الشيخ,aqeedah,4.8,,https://islamhouse.com/ar/books/313434/
x,ok,توضيح مقاصد العقيدة الواسطية,twdyh mqasd alaqydh alwastyh,Abd al-Rahman al-Barrak,عبد الرحمن البراك,aqeedah,3.8,,https://islamhouse.com/ar/books/311363/
x,ok,شرح كشف الشبهات,shrh kshf alshbhat,Abd al-Aziz al-Rajihi,عبد العزيز الراجحي,aqeedah,1.1,,https://islamhouse.com/ar/books/305090/
x,ok,شرح كشف الشبهات,shrh kshf alshbhat,Salih Al al-Shaykh,صالح بن عبد العزيز آل الشيخ,aqeedah,0.2,,https://islamhouse.com/ar/books/305089/
x,ok,شرح كشف الشبهات,shrh kshf alshbhat,Salih al-Fawzan,صالح بن فوزان الفوزان,aqeedah,0.7,,https://islamhouse.com/ar/books/305087/
x,ok,تيسير العزيز الحميد في شرح كتاب التوحيد الذي هو حق الله على العبيد,tysyr alazyz alhmyd fy shrh ktab altwhyd aldhy hw hq allh aly alabyd,Muhammad ibn Abd al-Wahhab,محمد بن عبد الوهاب,aqeedah,2.7,,https://islamhouse.com/ar/books/292978/
,possible-dupe,شرح ثلاثة الأصول,shrh thlathh alaswl,Salih Al al-Shaykh,صالح بن عبد العزيز آل الشيخ,aqeedah,1,,https://islamhouse.com/ar/books/285590/
x,ok,جواب الاعتراضات المصرية على الفتيا الحموية,jwab alaatradat almsryh aly alftya alhmwyh,Ibn Taymiyyah,ابن تيمية,aqeedah,3,,https://islamhouse.com/ar/books/273064/
x,ok,شرح لمعة الاعتقاد,shrh lmah alaatqad,Salih al-Fawzan,صالح بن فوزان الفوزان,aqeedah,4.7,,https://islamhouse.com/ar/books/205556/
x,review,إعانة المستفيد بشرح كتاب التوحيد الذي هو حق الله على العبيد,aaanh almstfyd bshrh ktab altwhyd aldhy hw hq allh aly alabyd,Salih al-Fawzan,صالح بن فوزان الفوزان,aqeedah,7.3,,https://islamhouse.com/ar/books/205555/
x,ok,شرح العقيدة الطحاوية,shrh alaqydh althawyh,Abd al-Rahman al-Barrak,عبد الرحمن البراك,aqeedah,9.8,,https://islamhouse.com/ar/books/205049/
x,ok,شرح كتاب كشف الشبهات,shrh ktab kshf alshbhat,Muhammad ibn Ibrahim Al al-Shaykh,محمد بن إبراهيم آل الشيخ,aqeedah,5.4,,https://islamhouse.com/ar/books/203416/
x,ok,شرح العقيدة الواسطية,shrh alaqydh alwastyh,Muhammad ibn Ibrahim Al al-Shaykh,محمد بن إبراهيم آل الشيخ,aqeedah,16.8,,https://islamhouse.com/ar/books/203415/
x,ok,شرح العقيدة الواسطية في ضوء الكتاب والسنة,shrh alaqydh alwastyh fy dw alktab walsnh,Sa'id ibn Ali al-Qahtani,سعيد بن علي بن وهف القحطاني,aqeedah,0.8,,https://islamhouse.com/ar/books/193641/
x,ok,المسائل التي خالف فيها رسول الله صلى الله عليه وسلم أهل الجاهلية,almsayl alty khalf fyha rswl allh sly allh alyh wslm ahl aljahlyh,Muhammad ibn Abd al-Wahhab,محمد بن عبد الوهاب,aqeedah,4.1,,https://islamhouse.com/ar/books/144964/
x,review,القول السديد في مقاصد التوحيد [ شرح كتاب التوحيد ],alqwl alsdyd fy mqasd altwhyd shrh ktab altwhyd,Abd al-Rahman al-Sa'di,عبد الرحمن بن ناصر السعدي,aqeedah,5,,https://islamhouse.com/ar/books/116949/
x,ok,لمعة الاعتقاد الهادي إلى سبيل الرشاد,lmah alaatqad alhady aly sbyl alrshad,Ibn Qudamah al-Maqdisi,ابن قدامة المقدسي,aqeedah,0.2,,https://islamhouse.com/ar/books/111041/
x,ok,التنبيهات اللطيفة فيما احتوت عليه الواسطية من المباحث المنيفة,altnbyhat alltyfh fyma ahtwt alyh alwastyh mn almbahth almnyfh,Abd al-Rahman al-Sa'di,عبد الرحمن بن ناصر السعدي,aqeedah,5.2,,https://islamhouse.com/ar/books/107037/
x,ok,شرح العقيدة الطحاوية,shrh alaqydh althawyh,Ibn Abi al-Izz al-Hanafi,ابن أبي العز الحنفي,aqeedah,9.4,,https://islamhouse.com/ar/books/75916/
x,ok,فتح المجيد في شرح كتاب التوحيد الذي هو حق الله على العبيد,fth almjyd fy shrh ktab altwhyd aldhy hw hq allh aly alabyd,Abd al-Rahman ibn Hasan Al al-Shaykh,عبد الرحمن بن حسن آل الشيخ,aqeedah,12.2,,https://islamhouse.com/ar/books/2426/
x,review,التمهيد لشرح كتاب التوحيد الذي هو حق الله على العبيد,altmhyd lshrh ktab altwhyd aldhy hw hq allh aly alabyd,Salih Al al-Shaykh,صالح بن عبد العزيز آل الشيخ,aqeedah,11.5,,https://islamhouse.com/ar/books/2415/
x,ok,تيسير الوصول إلى ثلاثة الأصول,tysyr alwswl aly thlathh alaswl,Abd al-Muhsin al-Qasim,عبد المحسن القاسم,aqeedah,4.6,,https://islamhouse.com/ar/books/2395/
,possible-dupe,شرح ثلاثة الأصول,shrh thlathh alaswl,Abd al-Rahman al-Barrak,عبد الرحمن البراك,aqeedah,7.8,,https://islamhouse.com/ar/books/2394/
x,ok,حصول المأمول بشرح ثلاثة الأصول,hswl almamwl bshrh thlathh alaswl,Salih al-Fawzan,صالح بن فوزان الفوزان,aqeedah,2.5,,https://islamhouse.com/ar/books/2383/
,possible-dupe,شرح ثلاثة الأصول,shrh thlathh alaswl,Abd al-Aziz ibn Baz,عبد العزيز بن باز,aqeedah,2,,https://islamhouse.com/ar/books/2380/
x,ok,التعليقات المختصرة على متن الطحاوية,altalyqat almkhtsrh aly mtn althawyh,Salih al-Fawzan,صالح بن فوزان الفوزان,aqeedah,3.7,,https://islamhouse.com/ar/books/1906/
x,ok,العقيدة الطحاوية,alaqydh althawyh,al-Tahawi,الطحاوي,aqeedah,0.3,,https://islamhouse.com/ar/books/1899/
,blocklist,العقيدة الواسطية,alaqydh alwastyh,Ibn Taymiyyah,ابن تيمية,aqeedah,0.8,,https://islamhouse.com/ar/books/1880/
x,review,كشف الشبهات,kshf alshbhat,Muhammad ibn Abd al-Wahhab,محمد بن عبد الوهاب,aqeedah,17.1,,https://islamhouse.com/ar/books/1875/
x,review,عمدة الأحكام من كلام خير الأنام,amdh alahkam mn klam khyr alanam,Abd al-Ghani al-Maqdisi,عبد الغني المقدسي,hadith-studies,3,,https://islamhouse.com/ar/books/2832683/
x,review,الإفهام في شرح بلوغ المرام من أدلة الأحكام,alafham fy shrh blwgh almram mn adlh alahkam,Abd al-Aziz al-Rajihi,عبد العزيز الراجحي,hadith-studies,8.4,,https://islamhouse.com/ar/books/2830728/
x,ok,الزيادة الرجبية على الأربعين النووية,alzyadh alrjbyh aly alarbayn alnwwyh,Ibn Rajab al-Hanbali,ابن رجب الحنبلي,hadith-studies,1.1,,https://islamhouse.com/ar/books/2828647/
x,ok,الفوائد المستنبطة من الأربعين النووية وتتمتها الرجبية,alfwayd almstnbth mn alarbayn alnwwyh wttmtha alrjbyh,Abd al-Rahman al-Barrak,عبد الرحمن البراك,hadith-studies,0.9,,https://islamhouse.com/ar/books/2828519/
,review,بلوغ المرام من أدلة الأحكام,blwgh almram mn adlh alahkam,Ibn Hajar al-Asqalani,ابن حجر العسقلاني,hadith-studies,18.3,,https://islamhouse.com/ar/books/2827180/
x,ok,الإفهام في شرح عمدة الأحكام,alafham fy shrh amdh alahkam,Abd al-Aziz ibn Baz,عبد العزيز بن باز,hadith-studies,9,,https://islamhouse.com/ar/books/2803262/
x,ok,شرح عمدة الأحكام,shrh amdh alahkam,Sa'd al-Shithri,سعد الشثري,hadith-studies,12.5,,https://islamhouse.com/ar/books/388568/
x,ok,حاشية الشيخ ابن باز على بلوغ المرام,hashyh alshykh abn baz aly blwgh almram,Abd al-Aziz ibn Baz,عبد العزيز بن باز,hadith-studies,9.8,,https://islamhouse.com/ar/books/191807/
x,ok,شرح المقدمة الآجرومية,shrh almqdmh alajrwmyh,Abd al-Muhsin al-Qasim,عبد المحسن القاسم,learning-arabic,2.3,,https://islamhouse.com/ar/books/2828962/
,possible-dupe,شرح الورقات في أصول الفقه,shrh alwrqat fy aswl alfqh,Sa'd al-Shithri,سعد الشثري,islamic-jurisprudence,6.6,,https://islamhouse.com/ar/books/388584/
x,review,العمدة في الأحكام,alamdh fy alahkam,Abd al-Ghani al-Maqdisi,عبد الغني المقدسي,islamic-jurisprudence,18.6,,https://islamhouse.com/ar/books/2833499/
x,review,زاد المستقنع في اختصار المقنع,zad almstqna fy akhtsar almqna,al-Hajjawi,الحجاوي,islamic-jurisprudence,4.3,,https://islamhouse.com/ar/books/2832686/
x,ok,منهج السالكين وتوضيح الفقه في الدين,mnhj alsalkyn wtwdyh alfqh fy aldyn,Abd al-Rahman al-Sa'di,عبد الرحمن بن ناصر السعدي,islamic-jurisprudence,3.9,,https://islamhouse.com/ar/books/2829981/
x,ok,الأرجوزة الميئية في ذكر حال أشرف البرية,alarjwzh almyyyh fy dhkr hal ashrf albryh,Ibn Abi al-Izz al-Hanafi,ابن أبي العز الحنفي,islamic-history,0.5,,https://islamhouse.com/ar/books/2832284/
x,ok,أمالي فى السيرة النبوية,amaly fy alsyrh alnbwyh,Hafiz al-Hakami,حافظ بن أحمد الحكمي,islamic-history,3.6,,https://islamhouse.com/ar/books/474270/
x,review,مختصر سيرة الرسول صلى الله عليه وسلم,mkhtsr syrh alrswl sly allh alyh wslm,Muhammad ibn Abd al-Wahhab,محمد بن عبد الوهاب,islamic-history,5.8,,https://islamhouse.com/ar/books/264158/
,review,تهذيب السيرة النبوية,thdhyb alsyrh alnbwyh,al-Nawawi,النووي,islamic-history,2.1,,https://islamhouse.com/ar/books/207381/
x,ok,الفصول في اختصار سيرة الرسول صلى الله عليه وسلم,alfswl fy akhtsar syrh alrswl sly allh alyh wslm,Ibn Kathir,ابن كثير,islamic-history,12.2,,https://islamhouse.com/ar/books/2459/
,dupe-internal,حصن المسلم من أذكار الكتاب والسنة,hsn almslm mn adhkar alktab walsnh,Sa'id ibn Ali al-Qahtani,سعيد بن علي بن وهف القحطاني,hadith-studies,4.7,,https://islamhouse.com/ar/books/2842277/
x,ok,صفة العمرة,sfh alamrh,Abd al-Aziz ibn Baz,عبد العزيز بن باز,hajj-and-umrah,0.8,,https://islamhouse.com/ar/books/2842286/
x,ok,صفة الحج والعمرة والزيارة ويلية من جوامع الدعاء,sfh alhj walamrh walzyarh wylyh mn jwama aldaa,Muhammad ibn Salih al-Uthaymin,محمد بن صالح العثيمين,hajj-and-umrah,2.3,,https://islamhouse.com/ar/books/2842288/
x,ok,الوسائل المفيدة للحياة السعيدة,alwsayl almfydh llhyah alsaydh,Abd al-Rahman al-Sa'di,عبد الرحمن بن ناصر السعدي,quran-studies,1.4,,https://islamhouse.com/ar/books/2842283/
x,ok,الدعاء من الكتاب والسنة,aldaa mn alktab walsnh,Sa'id ibn Ali al-Qahtani,سعيد بن علي بن وهف القحطاني,hadith-studies,3.7,,https://islamhouse.com/ar/books/2842289/
,dupe-internal,كيفية صلاة النبي صلى الله عليه وسلم,kyfyh slah alnby sly allh alyh wslm,Abd al-Aziz ibn Baz,عبد العزيز بن باز,islamic-jurisprudence,1.1,,https://islamhouse.com/ar/books/2842307/
,possible-dupe,حراسة التوحيد,hrash altwhyd,Abd al-Aziz ibn Baz,عبد العزيز بن باز,aqeedah,1.7,,https://islamhouse.com/ar/books/2842308/
,dupe-internal,رسالتان موجزتان في الزكاة والصيام,rsaltan mwjztan fy alzkah walsyam,Abd al-Aziz ibn Baz,عبد العزيز بن باز,islamic-jurisprudence,1.2,,https://islamhouse.com/ar/books/2842366/
x,ok,الدعاء ويليه العلاج بالرقى من الكتاب والسنة,aldaa wylyh alalaj balrqy mn alktab walsnh,Sa'id ibn Ali al-Qahtani,سعيد بن علي بن وهف القحطاني,hadith-studies,1.7,,https://islamhouse.com/ar/books/2842390/
x,ok,أخطاء يرتكبها بعض الحجاج,akhta yrtkbha bad alhjaj,Muhammad ibn Salih al-Uthaymin,محمد بن صالح العثيمين,hajj-and-umrah,1.3,,https://islamhouse.com/ar/books/2842409/
x,ok,التحقيق والإيضاح لكثير من مسائل الحج والعمرة والزيارة على ضوء الكتاب والسنة,althqyq walaydah lkthyr mn msayl alhj walamrh walzyarh aly dw alktab walsnh,Abd al-Aziz ibn Baz,عبد العزيز بن باز,hadith-studies,1.6,,https://islamhouse.com/ar/books/2842391/
,possible-dupe,صفة الحج,sfh alhj,Muhammad ibn Salih al-Uthaymin,محمد بن صالح العثيمين,hajj-and-umrah,1.3,,https://islamhouse.com/ar/books/2842410/
,possible-dupe,العقيدة الصحيحة وما يضادها,alaqydh alshyhh wma ydadha,Abd al-Aziz ibn Baz,عبد العزيز بن باز,aqeedah,1.1,,https://islamhouse.com/ar/books/2842416/
,dupe-internal,التحذير من البدع,althdhyr mn albda,Abd al-Aziz ibn Baz,عبد العزيز بن باز,deviated-sects-and-bidah,1.1,,https://islamhouse.com/ar/books/2842417/
x,ok,حكم السحر والكهانة وما يتعلق بها,hkm alshr walkhanh wma ytalq bha,Abd al-Aziz ibn Baz,عبد العزيز بن باز,fatwaas-and-prohibited-disliked,1,,https://islamhouse.com/ar/books/2842418/
x,ok,التحذير من بناء المساجد على القبور,althdhyr mn bna almsajd aly alqbwr,Abd al-Aziz ibn Baz,عبد العزيز بن باز,fatwaas-and-prohibited-disliked,1,,https://islamhouse.com/ar/books/2842420/
x,ok,دفن الموتى في المساجد,dfn almwty fy almsajd,Abd al-Aziz ibn Baz,عبد العزيز بن باز,life-after-death,0.9,,https://islamhouse.com/ar/books/2842421/
x,ok,بيان كفر وضلال من زعم أنه يجوز لأحد الخروج من شريعة محمد صلى الله عليه وسلم,byan kfr wdlal mn zam anh yjwz lahd alkhrwj mn shryah mhmd sly allh alyh wslm,Abd al-Aziz ibn Baz,عبد العزيز بن باز,fatwaas-and-prohibited-disliked,1.1,,https://islamhouse.com/ar/books/2842422/
x,ok,تلخيص كتاب أحكام الأضحية والذكاة,tlkhys ktab ahkam aladhyh waldhkah,Muhammad ibn Salih al-Uthaymin,محمد بن صالح العثيمين,islamic-jurisprudence,1.4,,https://islamhouse.com/ar/books/2842428/
x,ok,إقامة البراهين على حكم من استغاث بغير الله,aqamh albrahyn aly hkm mn astghath bghyr allh,Abd al-Aziz ibn Baz,عبد العزيز بن باز,fatwaas-and-prohibited-disliked,1.3,,https://islamhouse.com/ar/books/2842445/
,dupe-internal,الدروس المهمة لعامة الأمة,aldrws almhmh laamh alamh,Abd al-Aziz ibn Baz,عبد العزيز بن باز,fatwaas-and-prohibited-disliked,1.3,,https://islamhouse.com/ar/books/2842429/
x,ok,من الأحكام الفقهية في الطهارة والصلاة والجنائز,mn alahkam alfqhyh fy altharh walslah waljnayz,Muhammad ibn Salih al-Uthaymin,محمد بن صالح العثيمين,islamic-jurisprudence,1.6,,https://islamhouse.com/ar/books/2842444/
x,ok,المنهج لمريد العمرة والحج,almnhj lmryd alamrh walhj,Muhammad ibn Salih al-Uthaymin,محمد بن صالح العثيمين,hajj-and-umrah,1.5,,https://islamhouse.com/ar/books/2842447/
x,ok,رسالة في الدماء الطبيعية للنساء,rsalh fy aldma altbyayh llnsa,Muhammad ibn Salih al-Uthaymin,محمد بن صالح العثيمين,guidance-for-sisters,1,,https://islamhouse.com/ar/books/2842522/
x,ok,الصيام ومجموعة أسئلة في أحكامه,alsyam wmjmwah asylh fy ahkamh,Muhammad ibn Salih al-Uthaymin,محمد بن صالح العثيمين,islamic-jurisprudence,1.7,,https://islamhouse.com/ar/books/2842530/
x,ok,نبذة في العقيدة الإسلامية [ شرح أصول الإيمان ],nbdhh fy alaqydh alaslamyh shrh aswl alayman,Muhammad ibn Salih al-Uthaymin,محمد بن صالح العثيمين,aqeedah,1.1,,https://islamhouse.com/ar/books/2842559/
,dupe-internal,ثلاثة الأصول وأدلتها,thlathh alaswl wadltha,Muhammad ibn Abd al-Wahhab,محمد بن عبد الوهاب,aqeedah,1.2,,https://islamhouse.com/ar/books/2842662/
x,ok,عشر قواعد في تزكية النفس,ashr qwaad fy tzkyh alnfs,Abd al-Razzaq al-Badr,عبد الرزاق بن عبد المحسن البدر,spiritual-healing,1.6,,https://islamhouse.com/ar/books/2827127/
x,review,المدينة المنورة : فضائلها - المسجد النبوي - الحجرة النبوية,almdynh almnwrh fdaylha almsjd alnbwy alhjrh alnbwyh,Abd al-Muhsin al-Qasim,عبد المحسن القاسم,hajj-and-umrah,14.3,,https://islamhouse.com/ar/books/2826977/
x,ok,صلاة الجمعة في ضوء الكتاب والسنة,slah aljmah fy dw alktab walsnh,Sa'id ibn Ali al-Qahtani,سعيد بن علي بن وهف القحطاني,hadith-studies,1,,https://islamhouse.com/ar/books/58442/
x,ok,أحكام التعامل مع غير المسلمين,ahkam altaaml ma ghyr almslmyn,Salih al-Fawzan,صالح بن فوزان الفوزان,aqeedah,0.3,,https://islamhouse.com/ar/books/2826708/
x,ok,خاتم النبيين,khatm alnbyyn,Abd al-Aziz al-Rajihi,عبد العزيز الراجحي,aqeedah,10.7,,https://islamhouse.com/ar/books/409659/
x,ok,العلو للعلي العظيم وإيضاح صحيح الأخبار من سقيمها,alalw llaly alazym waydah shyh alakhbar mn sqymha,al-Dhahabi,الذهبي,biographies,23.9,,https://islamhouse.com/ar/books/2827342/
x,ok,تنزيه الدين وحملته ورجاله مما افتراه القصيمي في أغلاله,tnzyh aldyn whmlth wrjalh mma aftrah alqsymy fy aghlalh,Abd al-Rahman al-Sa'di,عبد الرحمن بن ناصر السعدي,quran-studies,1.7,,https://islamhouse.com/ar/books/2830485/
x,ok,رسالة في النزول والمعية وإثبات الصفات,rsalh fy alnzwl walmayh wathbat alsfat,Ibn Taymiyyah,ابن تيمية,aqeedah,1.1,,https://islamhouse.com/ar/books/2827717/
x,ok,قاعدة في الأموال السلطانية,qaadh fy alamwal alsltanyh,Ibn Taymiyyah,ابن تيمية,aqeedah,0.6,,https://islamhouse.com/ar/books/2827680/
x,ok,قاعدة جليلة في التوسل والوسيلة,qaadh jlylh fy altwsl walwsylh,Ibn Taymiyyah,ابن تيمية,aqeedah,4.9,,https://islamhouse.com/ar/books/2827674/
x,ok,تفسير آيات أشكلت على كثير من العلماء حتى لا يوجد في طائفة من كتب التفسير فيها القول الصواب بل لا يوجد فيها إلا ما هو خطأ,tfsyr ayat ashklt aly kthyr mn alalma hty la ywjd fy tayfh mn ktb altfsyr fyha alqwl alswab bl la ywjd fyha ala ma hw khta,Ibn Taymiyyah,ابن تيمية,quran-studies,10.5,,https://islamhouse.com/ar/books/2827672/
x,ok,الإخنائية,alakhnayyh,Ibn Taymiyyah,ابن تيمية,aqeedah,7.8,,https://islamhouse.com/ar/books/2827670/
x,review,المستدرك على مجموع فتاوى شيخ الإسلام ابن تيمية,almstdrk aly mjmwa ftawy shykh alaslam abn tymyh,Ibn Taymiyyah,ابن تيمية,fatwaas-and-prohibited-disliked,5,,https://islamhouse.com/ar/books/2827562/
x,ok,المسودة في أصول الفقه,almswdh fy aswl alfqh,Ibn Taymiyyah,ابن تيمية,islamic-jurisprudence,15.5,,https://islamhouse.com/ar/books/2827557/
x,review,درء تعارض العقل والنقل,dr taard alaql walnql,Ibn Taymiyyah,ابن تيمية,aqeedah,8.8,,https://islamhouse.com/ar/books/2827553/
x,ok,قاعدة في المحبة,qaadh fy almhbh,Ibn Taymiyyah,ابن تيمية,aqeedah,3.4,,https://islamhouse.com/ar/books/2827539/
x,ok,بغية المرتاد في الرد على المتفلسفة والقرامطة والباطنية أهل الإلحاد من القائلين بالحلول والاتحاد,bghyh almrtad fy alrd aly almtflsfh walqramth walbatnyh ahl alalhad mn alqaylyn balhlwl walathad,Ibn Taymiyyah,ابن تيمية,deviated-sects-and-bidah,9.4,,https://islamhouse.com/ar/books/2827536/
x,review,بيان تلبيس الجهمية في تأسيس بدعهم الكلامية,byan tlbys aljhmyh fy tasys bdahm alklamyh,Ibn Taymiyyah,ابن تيمية,deviated-sects-and-bidah,11.9,,https://islamhouse.com/ar/books/2827535/
x,review,منهاج السنة النبوية في نقض كلام الشيعة والقدرية,mnhaj alsnh alnbwyh fy nqd klam alshyah walqdryh,Ibn Taymiyyah,ابن تيمية,hadith-studies,11.6,,https://islamhouse.com/ar/books/2827509/
x,review,جامع المسائل لشيخ الإسلام ابن تيمية,jama almsayl lshykh alaslam abn tymyh,Ibn Taymiyyah,ابن تيمية,aqeedah,7.1,,https://islamhouse.com/ar/books/2827502/
x,ok,منسك شيخ الإسلام ابن تيمية,mnsk shykh alaslam abn tymyh,Ibn Taymiyyah,ابن تيمية,aqeedah,1.4,,https://islamhouse.com/ar/books/2827470/
x,ok,الفرقان بين أولياء الرحمن وأولياء الشيطان,alfrqan byn awlya alrhmn wawlya alshytan,Ibn Taymiyyah,ابن تيمية,deviated-sects-and-bidah,6.3,,https://islamhouse.com/ar/books/2827418/
x,ok,الاستغاثة في الرد على البكري,alastghathh fy alrd aly albkry,Ibn Taymiyyah,ابن تيمية,deviated-sects-and-bidah,9.8,,https://islamhouse.com/ar/books/2827377/
x,review,العبودية,alabwdyh,Ibn Taymiyyah,ابن تيمية,aqeedah,3.2,,https://islamhouse.com/ar/books/2827376/
x,ok,الانتصار لأهل الأثر المطبوع باسم: نقض المنطق,alantsar lahl alathr almtbwa basm nqd almntq,Ibn Taymiyyah,ابن تيمية,aqeedah,5.9,,https://islamhouse.com/ar/books/2827374/
x,review,الجواب الصحيح لمن بدل دين المسيح,aljwab alshyh lmn bdl dyn almsyh,Ibn Taymiyyah,ابن تيمية,aqeedah,7.9,,https://islamhouse.com/ar/books/2827373/
x,ok,الجواب الباهر في زوار المقابر,aljwab albahr fy zwar almqabr,Ibn Taymiyyah,ابن تيمية,aqeedah,7.1,,https://islamhouse.com/ar/books/2827371/
x,ok,مثير الغرام إلى طيبة والبلد الحرام,mthyr alghram aly tybh walbld alhram,al-San'ani,الصنعاني,islamic-jurisprudence,1.1,,https://islamhouse.com/ar/books/2827469/
x,ok,أذكار طرفي النهار,adhkar trfy alnhar,Bakr Abu Zayd,بكر بن عبد الله أبو زيد,spiritual-healing,1,,https://islamhouse.com/ar/books/2461/
x,ok,مجموع الأذكار,mjmwa aladhkar,Sa'id ibn Ali al-Qahtani,سعيد بن علي بن وهف القحطاني,spiritual-healing,35.6,,https://islamhouse.com/ar/books/2827719/
x,ok,مجموع مقالات ابن وهف في مناسبات متعددة,mjmwa mqalat abn whf fy mnasbat mtaddh,Sa'id ibn Ali al-Qahtani,سعيد بن علي بن وهف القحطاني,spiritual-healing,8.3,,https://islamhouse.com/ar/books/2827697/
x,ok,ورد الصباح والمساء من الكتاب والسنة,wrd alsbah walmsa mn alktab walsnh,Sa'id ibn Ali al-Qahtani,سعيد بن علي بن وهف القحطاني,hadith-studies,0.3,,https://islamhouse.com/ar/books/269032/
x,ok,قضية التكفير بين أهل السنة وفرق الضلال,qdyh altkfyr byn ahl alsnh wfrq aldlal,Sa'id ibn Ali al-Qahtani,سعيد بن علي بن وهف القحطاني,hadith-studies,1.5,,https://islamhouse.com/ar/books/2046/
x,ok,الآداب والأحكام المتعلقة بدخول الحمام,aladab walahkam almtalqh bdkhwl alhmam,Ibn Kathir,ابن كثير,islamic-etiquette,1.4,,https://islamhouse.com/ar/books/2827247/
x,review,البداية والنهاية,albdayh walnhayh,Ibn Kathir,ابن كثير,quran-studies,14.9,,https://islamhouse.com/ar/books/2826638/
x,ok,مسؤولية الكلمة,mswwlyh alklmh,Abd al-Rahman al-Barrak,عبد الرحمن البراك,aqeedah,1.5,,https://islamhouse.com/ar/books/2828514/
x,ok,شرح منظومة في علامات صحة القلب,shrh mnzwmh fy alamat shh alqlb,Abd al-Razzaq al-Badr,عبد الرزاق بن عبد المحسن البدر,spiritual-healing,2.6,,https://islamhouse.com/ar/books/2827606/
x,ok,مقالات رمضانية,mqalat rmdanyh,Abd al-Razzaq al-Badr,عبد الرزاق بن عبد المحسن البدر,spiritual-healing,4.1,,https://islamhouse.com/ar/books/2827181/
x,ok,شرح الأرجوزة الميئية في ذكر حال أشرف البرية,shrh alarjwzh almyyyh fy dhkr hal ashrf albryh,Abd al-Razzaq al-Badr,عبد الرزاق بن عبد المحسن البدر,spiritual-healing,2,,https://islamhouse.com/ar/books/344685/
x,ok,الممتاز من رسائل الإمام ابن باز,almmtaz mn rsayl alamam abn baz,Abd al-Aziz ibn Baz,عبد العزيز بن باز,fatwaas-and-prohibited-disliked,15.5,,https://islamhouse.com/ar/books/2828162/
x,ok,الطراز للأحاديث التي حكم عليها الشيخ ابن باز,altraz llahadyth alty hkm alyha alshykh abn baz,Abd al-Aziz ibn Baz,عبد العزيز بن باز,fatwaas-and-prohibited-disliked,13.6,,https://islamhouse.com/ar/books/2828157/
x,ok,التعليقات البازية على زاد المعاد,altalyqat albazyh aly zad almaad,Abd al-Aziz ibn Baz,عبد العزيز بن باز,fatwaas-and-prohibited-disliked,17.9,,https://islamhouse.com/ar/books/2828089/
,dupe-internal,فتاوى نور على الدرب للشيخ ابن باز,ftawy nwr aly aldrb llshykh abn baz,Abd al-Aziz ibn Baz,عبد العزيز بن باز,fatwaas-and-prohibited-disliked,8.7,,https://islamhouse.com/ar/books/2827336/
x,ok,فتاوى منتقاة لسماحة الشيخ عبد العزيز بن باز,ftawy mntqah lsmahh alshykh abd alazyz bn baz,Abd al-Aziz ibn Baz,عبد العزيز بن باز,fatwaas-and-prohibited-disliked,14.6,,https://islamhouse.com/ar/books/2826990/
,possible-dupe,أقوال الشيخ عبد العزيز بن باز في العذر بالجهل,aqwal alshykh abd alazyz bn baz fy aladhr baljhl,Abd al-Aziz ibn Baz,عبد العزيز بن باز,fatwaas-and-prohibited-disliked,1.3,,https://islamhouse.com/ar/books/2826045/
x,ok,المثل العليا في الإسلام,almthl alalya fy alaslam,Muhammad al-Amin al-Shinqiti,محمد الأمين الشنقيطي,quran-studies,0.4,,https://islamhouse.com/ar/books/2831705/
x,ok,رحلة الحج إلى بيت الله الحرام,rhlh alhj aly byt allh alhram,Muhammad al-Amin al-Shinqiti,محمد الأمين الشنقيطي,hajj-and-umrah,4.4,,https://islamhouse.com/ar/books/2827215/
,possible-dupe,أضواء البيان في إيضاح القرآن بالقرآن,adwa albyan fy aydah alqran balqran,Muhammad al-Amin al-Shinqiti,محمد الأمين الشنقيطي,quran-studies,13.7,,https://islamhouse.com/ar/books/2827013/
,possible-dupe,كتاب الصلاة,ktab alslah,Ibn al-Qayyim,ابن قيم الجوزية,islamic-jurisprudence,8.4,,https://islamhouse.com/ar/books/2841151/
x,ok,الكلام على مسألة السماع,alklam aly msalh alsmaa,Ibn al-Qayyim,ابن قيم الجوزية,spiritual-healing,10.4,,https://islamhouse.com/ar/books/2841141/
x,ok,حادي الأرواح إلى بلاد الأفراح,hady alarwah aly blad alafrah,Ibn al-Qayyim,ابن قيم الجوزية,spiritual-healing,19.3,,https://islamhouse.com/ar/books/2827807/
x,ok,الوابل الصيب ورافع الكلم الطيب,alwabl alsyb wrafa alklm altyb,Ibn al-Qayyim,ابن قيم الجوزية,spiritual-healing,7.1,,https://islamhouse.com/ar/books/2827806/
,dupe-internal,فتيا في صيغة الحمد,ftya fy syghh alhmd,Ibn al-Qayyim,ابن قيم الجوزية,spiritual-healing,0.9,,https://islamhouse.com/ar/books/2827800/
,dupe-internal,الكلام على مسألة السماع,alklam aly msalh alsmaa,Ibn al-Qayyim,ابن قيم الجوزية,spiritual-healing,6.9,,https://islamhouse.com/ar/books/2827760/
x,ok,روضة المحبين ونزهة المشتاقين,rwdh almhbyn wnzhh almshtaqyn,Ibn al-Qayyim,ابن قيم الجوزية,spiritual-healing,9.2,,https://islamhouse.com/ar/books/2827759/
x,ok,إغاثة اللهفان في مصايد الشيطان,aghathh allhfan fy msayd alshytan,Ibn al-Qayyim,ابن قيم الجوزية,spiritual-healing,18.9,,https://islamhouse.com/ar/books/2827743/
,review,القول المسدد في الذب عن المسند لأحمد,alqwl almsdd fy aldhb an almsnd lahmd,Ibn Hajar al-Asqalani,ابن حجر العسقلاني,hadith-studies,3,,https://islamhouse.com/ar/books/2827169/
x,ok,الصحيح المسند من أسباب النزول,alshyh almsnd mn asbab alnzwl,Muqbil ibn Hadi al-Wadi'i,مقبل بن هادي الوادعي,hadith-studies,5.9,,https://islamhouse.com/ar/books/2827343/
x,ok,أسباب الانحراف عن الفطرة,asbab alanhraf an alftrh,Sa'id ibn Ali al-Qahtani,سعيد بن علي بن وهف القحطاني,spiritual-healing,1.7,,https://islamhouse.com/ar/books/2829518/
x,ok,حقيقة الشياطين وصفاتهم في ضوء الكتاب والسنة,hqyqh alshyatyn wsfathm fy dw alktab walsnh,Sa'id ibn Ali al-Qahtani,سعيد بن علي بن وهف القحطاني,hadith-studies,2.1,,https://islamhouse.com/ar/books/2829502/
